"outcome_concept_id","or","ci95l","ci95u","p","p_adj"
3009744,NA,NA,NA,NA,NA
3017732,NA,NA,NA,NA,NA
3000905,NA,NA,NA,NA,NA
3024386,NA,NA,NA,NA,NA
3039417,NA,NA,NA,NA,NA
3018010,NA,NA,NA,NA,NA
3010568,NA,NA,NA,NA,NA
40766836,NA,NA,NA,NA,NA
4029488,NA,NA,NA,NA,NA
3964927,NA,NA,NA,NA,NA
3026710,NA,NA,NA,NA,NA
46235079,NA,NA,NA,NA,NA
3001604,NA,NA,NA,NA,NA
3022096,NA,NA,NA,NA,NA
3020509,NA,NA,NA,NA,NA
46235078,NA,NA,NA,NA,NA
3037511,NA,NA,NA,NA,NA
3010457,NA,NA,NA,NA,NA
3007242,NA,NA,NA,NA,NA
3002888,NA,NA,NA,NA,NA
3002590,NA,NA,NA,NA,NA
3020416,NA,NA,NA,NA,NA
3014576,NA,NA,NA,NA,NA
43534077,NA,NA,NA,NA,NA
3024561,NA,NA,NA,NA,NA
36717642,NA,NA,NA,NA,NA
4228222,NA,NA,NA,NA,NA
3003805,NA,NA,NA,NA,NA
3035995,NA,NA,NA,NA,NA
3009596,NA,NA,NA,NA,NA
