concept_id,concept_name,domain,occurrence_count,patient_count,avg_days_to_onset
37116804,Improved dentition,Condition,88,23,171.0
194574,Chronic type B viral hepatitis,Condition,22,17,220.0
4064161,Cirrhosis of liver,Condition,33,16,203.1
4225273,Chronic gastritis,Condition,17,16,192.9
196951,Chronic congestive splenomegaly,Condition,32,15,214.8
4029488,Hepatic encephalopathy,Condition,31,13,178.6
24966,Esophageal varices,Condition,36,12,192.5
4296301,Hepatic congestion,Condition,37,11,167.2
4228222,Hypoproteinemia,Condition,17,11,164.9
196456,Gallstone,Condition,14,11,200.7
4225905,Liver cyst,Condition,13,11,263.7
36717642,Gastric varices without bleeding,Condition,12,11,201.1
619607,Esophageal varices due to cirrhosis of liver,Condition,17,10,199.4
201340,Gastritis,Condition,52,9,159.3
201519,Primary malignant neoplasm of liver,Condition,29,9,168.0
3013721,Aspartate aminotransferase [Enzymatic activity/volume] in Serum or Plasma,Measurement,2943,230,161.6
3028638,Bilirubin.direct [Moles/volume] in Serum or Plasma,Measurement,2879,228,161.6
3007242,Bilirubin.indirect [Moles/volume] in Serum or Plasma,Measurement,2879,228,161.6
3024128,Bilirubin.total [Mass/volume] in Serum or Plasma,Measurement,2879,228,161.6
3010568,Globulin [Mass/volume] in Plasma,Measurement,2779,224,163.0
3020509,Albumin/Globulin [Mass Ratio] in Serum or Plasma,Measurement,2775,224,163.0
3035995,Alkaline phosphatase [Enzymatic activity/volume] in Serum or Plasma,Measurement,2773,224,163.1
3043688,Hemoglobin [Mass/volume] in Body fluid,Measurement,3069,223,156.6
3020416,Erythrocytes [#/volume] in Blood by Automated count,Measurement,3017,222,157.7
3016682,Platelets [#/volume] in Plasma by Automated count,Measurement,3011,222,157.7
3009744,MCHC [Mass/volume] by Automated count,Measurement,3011,222,157.7
3037511,Lymphocytes/100 leukocytes in Blood by Automated count,Measurement,3011,222,157.7
3010457,Eosinophils/100 leukocytes in Blood by Automated count,Measurement,3011,222,157.7
3001604,Monocytes [#/volume] in Blood,Measurement,3011,222,157.7
3024386,Platelet mean volume [Entitic volume] in Blood by Rees-Ecker,Measurement,3011,222,157.7
3039312,Plateletcrit [Volume Fraction] in Blood,Measurement,3011,222,157.7
3964927,Monocytes/100 leukocytes in Blood by Flow cytometry (FC),Measurement,3011,222,157.7
3022096,Basophils/100 leukocytes in Blood,Measurement,3011,222,157.7
3026710,Lymphocytes [#/volume] in Blood by Flow cytometry (FC),Measurement,3011,222,157.7
3027651,Basophils [#/volume] in Blood by Manual count,Measurement,3011,222,157.7
3002888,Erythrocyte distribution width [Entitic volume],Measurement,3011,222,157.7
3009932,Eosinophils [#/volume] in Blood by Manual count,Measurement,3011,222,157.7
3039417,Platelet distribution width [Ratio] in Blood,Measurement,3011,222,157.7
3017732,Neutrophils [#/volume] in Blood,Measurement,3011,222,157.7
3002590,Prealbumin [Mass/volume] in Serum or Plasma by Electrophoresis,Measurement,2663,221,161.7
3003805,Alpha fucosidase [Enzymatic activity/volume] in Serum or Plasma,Measurement,2661,221,161.8
3010866,Cholinesterase [Enzymatic activity/volume] in Serum or Plasma,Measurement,2661,221,161.8
3028110,Bile acid [Moles/volume] in Serum or Plasma,Measurement,2661,221,161.8
3052649,Adenosine deaminase [Enzymatic activity/volume] in Serum or Plasma,Measurement,2661,221,161.8
40766836,Hemoglobins that can be presumptively identified based on available controls in DBS,Measurement,2863,217,156.4
3016723,Creatinine [Mass/volume] in Serum or Plasma,Measurement,2371,208,166.6
46235079,Carbon dioxide  total [Moles/volume] in Serum  Plasma or Blood,Measurement,2222,206,164.7
3030366,Cystatin C [Mass/volume] in Serum or Plasma,Measurement,2187,205,163.9
3018010,Neutrophils/100 leukocytes in Blood,Measurement,2594,204,155.3
3001127,Alpha 1 antitrypsin [Mass/volume] in Serum or Plasma by Nephelometry,Measurement,2249,202,173.3
