"outcome_concept_id","outcome_name","outcome_domain","post_events","pre_events","n_exposures","irr","ci95l","ci95u","p","reason_code","p_adj","min_cell_count"
4064161,"Cirrhosis of liver","Condition",154,162,289,0.948019968967146,0.755379684918989,1.18938482743965,0.652917798683416,"OK",1,5
194574,"Chronic type B viral hepatitis","Condition",135,152,289,0.885731233822261,0.697223841399079,1.12421447923309,0.315939214853205,"OK",1,5
37116804,"Improved dentition","Condition",131,175,289,0.746526151444184,0.59065069246372,0.941619396940299,0.0118163607702046,"OK",1,5
201340,"Gastritis","Condition",100,149,289,0.669307221183115,0.514217276003391,0.868101535853545,0.001860905008794,"OK",0.468948062216087,5
196951,"Chronic congestive splenomegaly","Condition",64,75,289,0.851001821493625,0.599956270979681,1.20401661871399,0.35198657464258,"OK",1,5
24966,"Esophageal varices","Condition",60,78,289,0.76712904581757,0.538574133071007,1.08799709684826,0.126052776672081,"OK",1,5
4225273,"Chronic gastritis","Condition",57,82,289,0.693222710915634,0.485519310471611,0.983888109708293,0.0340138240686416,"OK",1,5
4296301,"Hepatic congestion","Condition",56,56,289,0.997267759562841,0.67612273272388,1.47095037058848,1,"OK",1,5
201519,"Primary malignant neoplasm of liver","Condition",49,51,289,0.958159219972142,0.633971696631294,1.4467983402057,0.842183088931998,"OK",1,5
3009744,"MCHC [Mass/volume] by Automated count","Measurement",38,25,289,1.51584699453552,0.891521785290848,2.62006952577009,0.129940533432025,"OK",1,5
3017732,"Neutrophils [#/volume] in Blood","Measurement",36,33,289,1.08792846497765,0.659336824996276,1.80049514335186,0.809961144992782,"OK",1,5
196456,"Gallstone","Condition",35,42,289,0.831056466302368,0.515115248159616,1.3333147880093,0.427606322809318,"OK",1,5
3000905,"Leukocytes [#/volume] in Blood by Automated count","Measurement",32,31,289,1.02943768729068,0.608281053471496,1.74429127431388,1,"OK",1,5
3024386,"Platelet mean volume [Entitic volume] in Blood by Rees-Ecker","Measurement",31,25,289,1.23661202185792,0.706638188371315,2.18445831715986,0.50442619931385,"OK",1,5
3039417,"Platelet distribution width [Ratio] in Blood","Measurement",28,27,289,1.03420360250961,0.58747120461881,1.82356855268696,1,"OK",1,5
3018010,"Neutrophils/100 leukocytes in Blood","Measurement",28,23,289,1.21406509859824,0.674370230121317,2.20654774700439,0.575867664731938,"OK",1,5
3010568,"Globulin [Mass/volume] in Plasma","Measurement",28,24,289,1.16347905282331,0.650286910729264,2.09685521240391,0.677823521681824,"OK",1,5
40766836,"Hemoglobins that can be presumptively identified based on available controls in DBS","Measurement",27,25,289,1.07704918032787,0.601721063624291,1.9348451669725,0.889889322984023,"OK",1,5
4029488,"Hepatic encephalopathy","Condition",26,17,289,1.52523304403729,0.796700411815887,2.99551195379696,0.222071457921074,"OK",1,5
3964927,"Monocytes/100 leukocytes in Blood by Flow cytometry (FC)","Measurement",26,19,289,1.36468219729652,0.726627524233936,2.60861312178128,0.371318266148168,"OK",1,5
3026710,"Lymphocytes [#/volume] in Blood by Flow cytometry (FC)","Measurement",25,14,289,1.78083528493365,0.890764300132281,3.70600047579526,0.108141858468597,"OK",1,5
46235079,"Carbon dioxide, total [Moles/volume] in Serum, Plasma or Blood","Measurement",25,19,289,1.31219442047742,0.693983217779102,2.52050939298408,0.451399565407159,"OK",1,5
4225905,"Liver cyst","Condition",25,32,289,0.77911543715847,0.442654248108765,1.35688081610075,0.357508821076746,"OK",1,5
3039312,"Plateletcrit [Volume Fraction] in Blood","Measurement",24,27,289,0.886460230722526,0.489638429185556,1.59581801145565,0.677404530236758,"OK",1,5
3001604,"Monocytes [#/volume] in Blood","Measurement",23,15,289,1.52914389799636,0.764258488121322,3.15130954375006,0.255892037505161,"OK",1,5
3022096,"Basophils/100 leukocytes in Blood","Measurement",23,15,289,1.52914389799636,0.764258488121322,3.15130954375006,0.255892037505161,"OK",1,5
3020509,"Albumin/Globulin [Mass Ratio] in Serum or Plasma","Measurement",23,21,289,1.09224564142597,0.577939707948341,2.07489516241756,0.880400745367999,"OK",1,5
46235078,"Potassium [Moles/volume] in Serum, Plasma or Blood","Measurement",23,21,289,1.09224564142597,0.577939707948341,2.07489516241756,0.880400745367999,"OK",1,5
3037511,"Lymphocytes/100 leukocytes in Blood by Automated count","Measurement",22,19,289,1.15473109002013,0.596444193689539,2.25582985445267,0.755237818614477,"OK",1,5
3016682,"Platelets [#/volume] in Plasma by Automated count","Measurement",22,22,289,0.997267759562842,0.526701368211238,1.8882483401194,1,"OK",1,5
3010457,"Eosinophils/100 leukocytes in Blood by Automated count","Measurement",22,18,289,1.21888281724347,0.624060115140837,2.41116514429992,0.635840738821834,"OK",1,5
3023599,"MCV [Entitic volume] by Automated count","Measurement",22,23,289,0.953908291755761,0.506983410304704,1.79041794635769,0.882840675442274,"OK",1,5
3025839,"Triglyceride [Moles/volume] in Serum or Plasma","Measurement",20,20,289,0.997267759562842,0.509219545168027,1.9530730776159,1,"OK",1,5
3043688,"Hemoglobin [Mass/volume] in Body fluid","Measurement",20,32,289,0.623292349726776,0.337845869684141,1.12374447485043,0.0979274130968804,"OK",1,5
3007242,"Bilirubin.indirect [Moles/volume] in Serum or Plasma","Measurement",20,14,289,1.42466822794692,0.6843787102958,3.04892360006485,0.391543467678665,"OK",1,5
3002888,"Erythrocyte distribution width [Entitic volume]","Measurement",20,18,289,1.10807528840316,0.556552780300348,2.22172596455544,0.871419251329823,"OK",1,5
3002590,"Prealbumin [Mass/volume] in Serum or Plasma by Electrophoresis","Measurement",19,16,289,1.18425546448087,0.576846958189054,2.46220691628023,0.735887203403407,"OK",1,5
3020416,"Erythrocytes [#/volume] in Blood by Automated count","Measurement",19,15,289,1.2632058287796,0.608270407108114,2.67117821809216,0.607602884779836,"OK",1,5
3014576,"Chloride [Moles/volume] in Serum or Plasma","Measurement",19,15,289,1.2632058287796,0.608270407108114,2.67117821809216,0.607602884779836,"OK",1,5
3009542,"Hematocrit [Volume Fraction] of Blood","Measurement",18,19,289,0.944779982743745,0.467609478725294,1.90179326119906,0.871243113317945,"OK",1,5
43534077,"Urea [Moles/volume] in Blood","Measurement",18,10,289,1.79508196721311,0.785637965226045,4.35269001319302,0.184944869420647,"OK",1,5
3024561,"Albumin [Mass/volume] in Serum or Plasma","Measurement",18,13,289,1.38083228247163,0.639634753171375,3.06532067959791,0.473142600759883,"OK",1,5
36717642,"Gastric varices without bleeding","Condition",18,11,289,1.63189269746647,0.729915778438545,3.82350871381508,0.26494392087205,"OK",1,5
4228222,"Hypoproteinemia","Condition",17,8,289,2.11919398907104,0.866781627562961,5.67362384452778,0.107760348050422,"OK",1,5
3020630,"Protein [Mass/volume] in Serum or Plasma","Measurement",17,17,289,0.997267759562841,0.478568272926472,2.07816322252581,1,"OK",1,5
3003805,"Alpha fucosidase [Enzymatic activity/volume] in Serum or Plasma","Measurement",17,11,289,1.54123199205166,0.680979298993391,3.64026311488627,0.344941175865851,"OK",1,5
3035995,"Alkaline phosphatase [Enzymatic activity/volume] in Serum or Plasma","Measurement",16,14,289,1.13973458235753,0.521233517508504,2.52144834505456,0.855539607101155,"OK",1,5
3009596,"Cholesterol in VLDL [Mass/volume] in Serum or Plasma by calculation","Measurement",16,15,289,1.06375227686703,0.492539020024617,2.30991892081871,1,"OK",1,5
3052649,"Adenosine deaminase [Enzymatic activity/volume] in Serum or Plasma","Measurement",15,13,289,1.15069356872636,0.510771505985898,2.62772943604489,0.850557934577581,"OK",1,5
3001127,"Alpha 1 antitrypsin [Mass/volume] in Serum or Plasma by Nephelometry","Measurement",15,17,289,0.879942140790743,0.409196447255327,1.87308947636489,0.727979755828055,"OK",1,5
3024128,"Bilirubin.total [Mass/volume] in Serum or Plasma","Measurement",15,11,289,1.35991058122206,0.583640204307318,3.27328418679755,0.557206789173963,"OK",1,5
3028110,"Bile acid [Moles/volume] in Serum or Plasma","Measurement",15,11,289,1.35991058122206,0.583640204307318,3.27328418679755,0.557206789173963,"OK",1,5
619607,"Esophageal varices due to cirrhosis of liver","Condition",15,18,289,0.831056466302368,0.389880475292049,1.74619810548955,0.607106702945423,"OK",1,5
3010866,"Cholinesterase [Enzymatic activity/volume] in Serum or Plasma","Measurement",14,13,289,1.0739806641446,0.468217468904953,2.48150188915795,1,"OK",1,5
3014791,"Apolipoprotein B [Mass/volume] in Serum or Plasma","Measurement",14,10,289,1.39617486338798,0.576778953280438,3.5132782293063,0.541265377431171,"OK",1,5
3028437,"Cholesterol in LDL [Mass/volume] in Serum or Plasma","Measurement",14,17,289,0.821279331404693,0.374801197434277,1.77028876764406,0.596118528366121,"OK",1,5
37172783,"Alpha-fetoprotein mass concentration in plasma","Measurement",14,9,289,1.55130540376442,0.625411253323372,4.06304204045483,0.404883103286205,"OK",1,5
3028638,"Bilirubin.direct [Moles/volume] in Serum or Plasma","Measurement",13,8,289,1.62056010928962,0.622605336220624,4.5103193987663,0.383319760317369,"OK",1,5
3006742,"Cancer Ag 15-3 [Presence] in Serum or Plasma","Measurement",13,15,289,0.864298724954463,0.378479979948171,1.94713873543868,0.710696538554846,"OK",1,5
3013721,"Aspartate aminotransferase [Enzymatic activity/volume] in Serum or Plasma","Measurement",13,17,289,0.762616522018643,0.340641900554344,1.66727539181364,0.472531464658901,"OK",1,5
3052964,"Fibrinogen [Mass/volume] in Platelet poor plasma by Coagulation.derived","Measurement",12,9,289,1.32969034608379,0.514216471932292,3.57322777277131,0.663630104685476,"OK",1,5
3005353,"Prothrombin activity actual/normal in Platelet poor plasma by Coagulation assay","Measurement",12,10,289,1.19672131147541,0.473855937293156,3.09221033816345,0.831815367083049,"OK",1,5
3005162,"Calcium [Moles/volume] in Blood","Measurement",12,15,289,0.797814207650273,0.340985276580666,1.82574027228294,0.571066107631951,"OK",1,5
3034426,"Prothrombin time (PT)","Measurement",12,8,289,1.49590163934426,0.562285292396833,4.21883895529232,0.503452765046558,"OK",1,5
3009932,"Eosinophils [#/volume] in Blood by Manual count","Measurement",12,10,289,1.19672131147541,0.473855937293156,3.09221033816345,0.831815367083049,"OK",1,5
46236948,"Glucose [Moles/volume] in Serum, Plasma or Blood","Measurement",12,14,289,0.85480093676815,0.361169320185051,1.99117455126589,0.70072104285586,"OK",1,5
3027114,"Cholesterol [Mass/volume] in Serum or Plasma","Measurement",12,16,289,0.747950819672131,0.322959088347637,1.6850475971732,0.457649648803299,"OK",1,5
3006923,"Alanine aminotransferase [Enzymatic activity/volume] in Serum or Plasma","Measurement",11,22,289,0.498633879781421,0.218327074128447,1.07290127119071,0.0572810528625599,"OK",1,5
46235784,"Sodium [Moles/volume] in Serum, Plasma or Blood","Measurement",11,21,289,0.522378350247203,0.227454261324468,1.13333229483423,0.0797410699513079,"OK",1,5
3016723,"Creatinine [Mass/volume] in Serum or Plasma","Measurement",10,9,289,1.10807528840316,0.404655757213562,3.08195926283506,1,"OK",1,5
3030366,"Cystatin C [Mass/volume] in Serum or Plasma","Measurement",10,9,289,1.10807528840316,0.404655757213562,3.08195926283506,1,"OK",1,5
3031305,"aPTT panel - Platelet poor plasma","Measurement",10,8,289,1.24658469945355,0.442979123054359,3.634691262298,0.814532542718818,"OK",1,5
3010156,"C reactive protein [Mass/volume] in Serum or Plasma by High sensitivity method","Measurement",9,6,289,1.49590163934426,0.475517990935267,5.10729495034958,0.607243914579594,"OK",1,5
3012095,"Magnesium [Moles/volume] in Serum or Plasma","Measurement",0,0,289,NA,NA,NA,NA,"SUPPRESSED_MINCELL",NA,5
3027651,"Basophils [#/volume] in Blood by Manual count","Measurement",8,11,289,0.72528564331843,0.253258346472858,1.97967008463387,0.502860331267377,"OK",1,5
3016070,"Creatine kinase.MB [Enzymatic activity/volume] in Serum or Plasma by Electrophoresis","Measurement",8,8,289,0.997267759562842,0.326263949051942,3.04827728332668,1,"OK",1,5
3026910,"Gamma glutamyl transferase [Enzymatic activity/volume] in Serum or Plasma","Measurement",8,6,289,1.32969034608379,0.404589053862221,4.64942045046868,0.790530087775783,"OK",1,5
3032080,"INR in Blood by Coagulation assay","Measurement",8,8,289,0.997267759562842,0.326263949051942,3.04827728332668,1,"OK",1,5
3037850,"Specific gravity of Body fluid","Measurement",0,0,289,NA,NA,NA,NA,"SUPPRESSED_MINCELL",NA,5
3029707,"Crystals [#/volume] in Urine by Automated count","Measurement",7,5,289,1.39617486338798,0.381449183198326,5.57875002021269,0.774416595449247,"OK",1,5
3026076,"Alpha hydroxybutyrate dehydrogenase [Enzymatic activity/volume] in Serum or Plasma","Measurement",7,11,289,0.634624937903626,0.208597660440719,1.79267319775258,0.358626889376418,"OK",1,5
3002656,"Lipoproteins [Mass/volume] in Serum or Plasma","Measurement",0,0,289,NA,NA,NA,NA,"SUPPRESSED_MINCELL",NA,5
3015377,"Calcium [Moles/volume] in Serum or Plasma","Measurement",0,0,289,NA,NA,NA,NA,"SUPPRESSED_MINCELL",NA,5
3036887,"Ammonia [Mass/volume] in Plasma","Measurement",0,0,289,NA,NA,NA,NA,"SUPPRESSED_MINCELL",NA,5
1002070,"Acarboxyprothrombin [Units/volume] in Serum or Plasma","Measurement",6,6,289,0.997267759562842,0.26660776539086,3.73036015213376,1,"OK",1,5
3007835,"Cancer Ag 125 [Presence] in Serum or Plasma","Measurement",0,0,289,NA,NA,NA,NA,"SUPPRESSED_MINCELL",NA,5
3016407,"Fibrinogen [Mass/volume] in Platelet poor plasma by Coagulation assay","Measurement",6,0,289,Inf,1.17420771827684,Inf,0.0312508772176061,"OK",1,5
3016436,"Lactate dehydrogenase [Enzymatic activity/volume] in Serum or Plasma","Measurement",6,9,289,0.664845173041894,0.194729890075257,2.0914939144729,0.453877458316711,"OK",1,5
40759253,"Cholesterol in HDL 2a [Moles/volume] in Serum or Plasma","Measurement",6,10,289,0.598360655737705,0.178732902521395,1.81712126743367,0.331644143164925,"OK",1,5
3029790,"Creatine kinase.MB [Enzymatic activity/volume] in Serum or Plasma","Measurement",6,6,289,0.997267759562842,0.26660776539086,3.73036015213376,1,"OK",1,5
3007070,"Cholesterol in HDL [Mass/volume] in Serum or Plasma","Measurement",5,7,289,0.712334113973458,0.178273444886418,2.60727517076999,0.58052964578449,"OK",1,5
42869583,"Hematocrit [Pure volume fraction] of Body fluid","Measurement",5,5,289,0.997267759562842,0.229513664378168,4.33326262712093,1,"OK",1,5
3007220,"Creatine kinase [Enzymatic activity/volume] in Serum or Plasma","Measurement",0,0,289,NA,NA,NA,NA,"SUPPRESSED_MINCELL",NA,5
3019900,"Cholesterol [Moles/volume] in Serum or Plasma","Measurement",0,0,289,NA,NA,NA,NA,"SUPPRESSED_MINCELL",NA,5
3009201,"Thyrotropin [Units/volume] in Serum or Plasma","Measurement",5,6,289,0.831056466302368,0.200634339436277,3.2683227850334,0.774107577086849,"OK",1,5
3045975,"IgA [Presence] in Serum","Measurement",0,0,289,NA,NA,NA,NA,"SUPPRESSED_MINCELL",NA,5
3008364,"Apolipoprotein A-I [Mass/volume] in Serum or Plasma","Measurement",5,5,289,0.997267759562842,0.229513664378168,4.33326262712093,1,"OK",1,5
3008304,"Triiodothyronine (T3) [Moles/volume] in Serum or Plasma","Measurement",5,6,289,0.831056466302368,0.200634339436277,3.2683227850334,0.774107577086849,"OK",1,5
3008143,"IgG [Presence] in Serum","Measurement",0,0,289,NA,NA,NA,NA,"SUPPRESSED_MINCELL",NA,5
3022948,"Iron [Moles/volume] in Serum or Plasma","Measurement",0,0,289,NA,NA,NA,NA,"SUPPRESSED_MINCELL",NA,5
3023202,"Hepatitis B virus e Ab [Units/volume] in Serum by Immunoassay","Measurement",0,0,289,NA,NA,NA,NA,"SUPPRESSED_MINCELL",NA,5
3003785,"Carcinoembryonic Ag [Mass/volume] in Serum or Plasma","Measurement",0,0,289,NA,NA,NA,NA,"SUPPRESSED_MINCELL",NA,5
3051714,"Fibrin D-dimer FEU [Mass/volume] in Platelet poor plasma","Measurement",0,0,289,NA,NA,NA,NA,"SUPPRESSED_MINCELL",NA,5
3011958,"Ammonia [Moles/volume] in Plasma","Measurement",0,0,289,NA,NA,NA,NA,"SUPPRESSED_MINCELL",NA,5
3015736,"pH of Urine","Measurement",0,0,289,NA,NA,NA,NA,"SUPPRESSED_MINCELL",NA,5
3028286,"Albumin [Mass/volume] in Serum or Plasma by Electrophoresis","Measurement",0,0,289,NA,NA,NA,NA,"SUPPRESSED_MINCELL",NA,5
3018913,"Phosphate [Moles/volume] in Blood","Measurement",0,0,289,NA,NA,NA,NA,"SUPPRESSED_MINCELL",NA,5
3022177,"Hepatitis B virus core Ab [Units/volume] in Serum by Radioimmunoassay (RIA)","Measurement",0,0,289,NA,NA,NA,NA,"SUPPRESSED_MINCELL",NA,5
3022764,"Mononuclear cells/100 leukocytes in Peritoneal fluid","Measurement",0,0,289,NA,NA,NA,NA,"SUPPRESSED_MINCELL",NA,5
3015759,"IgM [Presence] in Serum","Measurement",0,0,289,NA,NA,NA,NA,"SUPPRESSED_MINCELL",NA,5
3030981,"Hyaline casts [#/volume] in Urine by Automated count","Measurement",0,0,289,NA,NA,NA,NA,"SUPPRESSED_MINCELL",NA,5
3012898,"Urea [Moles/volume] in Urine","Measurement",0,0,289,NA,NA,NA,NA,"SUPPRESSED_MINCELL",NA,5
3031987,"Alpha-1-Fetoprotein L3/Alpha-1-fetoprotein.total in Serum or Plasma","Measurement",0,0,289,NA,NA,NA,NA,"SUPPRESSED_MINCELL",NA,5
3010813,"Leukocytes [#/volume] in Blood","Measurement",0,0,289,NA,NA,NA,NA,"SUPPRESSED_MINCELL",NA,5
3039902,"Granular casts [#/volume] in Urine by Computer assisted method","Measurement",0,0,289,NA,NA,NA,NA,"SUPPRESSED_MINCELL",NA,5
3008342,"Neutrophils/100 leukocytes in Blood by Automated count","Measurement",0,0,289,NA,NA,NA,NA,"SUPPRESSED_MINCELL",NA,5
3005029,"Protein [Mass/volume] in Body fluid","Measurement",0,0,289,NA,NA,NA,NA,"SUPPRESSED_MINCELL",NA,5
40762352,"Hemoglobin A1c/Hemoglobin.total in Blood by IFCC protocol","Measurement",0,0,289,NA,NA,NA,NA,"SUPPRESSED_MINCELL",NA,5
42529231,"Thyroxine (T4) [Moles/volume] in Serum or Plasma by Immunoassay","Measurement",0,0,289,NA,NA,NA,NA,"SUPPRESSED_MINCELL",NA,5
3024552,"Cancer Ag 19-9 [Presence] in Serum or Plasma","Measurement",0,0,289,NA,NA,NA,NA,"SUPPRESSED_MINCELL",NA,5
3023314,"Hematocrit [Volume Fraction] of Blood by Automated count","Measurement",0,0,289,NA,NA,NA,NA,"SUPPRESSED_MINCELL",NA,5
3029879,"Epithelial cells.squamous [#/volume] in Urine by Automated count","Measurement",0,0,289,NA,NA,NA,NA,"SUPPRESSED_MINCELL",NA,5
3018853,"Superoxide dismutase [Enzymatic activity/volume] in Plasma","Measurement",0,0,289,NA,NA,NA,NA,"SUPPRESSED_MINCELL",NA,5
46236949,"Alanine aminotransferase [Enzymatic activity/volume] in Serum, Plasma or Blood","Measurement",0,0,289,NA,NA,NA,NA,"SUPPRESSED_MINCELL",NA,5
3001019,"Free T4 and TSH panel - Serum or Plasma","Measurement",0,0,289,NA,NA,NA,NA,"SUPPRESSED_MINCELL",NA,5
3003470,"Hepatitis C virus Ab [Units/volume] in Serum by Immunoassay","Measurement",0,0,289,NA,NA,NA,NA,"SUPPRESSED_MINCELL",NA,5
3008893,"Testosterone [Mass/volume] in Serum or Plasma","Measurement",0,0,289,NA,NA,NA,NA,"SUPPRESSED_MINCELL",NA,5
3009105,"Erythrocytes [#/volume] in Urine by Test strip","Measurement",0,0,289,NA,NA,NA,NA,"SUPPRESSED_MINCELL",NA,5
3010340,"Triiodothyronine (T3) [Mass/volume] in Serum or Plasma","Measurement",0,0,289,NA,NA,NA,NA,"SUPPRESSED_MINCELL",NA,5
3010748,"Hematocrit/Hemoglobin [Ratio] of Blood by Automated count","Measurement",0,0,289,NA,NA,NA,NA,"SUPPRESSED_MINCELL",NA,5
3018677,"aPTT in Platelet poor plasma by Coagulation assay","Measurement",0,0,289,NA,NA,NA,NA,"SUPPRESSED_MINCELL",NA,5
3026692,"Albumin [Mass/volume] in Peritoneal fluid","Measurement",0,0,289,NA,NA,NA,NA,"SUPPRESSED_MINCELL",NA,5
3028465,"Gamma glutamyl transferase [Enzymatic activity/volume] in Body fluid","Measurement",0,0,289,NA,NA,NA,NA,"SUPPRESSED_MINCELL",NA,5
3030929,"Transferrin.carbohydrate deficient.XXX/Transferrin.total in Serum or Plasma","Measurement",0,0,289,NA,NA,NA,NA,"SUPPRESSED_MINCELL",NA,5
3040139,"Yeast.hyphae [#/volume] in Urine by Computer assisted method","Measurement",0,0,289,NA,NA,NA,NA,"SUPPRESSED_MINCELL",NA,5
3046279,"Procalcitonin [Mass/volume] in Serum or Plasma","Measurement",0,0,289,NA,NA,NA,NA,"SUPPRESSED_MINCELL",NA,5
3966438,"CE Ab [Presence] in Serum or Plasma","Measurement",0,0,289,NA,NA,NA,NA,"SUPPRESSED_MINCELL",NA,5
40760213,"Phenol [Mass/volume] adjusted to specific gravity 1.024 in Urine","Measurement",0,0,289,NA,NA,NA,NA,"SUPPRESSED_MINCELL",NA,5
42529199,"Cancer Ag 125 [Units/volume] in Serum or Plasma by Immunoassay","Measurement",0,0,289,NA,NA,NA,NA,"SUPPRESSED_MINCELL",NA,5
42869548,"Treponema pallidum Ab [Titer] in Serum or Plasma by Agglutination","Measurement",0,0,289,NA,NA,NA,NA,"SUPPRESSED_MINCELL",NA,5
3032567,"Hepatitis B virus DNA [Units/volume] (viral load) in Serum or Plasma by NAA with probe detection","Measurement",0,0,289,NA,NA,NA,NA,"SUPPRESSED_MINCELL",NA,5
3032632,"Band form neutrophils [#/volume] in Body fluid","Measurement",0,0,289,NA,NA,NA,NA,"SUPPRESSED_MINCELL",NA,5
3032893,"Mononuclear cells [#/volume] in Pleural fluid","Measurement",0,0,289,NA,NA,NA,NA,"SUPPRESSED_MINCELL",NA,5
3028531,"Enolase.neuron specific [Mass/volume] in Serum or Plasma","Measurement",0,0,289,NA,NA,NA,NA,"SUPPRESSED_MINCELL",NA,5
3005895,"Myoglobin [Mass/volume] in Serum or Plasma","Measurement",0,0,289,NA,NA,NA,NA,"SUPPRESSED_MINCELL",NA,5
3027828,"Triiodothyronine (T3).reverse [Moles/volume] in Serum or Plasma","Measurement",0,0,289,NA,NA,NA,NA,"SUPPRESSED_MINCELL",NA,5
3034459,"Mononuclear cells/100 leukocytes in Pleural fluid","Measurement",0,0,289,NA,NA,NA,NA,"SUPPRESSED_MINCELL",NA,5
3004789,"Transferrin [Mass/volume] in Serum or Plasma","Measurement",0,0,289,NA,NA,NA,NA,"SUPPRESSED_MINCELL",NA,5
3034639,"Hemoglobin A1c [Mass/volume] in Blood","Measurement",0,0,289,NA,NA,NA,NA,"SUPPRESSED_MINCELL",NA,5
3004391,"Epithelial cells [#/volume] in Urine by Manual count","Measurement",0,0,289,NA,NA,NA,NA,"SUPPRESSED_MINCELL",NA,5
3029187,"Natriuretic peptide.B prohormone N-Terminal [Mass/volume] in Serum or Plasma","Measurement",0,0,289,NA,NA,NA,NA,"SUPPRESSED_MINCELL",NA,5
3019209,"Epstein Barr virus capsid IgM Ab [Presence] in Serum by Immunoassay","Measurement",0,0,289,NA,NA,NA,NA,"SUPPRESSED_MINCELL",NA,5
36031203,"Mononuclear cells [#] in Blood product unit","Measurement",0,0,289,NA,NA,NA,NA,"SUPPRESSED_MINCELL",NA,5
36304079,"Mucus [Presence] in Urine sediment","Measurement",0,0,289,NA,NA,NA,NA,"SUPPRESSED_MINCELL",NA,5
3036428,"Adenosine deaminase [Enzymatic activity/volume] in Pleural fluid","Measurement",0,0,289,NA,NA,NA,NA,"SUPPRESSED_MINCELL",NA,5
3016771,"Amylase [Enzymatic activity/volume] in Serum or Plasma","Measurement",0,0,289,NA,NA,NA,NA,"SUPPRESSED_MINCELL",NA,5
3027144,"Progesterone [Mass/volume] in Serum or Plasma","Measurement",0,0,289,NA,NA,NA,NA,"SUPPRESSED_MINCELL",NA,5
3037202,"Fibrin+Fibrinogen fragments [Mass/volume] in Serum","Measurement",0,0,289,NA,NA,NA,NA,"SUPPRESSED_MINCELL",NA,5
40760007,"HIV 1+2 Ab+HIV1 p24 Ag [Presence] in Serum or Plasma by Immunoassay","Measurement",0,0,289,NA,NA,NA,NA,"SUPPRESSED_MINCELL",NA,5
3011544,"Albumin [Mass/volume] in Pleural fluid","Measurement",0,0,289,NA,NA,NA,NA,"SUPPRESSED_MINCELL",NA,5
3016724,"Homocysteine [Moles/volume] in Serum or Plasma","Measurement",0,0,289,NA,NA,NA,NA,"SUPPRESSED_MINCELL",NA,5
40760909,"Oxygen content in Blood by calculation","Measurement",0,0,289,NA,NA,NA,NA,"SUPPRESSED_MINCELL",NA,5
3030306,"Epithelial cells.non-squamous [#/volume] in Urine by Automated count","Measurement",0,0,289,NA,NA,NA,NA,"SUPPRESSED_MINCELL",NA,5
3010963,"Hepatitis B virus e Ab [Units/volume] in Serum by Radioimmunoassay (RIA)","Measurement",0,0,289,NA,NA,NA,NA,"SUPPRESSED_MINCELL",NA,5
3000659,"Cytokeratin 19 [Mass/volume] in Serum or Plasma","Measurement",0,0,289,NA,NA,NA,NA,"SUPPRESSED_MINCELL",NA,5
3018387,"Mycoplasma pneumoniae IgG Ab [Units/volume] in Serum","Measurement",0,0,289,NA,NA,NA,NA,"SUPPRESSED_MINCELL",NA,5
3039426,"Oxygen saturation Calculated from oxygen partial pressure in Arterial blood","Measurement",0,0,289,NA,NA,NA,NA,"SUPPRESSED_MINCELL",NA,5
3019284,"Hepatitis B virus surface Ag [Presence] in Serum","Measurement",0,0,289,NA,NA,NA,NA,"SUPPRESSED_MINCELL",NA,5
3030664,"Beta 1 globulin [Mass/volume] in Body fluid by Electrophoresis","Measurement",0,0,289,NA,NA,NA,NA,"SUPPRESSED_MINCELL",NA,5
1617274,"Carbon dioxide, total [Moles/volume] in Central venous blood","Measurement",0,0,289,NA,NA,NA,NA,"SUPPRESSED_MINCELL",NA,5
46234929,"Hepatitis B virus e Ag [Presence] in Serum, Plasma or Blood by Rapid immunoassay","Measurement",0,0,289,NA,NA,NA,NA,"SUPPRESSED_MINCELL",NA,5
42529230,"Thyroxine (T4) [Mass/volume] in Serum or Plasma by Immunoassay","Measurement",0,0,289,NA,NA,NA,NA,"SUPPRESSED_MINCELL",NA,5
3014749,"Leukocytes [#/volume] in Urine by Test strip","Measurement",0,0,289,NA,NA,NA,NA,"SUPPRESSED_MINCELL",NA,5
3041096,"Erythrocytes [Presence] in Urine by Automated","Measurement",0,0,289,NA,NA,NA,NA,"SUPPRESSED_MINCELL",NA,5
3043387,"Monocytes/100 leukocytes in Pleural fluid","Measurement",0,0,289,NA,NA,NA,NA,"SUPPRESSED_MINCELL",NA,5
42869547,"Procollagen type III.N-terminal propeptide [Mass/volume] in Serum","Measurement",0,0,289,NA,NA,NA,NA,"SUPPRESSED_MINCELL",NA,5
3027801,"Oxygen [Partial pressure] in Arterial blood","Measurement",0,0,289,NA,NA,NA,NA,"SUPPRESSED_MINCELL",NA,5
3044042,"Cancer Ag 50 [Units/volume] in Serum or Plasma","Measurement",0,0,289,NA,NA,NA,NA,"SUPPRESSED_MINCELL",NA,5
43055483,"Glucose in serum - glucose in peritoneal fluid [Molar concentration difference]","Measurement",0,0,289,NA,NA,NA,NA,"SUPPRESSED_MINCELL",NA,5
43534062,"3-epi-25-Hydroxyvitamin D3/25-hydroxyvitamin D.total in Serum or Plasma","Measurement",0,0,289,NA,NA,NA,NA,"SUPPRESSED_MINCELL",NA,5
3031767,"Vascular endothelial growth factor [Mass/volume] in Serum or Plasma","Measurement",0,0,289,NA,NA,NA,NA,"SUPPRESSED_MINCELL",NA,5
3023091,"Interleukin 6 [Mass/volume] in Serum or Plasma","Measurement",0,0,289,NA,NA,NA,NA,"SUPPRESSED_MINCELL",NA,5
3012413,"Glucose [Moles/volume] in Serum or Plasma --2 hours post meal","Measurement",0,0,289,NA,NA,NA,NA,"SUPPRESSED_MINCELL",NA,5
3011960,"Natriuretic peptide B [Mass/volume] in Serum or Plasma","Measurement",0,0,289,NA,NA,NA,NA,"SUPPRESSED_MINCELL",NA,5
3008486,"Thyroxine (T4) free [Moles/volume] in Serum or Plasma","Measurement",0,0,289,NA,NA,NA,NA,"SUPPRESSED_MINCELL",NA,5
3022893,"Aspartate aminotransferase/Alanine aminotransferase [Enzymatic activity ratio] in Serum or Plasma","Measurement",0,0,289,NA,NA,NA,NA,"SUPPRESSED_MINCELL",NA,5
3052007,"Protein Fractions [Interpretation] in Body fluid","Measurement",0,0,289,NA,NA,NA,NA,"SUPPRESSED_MINCELL",NA,5
3006453,"Hepatitis B virus surface Ab [Presence] in Serum by Immunoassay","Measurement",0,0,289,NA,NA,NA,NA,"SUPPRESSED_MINCELL",NA,5
3032488,"Lactate dehydrogenase in pleural fluid/Lactate dehydrogenase in serum","Measurement",0,0,289,NA,NA,NA,NA,"SUPPRESSED_MINCELL",NA,5
42529194,"Beta-2-Microglobulin [Mass/volume] in Urine by Immunoassay","Measurement",0,0,289,1,NA,NA,1,"ZERO_EVENTS",1,5
42529205,"Cortisol [Mass/volume] in Serum or Plasma by Immunoassay","Measurement",0,0,289,1,NA,NA,1,"ZERO_EVENTS",1,5
3000620,"Complement C3 [Mass/volume] in Serum or Plasma","Measurement",0,0,289,1,NA,NA,1,"ZERO_EVENTS",1,5
42529562,"Prostate Specific Ag Free [Mass/volume] in Serum or Plasma by Immunoassay","Measurement",0,0,289,NA,NA,NA,NA,"SUPPRESSED_MINCELL",NA,5
42868533,"Mononuclear cells [#/volume] in Peritoneal fluid by Automated count","Measurement",0,0,289,1,NA,NA,1,"ZERO_EVENTS",1,5
1616684,"HBc+HBe+p22cr Ag [Units/volume] in Serum or Plasma by Immunoassay","Measurement",0,0,289,1,NA,NA,1,"ZERO_EVENTS",1,5
3000034,"Microalbumin [Mass/volume] in Urine","Measurement",0,0,289,1,NA,NA,1,"ZERO_EVENTS",1,5
3023323,"Follitropin [Units/volume] in Serum or Plasma","Measurement",0,0,289,1,NA,NA,1,"ZERO_EVENTS",1,5
3024731,"MCV [Entitic volume]","Measurement",0,0,289,1,NA,NA,1,"ZERO_EVENTS",1,5
3024800,"Alpha 1 globulin/Protein.total in Serum or Plasma by Electrophoresis","Measurement",0,0,289,NA,NA,NA,NA,"SUPPRESSED_MINCELL",NA,5
3025285,"Estradiol (E2) [Mass/volume] in Serum or Plasma","Measurement",0,0,289,NA,NA,NA,NA,"SUPPRESSED_MINCELL",NA,5
3021200,"Thyroglobulin Ab [Units/volume] in Serum by Radioimmunoassay (RIA)","Measurement",0,0,289,1,NA,NA,1,"ZERO_EVENTS",1,5
1989123,"Erythrocytes.ghost cells [#/volume] in Urine sediment by Computer assisted method","Measurement",0,0,289,1,NA,NA,1,"ZERO_EVENTS",1,5
3019897,"Erythrocyte distribution width [Ratio] by Automated count","Measurement",0,0,289,1,NA,NA,1,"ZERO_EVENTS",1,5
3019977,"pH of Arterial blood","Measurement",0,0,289,1,NA,NA,1,"ZERO_EVENTS",1,5
3019446,"Platelet mean diameter [Entitic length] in Blood","Measurement",0,0,289,1,NA,NA,1,"ZERO_EVENTS",1,5
3028167,"CD3+CD4+ (T4 helper) cells [#/volume] in Blood","Measurement",0,0,289,1,NA,NA,1,"ZERO_EVENTS",1,5
3018095,"Leukocytes [#/volume] in Urine","Measurement",0,0,289,NA,NA,NA,NA,"SUPPRESSED_MINCELL",NA,5
46234928,"Hepatitis B virus e Ab [Presence] in Serum, Plasma or Blood by Rapid immunoassay","Measurement",0,0,289,1,NA,NA,1,"ZERO_EVENTS",1,5
3017250,"Creatinine [Mass/volume] in Urine","Measurement",0,0,289,1,NA,NA,1,"ZERO_EVENTS",1,5
3017024,"Kappa light chains [Presence] in Serum by Immunoassay","Measurement",0,0,289,1,NA,NA,1,"ZERO_EVENTS",1,5
3029794,"Leukocyte clumps [#/volume] in Urine by Automated count","Measurement",0,0,289,1,NA,NA,1,"ZERO_EVENTS",1,5
3015242,"Ferritin [Mass/volume] in Serum or Plasma by Immunoassay","Measurement",0,0,289,1,NA,NA,1,"ZERO_EVENTS",1,5
3030511,"Albumin [Mass/volume] in 24 hour Urine by Electrophoresis","Measurement",0,0,289,1,NA,NA,1,"ZERO_EVENTS",1,5
3013603,"Prostate specific Ag [Mass/volume] in Serum or Plasma","Measurement",0,0,289,NA,NA,NA,NA,"SUPPRESSED_MINCELL",NA,5
3034165,"Alpha-1-Fetoprotein [Mass/volume] in Body fluid","Measurement",0,0,289,1,NA,NA,1,"ZERO_EVENTS",1,5
3011904,"Phosphate [Mass/volume] in Serum or Plasma","Measurement",0,0,289,1,NA,NA,1,"ZERO_EVENTS",1,5
3034780,"Angiotensin converting enzyme [Enzymatic activity/volume] in Serum or Plasma","Measurement",0,0,289,NA,NA,NA,NA,"SUPPRESSED_MINCELL",NA,5
3011724,"Hepatitis B virus e Ag [Presence] in Serum by Radioimmunoassay (RIA)","Measurement",0,0,289,1,NA,NA,1,"ZERO_EVENTS",1,5
3036677,"Immunoglobulin light chains [Mass/volume] in Urine","Measurement",0,0,289,1,NA,NA,1,"ZERO_EVENTS",1,5
3011705,"Protein [Mass/volume] in 24 hour Urine","Measurement",0,0,289,1,NA,NA,1,"ZERO_EVENTS",1,5
3011412,"CD3 cells [#/volume] in Blood","Measurement",0,0,289,1,NA,NA,1,"ZERO_EVENTS",1,5
3038334,"Lactate dehydrogenase in peritoneal fluid/Lactate dehydrogenase in serum","Measurement",0,0,289,1,NA,NA,1,"ZERO_EVENTS",1,5
3010084,"C peptide [Mass/volume] in Serum or Plasma","Measurement",0,0,289,1,NA,NA,1,"ZERO_EVENTS",1,5
3009931,"Hyaluronate [Mass/volume] in Serum or Plasma","Measurement",0,0,289,1,NA,NA,1,"ZERO_EVENTS",1,5
46234930,"Hepatitis B virus surface Ab [Presence] in Serum, Plasma or Blood by Rapid immunoassay","Measurement",0,0,289,1,NA,NA,1,"ZERO_EVENTS",1,5
3040208,"Hepatitis E virus IgM Ab [Units/volume] in Serum","Measurement",0,0,289,NA,NA,NA,NA,"SUPPRESSED_MINCELL",NA,5
3040659,"Glucose [Moles/volume] in Serum or Plasma --1 hour post meal","Measurement",0,0,289,NA,NA,NA,NA,"SUPPRESSED_MINCELL",NA,5
3009759,"Haptoglobin [Mass/volume] in Serum or Plasma by Electrophoresis","Measurement",0,0,289,NA,NA,NA,NA,"SUPPRESSED_MINCELL",NA,5
3008877,"Alpha-1-acid glycoprotein [Mass/volume] in Serum or Plasma","Measurement",0,0,289,NA,NA,NA,NA,"SUPPRESSED_MINCELL",NA,5
1988606,"C reactive protein [Units/volume] in Body fluid","Measurement",0,0,289,1,NA,NA,1,"ZERO_EVENTS",1,5
3049408,"Hepatitis B virus surface Ag [Presence] in Serum from Donor by Immunoassay","Measurement",0,0,289,1,NA,NA,1,"ZERO_EVENTS",1,5
3052822,"Hepatitis C virus Ab [Presence] in Serum from Donor by Immunoassay","Measurement",0,0,289,1,NA,NA,1,"ZERO_EVENTS",1,5
3006330,"Alpha 2 globulin/Protein.total in Serum or Plasma by Electrophoresis","Measurement",0,0,289,1,NA,NA,1,"ZERO_EVENTS",1,5
3006297,"Platelets [#/volume] in Plasma","Measurement",0,0,289,1,NA,NA,1,"ZERO_EVENTS",1,5
1988277,"Alpha-1-Fetoprotein L3 [Mass/volume] in Serum or Plasma by Immunoassay","Measurement",0,0,289,1,NA,NA,1,"ZERO_EVENTS",1,5
3005996,"Glucose [Mass/volume] in Serum or Plasma --3 hours post 1.2 g/kg lactose PO","Measurement",0,0,289,NA,NA,NA,NA,"SUPPRESSED_MINCELL",NA,5
3005673,"Hemoglobin A1c/Hemoglobin.total in Blood by HPLC","Measurement",0,0,289,NA,NA,NA,NA,"SUPPRESSED_MINCELL",NA,5
3005071,"Albumin/Protein.total in Body fluid by Electrophoresis","Measurement",0,0,289,1,NA,NA,1,"ZERO_EVENTS",1,5
4263457,"Aspartate aminotransferase measurement","Measurement",0,0,289,1,NA,NA,1,"ZERO_EVENTS",1,5
21491346,"Pathologic casts [#/volume] in Urine by Automated count","Measurement",0,0,289,NA,NA,NA,NA,"SUPPRESSED_MINCELL",NA,5
21493866,"Erythrocytes [#/volume] in Peritoneal dialysis fluid by Automated count","Measurement",0,0,289,NA,NA,NA,NA,"SUPPRESSED_MINCELL",NA,5
3004327,"Lymphocytes [#/volume] in Blood by Automated count","Measurement",0,0,289,1,NA,NA,1,"ZERO_EVENTS",1,5
3002971,"Nuclear Ab [Titer] in Serum by Immunofluorescence","Measurement",0,0,289,NA,NA,NA,NA,"SUPPRESSED_MINCELL",NA,5
3002736,"Platelet distribution width [Entitic volume] in Blood by Automated count","Measurement",0,0,289,1,NA,NA,1,"ZERO_EVENTS",1,5
3001643,"Hemoglobin and Hematocrit panel - Blood","Measurement",0,0,289,1,NA,NA,1,"ZERO_EVENTS",1,5
1988100,"Leukocytes [#/volume] in Peritoneal dialysis fluid by Automated count","Measurement",0,0,289,1,NA,NA,1,"ZERO_EVENTS",1,5
40760528,"Thyrotropin receptor Ab [Units/volume] in Serum by Immunoassay","Measurement",0,0,289,1,NA,NA,1,"ZERO_EVENTS",1,5
3001405,"CD3+CD8+ (T8 suppressor) cells [#/volume] in Blood","Measurement",0,0,289,1,NA,NA,1,"ZERO_EVENTS",1,5
40763081,"Lactate dehydrogenase [Enzymatic activity/volume] in Pleural fluid by Pyruvate to lactate reaction","Measurement",0,0,289,NA,NA,NA,NA,"SUPPRESSED_MINCELL",NA,5
40768039,"Oxygen [Partial pressure] saturation adjusted to 0.5 in Blood","Measurement",0,0,289,1,NA,NA,1,"ZERO_EVENTS",1,5
40769783,"Troponin T.cardiac [Mass/volume] in Serum or Plasma by High sensitivity method","Measurement",0,0,289,1,NA,NA,1,"ZERO_EVENTS",1,5
42529190,"Alpha-1-Fetoprotein [Mass/volume] in Serum or Plasma by Immunoassay","Measurement",0,0,289,1,NA,NA,1,"ZERO_EVENTS",1,5
