"outcome_concept_id","outcome_name","outcome_domain","post_events","pre_events","n_exposures","irr","ci95l","ci95u","p","reason_code","p_adj","min_cell_count"
4064161,"Cirrhosis of liver","Condition",68,130,289,0.506203473945409,0.371818567681982,0.683891189624269,3.28448077468427e-06,"OK",0.000118241307888634,5
194574,"Chronic type B viral hepatitis","Condition",57,112,289,0.492511520737327,0.351565942047402,0.683415597859847,9.64738506537465e-06,"OK",0.000303892629559301,5
37116804,"Improved dentition","Condition",30,140,289,0.207373271889401,0.13490268120716,0.309362640441511,3.68226042907225e-19,"OK",9.27929628126208e-17,5
201340,"Gastritis","Condition",27,121,289,0.215942415355905,0.1367352217465,0.329876696000567,2.64615655798613e-16,"OK",3.33415726306252e-14,5
201519,"Primary malignant neoplasm of liver","Condition",18,40,289,0.435483870967742,0.234999390979691,0.777326326045755,0.00348762794012246,"OK",0.0798983855373509,5
4296301,"Hepatic congestion","Condition",16,34,289,0.455407969639469,0.234726975345561,0.847887992118052,0.0101932193469477,"OK",0.171246085028722,5
3023599,"MCV [Entitic volume] by Automated count","Measurement",12,15,289,0.774193548387097,0.330889822081813,1.77168609718663,0.566593844673727,"OK",1,5
3009744,"MCHC [Mass/volume] by Automated count","Measurement",12,12,289,0.967741935483871,0.397662948653111,2.35507093850731,1,"OK",1,5
40766836,"Hemoglobins that can be presumptively identified based on available controls in DBS","Measurement",11,15,289,0.709677419354839,0.294840831641698,1.65358353436329,0.436084279090776,"OK",1,5
3043688,"Hemoglobin [Mass/volume] in Body fluid","Measurement",10,16,289,0.604838709677419,0.245362874432829,1.41757717073296,0.241611201968871,"OK",1,5
46235078,"Potassium [Moles/volume] in Serum, Plasma or Blood","Measurement",10,6,289,1.61290322580645,0.531113607622907,5.39966518878348,0.455482698796189,"OK",1,5
3964927,"Monocytes/100 leukocytes in Blood by Flow cytometry (FC)","Measurement",10,9,289,1.0752688172043,0.392675228829422,2.99071256791241,1,"OK",1,5
196951,"Chronic congestive splenomegaly","Condition",9,54,289,0.161290322580645,0.0700100217344265,0.329397459699744,2.49089705550637e-09,"OK",1.25541211597521e-07,5
4225273,"Chronic gastritis","Condition",9,63,289,0.138248847926267,0.0604399412519723,0.279463804407572,1.56821971075554e-11,"OK",9.87978417775993e-10,5
3007242,"Bilirubin.indirect [Moles/volume] in Serum or Plasma","Measurement",9,10,289,0.870967741935484,0.31314425322651,2.38498480407302,0.821347161394526,"OK",1,5
196456,"Gallstone","Condition",9,25,289,0.348387096774193,0.143095133730459,0.771597867155672,0.00539904326818081,"OK",0.113379908631797,5
3026710,"Lymphocytes [#/volume] in Blood by Flow cytometry (FC)","Measurement",8,9,289,0.860215053763441,0.288792741440411,2.51186344946114,0.811893827829381,"OK",1,5
3020509,"Albumin/Globulin [Mass Ratio] in Serum or Plasma","Measurement",8,12,289,0.645161290322581,0.228759106963384,1.71638462695889,0.376673280697487,"OK",1,5
3000905,"Leukocytes [#/volume] in Blood by Automated count","Measurement",8,17,289,0.455407969639469,0.170102540859462,1.11342672842348,0.0716969614363612,"OK",0.748539471664389,5
3024386,"Platelet mean volume [Entitic volume] in Blood by Rees-Ecker","Measurement",8,12,289,0.645161290322581,0.228759106963384,1.71638462695889,0.376673280697487,"OK",1,5
3010568,"Globulin [Mass/volume] in Plasma","Measurement",8,13,289,0.595533498759305,0.213975496302765,1.55009566364047,0.279641024821191,"OK",1,5
3028638,"Bilirubin.direct [Moles/volume] in Serum or Plasma","Measurement",8,5,289,1.54838709677419,0.44662558537693,6.01556411312496,0.581729770445018,"OK",1,5
3002888,"Erythrocyte distribution width [Entitic volume]","Measurement",8,9,289,0.860215053763441,0.288792741440411,2.51186344946114,0.811893827829381,"OK",1,5
3009542,"Hematocrit [Volume Fraction] of Blood","Measurement",8,11,289,0.703812316715543,0.24576019834485,1.92105855318426,0.497414463125422,"OK",1,5
3001604,"Monocytes [#/volume] in Blood","Measurement",7,8,289,0.846774193548387,0.261396946063753,2.6722830075709,0.800775218221953,"OK",1,5
3010457,"Eosinophils/100 leukocytes in Blood by Automated count","Measurement",7,9,289,0.752688172043011,0.23821832321953,2.27126997759733,0.624049409978038,"OK",1,5
3039312,"Plateletcrit [Volume Fraction] in Blood","Measurement",7,13,289,0.521091811414392,0.17603830767246,1.40527112920588,0.183114585871927,"OK",1,5
3024561,"Albumin [Mass/volume] in Serum or Plasma","Measurement",7,8,289,0.846774193548387,0.261396946063753,2.6722830075709,0.800775218221953,"OK",1,5
3002590,"Prealbumin [Mass/volume] in Serum or Plasma by Electrophoresis","Measurement",7,6,289,1.12903225806452,0.324899613542721,4.06648603569403,1,"OK",1,5
3013721,"Aspartate aminotransferase [Enzymatic activity/volume] in Serum or Plasma","Measurement",7,11,289,0.6158357771261,0.202421768593822,1.73959803016556,0.352444163185223,"OK",1,5
3018010,"Neutrophils/100 leukocytes in Blood","Measurement",7,13,289,0.521091811414392,0.17603830767246,1.40527112920588,0.183114585871927,"OK",1,5
3012095,"Magnesium [Moles/volume] in Serum or Plasma","Measurement",0,0,289,NA,NA,NA,NA,"SUPPRESSED_MINCELL",NA,5
3010866,"Cholinesterase [Enzymatic activity/volume] in Serum or Plasma","Measurement",6,7,289,0.829493087557604,0.230303127927558,2.88250405558247,0.78743644071796,"OK",1,5
3016682,"Platelets [#/volume] in Plasma by Automated count","Measurement",6,10,289,0.580645161290323,0.173441208102953,1.76332227277258,0.325288638612006,"OK",1,5
3020630,"Protein [Mass/volume] in Serum or Plasma","Measurement",6,5,289,1.16129032258065,0.295288407942591,4.81023255812863,1,"OK",1,5
3037511,"Lymphocytes/100 leukocytes in Blood by Automated count","Measurement",6,9,289,0.645161290322581,0.188964577377492,2.0295716465676,0.447859347323133,"OK",1,5
3039417,"Platelet distribution width [Ratio] in Blood","Measurement",6,14,289,0.414746543778802,0.130631272482479,1.14887888355517,0.0742598682206735,"OK",0.748539471664389,5
43534077,"Urea [Moles/volume] in Blood","Measurement",6,6,289,0.967741935483871,0.258714384798201,3.6199164357427,1,"OK",1,5
3005162,"Calcium [Moles/volume] in Blood","Measurement",6,7,289,0.829493087557604,0.230303127927558,2.88250405558247,0.78743644071796,"OK",1,5
3024128,"Bilirubin.total [Mass/volume] in Serum or Plasma","Measurement",6,6,289,0.967741935483871,0.258714384798201,3.6199164357427,1,"OK",1,5
3020416,"Erythrocytes [#/volume] in Blood by Automated count","Measurement",6,13,289,0.446650124069479,0.139211120159217,1.25952027329775,0.110257427844206,"OK",0.968203573572807,5
3035995,"Alkaline phosphatase [Enzymatic activity/volume] in Serum or Plasma","Measurement",5,8,289,0.604838709677419,0.155683562851691,2.09688939540642,0.416993012001436,"OK",1,5
3052649,"Adenosine deaminase [Enzymatic activity/volume] in Serum or Plasma","Measurement",5,6,289,0.806451612903226,0.194694215378729,3.17155847809693,0.77102386151285,"OK",1,5
24966,"Esophageal varices","Condition",5,57,289,0.0848896434634974,0.0265522450741308,0.209921574490062,9.58370645384424e-13,"OK",8.05031342122916e-11,5
3028110,"Bile acid [Moles/volume] in Serum or Plasma","Measurement",5,5,289,0.967741935483871,0.222718518327201,4.20496894792645,1,"OK",1,5
46235079,"Carbon dioxide, total [Moles/volume] in Serum, Plasma or Blood","Measurement",5,9,289,0.53763440860215,0.141543018379335,1.78637506273597,0.294607222768238,"OK",1,5
3014576,"Chloride [Moles/volume] in Serum or Plasma","Measurement",5,8,289,0.604838709677419,0.155683562851691,2.09688939540642,0.416993012001436,"OK",1,5
3003805,"Alpha fucosidase [Enzymatic activity/volume] in Serum or Plasma","Measurement",0,0,289,NA,NA,NA,NA,"SUPPRESSED_MINCELL",NA,5
3017732,"Neutrophils [#/volume] in Blood","Measurement",0,0,289,NA,NA,NA,NA,"SUPPRESSED_MINCELL",NA,5
4228222,"Hypoproteinemia","Condition",0,0,289,NA,NA,NA,NA,"SUPPRESSED_MINCELL",NA,5
3030366,"Cystatin C [Mass/volume] in Serum or Plasma","Measurement",0,0,289,NA,NA,NA,NA,"SUPPRESSED_MINCELL",NA,5
3006923,"Alanine aminotransferase [Enzymatic activity/volume] in Serum or Plasma","Measurement",0,0,289,NA,NA,NA,NA,"SUPPRESSED_MINCELL",NA,5
3022096,"Basophils/100 leukocytes in Blood","Measurement",0,0,289,NA,NA,NA,NA,"SUPPRESSED_MINCELL",NA,5
3025839,"Triglyceride [Moles/volume] in Serum or Plasma","Measurement",0,0,289,NA,NA,NA,NA,"SUPPRESSED_MINCELL",NA,5
3005353,"Prothrombin activity actual/normal in Platelet poor plasma by Coagulation assay","Measurement",0,0,289,NA,NA,NA,NA,"SUPPRESSED_MINCELL",NA,5
4029488,"Hepatic encephalopathy","Condition",0,0,289,NA,NA,NA,NA,"SUPPRESSED_MINCELL",NA,5
46235784,"Sodium [Moles/volume] in Serum, Plasma or Blood","Measurement",0,0,289,NA,NA,NA,NA,"SUPPRESSED_MINCELL",NA,5
3034426,"Prothrombin time (PT)","Measurement",0,0,289,NA,NA,NA,NA,"SUPPRESSED_MINCELL",NA,5
3031305,"aPTT panel - Platelet poor plasma","Measurement",0,0,289,NA,NA,NA,NA,"SUPPRESSED_MINCELL",NA,5
3026910,"Gamma glutamyl transferase [Enzymatic activity/volume] in Serum or Plasma","Measurement",0,0,289,NA,NA,NA,NA,"SUPPRESSED_MINCELL",NA,5
3007835,"Cancer Ag 125 [Presence] in Serum or Plasma","Measurement",0,0,289,NA,NA,NA,NA,"SUPPRESSED_MINCELL",NA,5
3052964,"Fibrinogen [Mass/volume] in Platelet poor plasma by Coagulation.derived","Measurement",0,0,289,NA,NA,NA,NA,"SUPPRESSED_MINCELL",NA,5
3036887,"Ammonia [Mass/volume] in Plasma","Measurement",0,0,289,NA,NA,NA,NA,"SUPPRESSED_MINCELL",NA,5
3009932,"Eosinophils [#/volume] in Blood by Manual count","Measurement",0,0,289,NA,NA,NA,NA,"SUPPRESSED_MINCELL",NA,5
3010156,"C reactive protein [Mass/volume] in Serum or Plasma by High sensitivity method","Measurement",0,0,289,NA,NA,NA,NA,"SUPPRESSED_MINCELL",NA,5
40759253,"Cholesterol in HDL 2a [Moles/volume] in Serum or Plasma","Measurement",0,0,289,NA,NA,NA,NA,"SUPPRESSED_MINCELL",NA,5
3027651,"Basophils [#/volume] in Blood by Manual count","Measurement",0,0,289,NA,NA,NA,NA,"SUPPRESSED_MINCELL",NA,5
3027114,"Cholesterol [Mass/volume] in Serum or Plasma","Measurement",0,0,289,NA,NA,NA,NA,"SUPPRESSED_MINCELL",NA,5
3026076,"Alpha hydroxybutyrate dehydrogenase [Enzymatic activity/volume] in Serum or Plasma","Measurement",0,0,289,NA,NA,NA,NA,"SUPPRESSED_MINCELL",NA,5
3016723,"Creatinine [Mass/volume] in Serum or Plasma","Measurement",0,0,289,NA,NA,NA,NA,"SUPPRESSED_MINCELL",NA,5
3037850,"Specific gravity of Body fluid","Measurement",0,0,289,NA,NA,NA,NA,"SUPPRESSED_MINCELL",NA,5
3028437,"Cholesterol in LDL [Mass/volume] in Serum or Plasma","Measurement",0,0,289,NA,NA,NA,NA,"SUPPRESSED_MINCELL",NA,5
3009596,"Cholesterol in VLDL [Mass/volume] in Serum or Plasma by calculation","Measurement",0,0,289,NA,NA,NA,NA,"SUPPRESSED_MINCELL",NA,5
46236949,"Alanine aminotransferase [Enzymatic activity/volume] in Serum, Plasma or Blood","Measurement",0,0,289,NA,NA,NA,NA,"SUPPRESSED_MINCELL",NA,5
42869583,"Hematocrit [Pure volume fraction] of Body fluid","Measurement",0,0,289,NA,NA,NA,NA,"SUPPRESSED_MINCELL",NA,5
1002070,"Acarboxyprothrombin [Units/volume] in Serum or Plasma","Measurement",0,0,289,NA,NA,NA,NA,"SUPPRESSED_MINCELL",NA,5
3051714,"Fibrin D-dimer FEU [Mass/volume] in Platelet poor plasma","Measurement",0,0,289,NA,NA,NA,NA,"SUPPRESSED_MINCELL",NA,5
3007220,"Creatine kinase [Enzymatic activity/volume] in Serum or Plasma","Measurement",0,0,289,NA,NA,NA,NA,"SUPPRESSED_MINCELL",NA,5
3018913,"Phosphate [Moles/volume] in Blood","Measurement",0,0,289,NA,NA,NA,NA,"SUPPRESSED_MINCELL",NA,5
3011958,"Ammonia [Moles/volume] in Plasma","Measurement",0,0,289,NA,NA,NA,NA,"SUPPRESSED_MINCELL",NA,5
3016436,"Lactate dehydrogenase [Enzymatic activity/volume] in Serum or Plasma","Measurement",0,0,289,NA,NA,NA,NA,"SUPPRESSED_MINCELL",NA,5
3006742,"Cancer Ag 15-3 [Presence] in Serum or Plasma","Measurement",0,0,289,NA,NA,NA,NA,"SUPPRESSED_MINCELL",NA,5
3029790,"Creatine kinase.MB [Enzymatic activity/volume] in Serum or Plasma","Measurement",0,0,289,NA,NA,NA,NA,"SUPPRESSED_MINCELL",NA,5
3966438,"CE Ab [Presence] in Serum or Plasma","Measurement",0,0,289,NA,NA,NA,NA,"SUPPRESSED_MINCELL",NA,5
37172783,"Alpha-fetoprotein mass concentration in plasma","Measurement",0,0,289,NA,NA,NA,NA,"SUPPRESSED_MINCELL",NA,5
3008364,"Apolipoprotein A-I [Mass/volume] in Serum or Plasma","Measurement",0,0,289,NA,NA,NA,NA,"SUPPRESSED_MINCELL",NA,5
40762352,"Hemoglobin A1c/Hemoglobin.total in Blood by IFCC protocol","Measurement",0,0,289,NA,NA,NA,NA,"SUPPRESSED_MINCELL",NA,5
46236948,"Glucose [Moles/volume] in Serum, Plasma or Blood","Measurement",0,0,289,NA,NA,NA,NA,"SUPPRESSED_MINCELL",NA,5
3029879,"Epithelial cells.squamous [#/volume] in Urine by Automated count","Measurement",0,0,289,NA,NA,NA,NA,"SUPPRESSED_MINCELL",NA,5
619607,"Esophageal varices due to cirrhosis of liver","Condition",0,0,289,NA,NA,NA,NA,"SUPPRESSED_MINCELL",NA,5
3002656,"Lipoproteins [Mass/volume] in Serum or Plasma","Measurement",0,0,289,NA,NA,NA,NA,"SUPPRESSED_MINCELL",NA,5
3003785,"Carcinoembryonic Ag [Mass/volume] in Serum or Plasma","Measurement",0,0,289,NA,NA,NA,NA,"SUPPRESSED_MINCELL",NA,5
3005029,"Protein [Mass/volume] in Body fluid","Measurement",0,0,289,NA,NA,NA,NA,"SUPPRESSED_MINCELL",NA,5
3007070,"Cholesterol in HDL [Mass/volume] in Serum or Plasma","Measurement",0,0,289,NA,NA,NA,NA,"SUPPRESSED_MINCELL",NA,5
3008143,"IgG [Presence] in Serum","Measurement",0,0,289,NA,NA,NA,NA,"SUPPRESSED_MINCELL",NA,5
3008342,"Neutrophils/100 leukocytes in Blood by Automated count","Measurement",0,0,289,NA,NA,NA,NA,"SUPPRESSED_MINCELL",NA,5
3008893,"Testosterone [Mass/volume] in Serum or Plasma","Measurement",0,0,289,NA,NA,NA,NA,"SUPPRESSED_MINCELL",NA,5
3010748,"Hematocrit/Hemoglobin [Ratio] of Blood by Automated count","Measurement",0,0,289,NA,NA,NA,NA,"SUPPRESSED_MINCELL",NA,5
3010963,"Hepatitis B virus e Ab [Units/volume] in Serum by Radioimmunoassay (RIA)","Measurement",0,0,289,NA,NA,NA,NA,"SUPPRESSED_MINCELL",NA,5
3012898,"Urea [Moles/volume] in Urine","Measurement",0,0,289,NA,NA,NA,NA,"SUPPRESSED_MINCELL",NA,5
3014791,"Apolipoprotein B [Mass/volume] in Serum or Plasma","Measurement",0,0,289,NA,NA,NA,NA,"SUPPRESSED_MINCELL",NA,5
3015377,"Calcium [Moles/volume] in Serum or Plasma","Measurement",0,0,289,NA,NA,NA,NA,"SUPPRESSED_MINCELL",NA,5
3016407,"Fibrinogen [Mass/volume] in Platelet poor plasma by Coagulation assay","Measurement",0,0,289,NA,NA,NA,NA,"SUPPRESSED_MINCELL",NA,5
3016771,"Amylase [Enzymatic activity/volume] in Serum or Plasma","Measurement",0,0,289,NA,NA,NA,NA,"SUPPRESSED_MINCELL",NA,5
3019209,"Epstein Barr virus capsid IgM Ab [Presence] in Serum by Immunoassay","Measurement",0,0,289,NA,NA,NA,NA,"SUPPRESSED_MINCELL",NA,5
3022764,"Mononuclear cells/100 leukocytes in Peritoneal fluid","Measurement",0,0,289,NA,NA,NA,NA,"SUPPRESSED_MINCELL",NA,5
3023091,"Interleukin 6 [Mass/volume] in Serum or Plasma","Measurement",0,0,289,NA,NA,NA,NA,"SUPPRESSED_MINCELL",NA,5
3023314,"Hematocrit [Volume Fraction] of Blood by Automated count","Measurement",0,0,289,NA,NA,NA,NA,"SUPPRESSED_MINCELL",NA,5
3028286,"Albumin [Mass/volume] in Serum or Plasma by Electrophoresis","Measurement",0,0,289,NA,NA,NA,NA,"SUPPRESSED_MINCELL",NA,5
3028465,"Gamma glutamyl transferase [Enzymatic activity/volume] in Body fluid","Measurement",0,0,289,NA,NA,NA,NA,"SUPPRESSED_MINCELL",NA,5
3028531,"Enolase.neuron specific [Mass/volume] in Serum or Plasma","Measurement",0,0,289,NA,NA,NA,NA,"SUPPRESSED_MINCELL",NA,5
3030981,"Hyaline casts [#/volume] in Urine by Automated count","Measurement",0,0,289,NA,NA,NA,NA,"SUPPRESSED_MINCELL",NA,5
3032080,"INR in Blood by Coagulation assay","Measurement",0,0,289,NA,NA,NA,NA,"SUPPRESSED_MINCELL",NA,5
3037202,"Fibrin+Fibrinogen fragments [Mass/volume] in Serum","Measurement",0,0,289,NA,NA,NA,NA,"SUPPRESSED_MINCELL",NA,5
3040139,"Yeast.hyphae [#/volume] in Urine by Computer assisted method","Measurement",0,0,289,NA,NA,NA,NA,"SUPPRESSED_MINCELL",NA,5
4225905,"Liver cyst","Condition",0,0,289,NA,NA,NA,NA,"SUPPRESSED_MINCELL",NA,5
36717642,"Gastric varices without bleeding","Condition",0,0,289,NA,NA,NA,NA,"SUPPRESSED_MINCELL",NA,5
40760007,"HIV 1+2 Ab+HIV1 p24 Ag [Presence] in Serum or Plasma by Immunoassay","Measurement",0,0,289,NA,NA,NA,NA,"SUPPRESSED_MINCELL",NA,5
40760909,"Oxygen content in Blood by calculation","Measurement",0,0,289,NA,NA,NA,NA,"SUPPRESSED_MINCELL",NA,5
42869548,"Treponema pallidum Ab [Titer] in Serum or Plasma by Agglutination","Measurement",0,0,289,NA,NA,NA,NA,"SUPPRESSED_MINCELL",NA,5
43534062,"3-epi-25-Hydroxyvitamin D3/25-hydroxyvitamin D.total in Serum or Plasma","Measurement",0,0,289,NA,NA,NA,NA,"SUPPRESSED_MINCELL",NA,5
42529562,"Prostate Specific Ag Free [Mass/volume] in Serum or Plasma by Immunoassay","Measurement",0,0,289,1,NA,NA,1,"ZERO_EVENTS",1,5
3022893,"Aspartate aminotransferase/Alanine aminotransferase [Enzymatic activity ratio] in Serum or Plasma","Measurement",0,0,289,1,NA,NA,1,"ZERO_EVENTS",1,5
3022948,"Iron [Moles/volume] in Serum or Plasma","Measurement",0,0,289,1,NA,NA,1,"ZERO_EVENTS",1,5
42868533,"Mononuclear cells [#/volume] in Peritoneal fluid by Automated count","Measurement",0,0,289,1,NA,NA,1,"ZERO_EVENTS",1,5
3023202,"Hepatitis B virus e Ab [Units/volume] in Serum by Immunoassay","Measurement",0,0,289,1,NA,NA,1,"ZERO_EVENTS",1,5
42869547,"Procollagen type III.N-terminal propeptide [Mass/volume] in Serum","Measurement",0,0,289,1,NA,NA,1,"ZERO_EVENTS",1,5
3023323,"Follitropin [Units/volume] in Serum or Plasma","Measurement",0,0,289,1,NA,NA,1,"ZERO_EVENTS",1,5
3015736,"pH of Urine","Measurement",0,0,289,NA,NA,NA,NA,"SUPPRESSED_MINCELL",NA,5
3015242,"Ferritin [Mass/volume] in Serum or Plasma by Immunoassay","Measurement",0,0,289,1,NA,NA,1,"ZERO_EVENTS",1,5
3014749,"Leukocytes [#/volume] in Urine by Test strip","Measurement",0,0,289,1,NA,NA,1,"ZERO_EVENTS",1,5
3024552,"Cancer Ag 19-9 [Presence] in Serum or Plasma","Measurement",0,0,289,NA,NA,NA,NA,"SUPPRESSED_MINCELL",NA,5
3013603,"Prostate specific Ag [Mass/volume] in Serum or Plasma","Measurement",0,0,289,1,NA,NA,1,"ZERO_EVENTS",1,5
3024731,"MCV [Entitic volume]","Measurement",0,0,289,1,NA,NA,1,"ZERO_EVENTS",1,5
3024800,"Alpha 1 globulin/Protein.total in Serum or Plasma by Electrophoresis","Measurement",0,0,289,1,NA,NA,1,"ZERO_EVENTS",1,5
3025285,"Estradiol (E2) [Mass/volume] in Serum or Plasma","Measurement",0,0,289,1,NA,NA,1,"ZERO_EVENTS",1,5
3012413,"Glucose [Moles/volume] in Serum or Plasma --2 hours post meal","Measurement",0,0,289,NA,NA,NA,NA,"SUPPRESSED_MINCELL",NA,5
3011960,"Natriuretic peptide B [Mass/volume] in Serum or Plasma","Measurement",0,0,289,1,NA,NA,1,"ZERO_EVENTS",1,5
3026692,"Albumin [Mass/volume] in Peritoneal fluid","Measurement",0,0,289,1,NA,NA,1,"ZERO_EVENTS",1,5
3011904,"Phosphate [Mass/volume] in Serum or Plasma","Measurement",0,0,289,1,NA,NA,1,"ZERO_EVENTS",1,5
3011724,"Hepatitis B virus e Ag [Presence] in Serum by Radioimmunoassay (RIA)","Measurement",0,0,289,1,NA,NA,1,"ZERO_EVENTS",1,5
3011705,"Protein [Mass/volume] in 24 hour Urine","Measurement",0,0,289,1,NA,NA,1,"ZERO_EVENTS",1,5
3027144,"Progesterone [Mass/volume] in Serum or Plasma","Measurement",0,0,289,1,NA,NA,1,"ZERO_EVENTS",1,5
3011544,"Albumin [Mass/volume] in Pleural fluid","Measurement",0,0,289,1,NA,NA,1,"ZERO_EVENTS",1,5
3027801,"Oxygen [Partial pressure] in Arterial blood","Measurement",0,0,289,1,NA,NA,1,"ZERO_EVENTS",1,5
3027828,"Triiodothyronine (T3).reverse [Moles/volume] in Serum or Plasma","Measurement",0,0,289,1,NA,NA,1,"ZERO_EVENTS",1,5
3011412,"CD3 cells [#/volume] in Blood","Measurement",0,0,289,1,NA,NA,1,"ZERO_EVENTS",1,5
3028167,"CD3+CD4+ (T4 helper) cells [#/volume] in Blood","Measurement",0,0,289,1,NA,NA,1,"ZERO_EVENTS",1,5
1617274,"Carbon dioxide, total [Moles/volume] in Central venous blood","Measurement",0,0,289,1,NA,NA,1,"ZERO_EVENTS",1,5
3010813,"Leukocytes [#/volume] in Blood","Measurement",0,0,289,NA,NA,NA,NA,"SUPPRESSED_MINCELL",NA,5
3000034,"Microalbumin [Mass/volume] in Urine","Measurement",0,0,289,1,NA,NA,1,"ZERO_EVENTS",1,5
43055483,"Glucose in serum - glucose in peritoneal fluid [Molar concentration difference]","Measurement",0,0,289,1,NA,NA,1,"ZERO_EVENTS",1,5
3010340,"Triiodothyronine (T3) [Mass/volume] in Serum or Plasma","Measurement",0,0,289,1,NA,NA,1,"ZERO_EVENTS",1,5
3029187,"Natriuretic peptide.B prohormone N-Terminal [Mass/volume] in Serum or Plasma","Measurement",0,0,289,1,NA,NA,1,"ZERO_EVENTS",1,5
3029707,"Crystals [#/volume] in Urine by Automated count","Measurement",0,0,289,1,NA,NA,1,"ZERO_EVENTS",1,5
3010084,"C peptide [Mass/volume] in Serum or Plasma","Measurement",0,0,289,1,NA,NA,1,"ZERO_EVENTS",1,5
3029794,"Leukocyte clumps [#/volume] in Urine by Automated count","Measurement",0,0,289,1,NA,NA,1,"ZERO_EVENTS",1,5
3009931,"Hyaluronate [Mass/volume] in Serum or Plasma","Measurement",0,0,289,1,NA,NA,1,"ZERO_EVENTS",1,5
3030306,"Epithelial cells.non-squamous [#/volume] in Urine by Automated count","Measurement",0,0,289,1,NA,NA,1,"ZERO_EVENTS",1,5
3009759,"Haptoglobin [Mass/volume] in Serum or Plasma by Electrophoresis","Measurement",0,0,289,1,NA,NA,1,"ZERO_EVENTS",1,5
3030511,"Albumin [Mass/volume] in 24 hour Urine by Electrophoresis","Measurement",0,0,289,1,NA,NA,1,"ZERO_EVENTS",1,5
3030664,"Beta 1 globulin [Mass/volume] in Body fluid by Electrophoresis","Measurement",0,0,289,1,NA,NA,1,"ZERO_EVENTS",1,5
3030929,"Transferrin.carbohydrate deficient.XXX/Transferrin.total in Serum or Plasma","Measurement",0,0,289,1,NA,NA,1,"ZERO_EVENTS",1,5
1616684,"HBc+HBe+p22cr Ag [Units/volume] in Serum or Plasma by Immunoassay","Measurement",0,0,289,1,NA,NA,1,"ZERO_EVENTS",1,5
3009201,"Thyrotropin [Units/volume] in Serum or Plasma","Measurement",0,0,289,NA,NA,NA,NA,"SUPPRESSED_MINCELL",NA,5
3031767,"Vascular endothelial growth factor [Mass/volume] in Serum or Plasma","Measurement",0,0,289,1,NA,NA,1,"ZERO_EVENTS",1,5
3031987,"Alpha-1-Fetoprotein L3/Alpha-1-fetoprotein.total in Serum or Plasma","Measurement",0,0,289,NA,NA,NA,NA,"SUPPRESSED_MINCELL",NA,5
1989123,"Erythrocytes.ghost cells [#/volume] in Urine sediment by Computer assisted method","Measurement",0,0,289,1,NA,NA,1,"ZERO_EVENTS",1,5
3032488,"Lactate dehydrogenase in pleural fluid/Lactate dehydrogenase in serum","Measurement",0,0,289,1,NA,NA,1,"ZERO_EVENTS",1,5
3032567,"Hepatitis B virus DNA [Units/volume] (viral load) in Serum or Plasma by NAA with probe detection","Measurement",0,0,289,1,NA,NA,1,"ZERO_EVENTS",1,5
3032632,"Band form neutrophils [#/volume] in Body fluid","Measurement",0,0,289,1,NA,NA,1,"ZERO_EVENTS",1,5
3032893,"Mononuclear cells [#/volume] in Pleural fluid","Measurement",0,0,289,1,NA,NA,1,"ZERO_EVENTS",1,5
3034165,"Alpha-1-Fetoprotein [Mass/volume] in Body fluid","Measurement",0,0,289,1,NA,NA,1,"ZERO_EVENTS",1,5
3009105,"Erythrocytes [#/volume] in Urine by Test strip","Measurement",0,0,289,1,NA,NA,1,"ZERO_EVENTS",1,5
3034459,"Mononuclear cells/100 leukocytes in Pleural fluid","Measurement",0,0,289,1,NA,NA,1,"ZERO_EVENTS",1,5
3034639,"Hemoglobin A1c [Mass/volume] in Blood","Measurement",0,0,289,1,NA,NA,1,"ZERO_EVENTS",1,5
3034780,"Angiotensin converting enzyme [Enzymatic activity/volume] in Serum or Plasma","Measurement",0,0,289,NA,NA,NA,NA,"SUPPRESSED_MINCELL",NA,5
3008877,"Alpha-1-acid glycoprotein [Mass/volume] in Serum or Plasma","Measurement",0,0,289,1,NA,NA,1,"ZERO_EVENTS",1,5
3036428,"Adenosine deaminase [Enzymatic activity/volume] in Pleural fluid","Measurement",0,0,289,1,NA,NA,1,"ZERO_EVENTS",1,5
3036677,"Immunoglobulin light chains [Mass/volume] in Urine","Measurement",0,0,289,1,NA,NA,1,"ZERO_EVENTS",1,5
3008486,"Thyroxine (T4) free [Moles/volume] in Serum or Plasma","Measurement",0,0,289,1,NA,NA,1,"ZERO_EVENTS",1,5
46234928,"Hepatitis B virus e Ab [Presence] in Serum, Plasma or Blood by Rapid immunoassay","Measurement",0,0,289,1,NA,NA,1,"ZERO_EVENTS",1,5
3008304,"Triiodothyronine (T3) [Moles/volume] in Serum or Plasma","Measurement",0,0,289,1,NA,NA,1,"ZERO_EVENTS",1,5
3006453,"Hepatitis B virus surface Ab [Presence] in Serum by Immunoassay","Measurement",0,0,289,1,NA,NA,1,"ZERO_EVENTS",1,5
3038334,"Lactate dehydrogenase in peritoneal fluid/Lactate dehydrogenase in serum","Measurement",0,0,289,1,NA,NA,1,"ZERO_EVENTS",1,5
3006330,"Alpha 2 globulin/Protein.total in Serum or Plasma by Electrophoresis","Measurement",0,0,289,1,NA,NA,1,"ZERO_EVENTS",1,5
3006297,"Platelets [#/volume] in Plasma","Measurement",0,0,289,1,NA,NA,1,"ZERO_EVENTS",1,5
3039426,"Oxygen saturation Calculated from oxygen partial pressure in Arterial blood","Measurement",0,0,289,1,NA,NA,1,"ZERO_EVENTS",1,5
3039902,"Granular casts [#/volume] in Urine by Computer assisted method","Measurement",0,0,289,1,NA,NA,1,"ZERO_EVENTS",1,5
46234929,"Hepatitis B virus e Ag [Presence] in Serum, Plasma or Blood by Rapid immunoassay","Measurement",0,0,289,1,NA,NA,1,"ZERO_EVENTS",1,5
3040208,"Hepatitis E virus IgM Ab [Units/volume] in Serum","Measurement",0,0,289,NA,NA,NA,NA,"SUPPRESSED_MINCELL",NA,5
3040659,"Glucose [Moles/volume] in Serum or Plasma --1 hour post meal","Measurement",0,0,289,NA,NA,NA,NA,"SUPPRESSED_MINCELL",NA,5
3041096,"Erythrocytes [Presence] in Urine by Automated","Measurement",0,0,289,1,NA,NA,1,"ZERO_EVENTS",1,5
3043387,"Monocytes/100 leukocytes in Pleural fluid","Measurement",0,0,289,1,NA,NA,1,"ZERO_EVENTS",1,5
3005996,"Glucose [Mass/volume] in Serum or Plasma --3 hours post 1.2 g/kg lactose PO","Measurement",0,0,289,NA,NA,NA,NA,"SUPPRESSED_MINCELL",NA,5
3044042,"Cancer Ag 50 [Units/volume] in Serum or Plasma","Measurement",0,0,289,1,NA,NA,1,"ZERO_EVENTS",1,5
3045975,"IgA [Presence] in Serum","Measurement",0,0,289,NA,NA,NA,NA,"SUPPRESSED_MINCELL",NA,5
3046279,"Procalcitonin [Mass/volume] in Serum or Plasma","Measurement",0,0,289,1,NA,NA,1,"ZERO_EVENTS",1,5
3049408,"Hepatitis B virus surface Ag [Presence] in Serum from Donor by Immunoassay","Measurement",0,0,289,1,NA,NA,1,"ZERO_EVENTS",1,5
3005895,"Myoglobin [Mass/volume] in Serum or Plasma","Measurement",0,0,289,1,NA,NA,1,"ZERO_EVENTS",1,5
3052007,"Protein Fractions [Interpretation] in Body fluid","Measurement",0,0,289,1,NA,NA,1,"ZERO_EVENTS",1,5
3005673,"Hemoglobin A1c/Hemoglobin.total in Blood by HPLC","Measurement",0,0,289,NA,NA,NA,NA,"SUPPRESSED_MINCELL",NA,5
3052822,"Hepatitis C virus Ab [Presence] in Serum from Donor by Immunoassay","Measurement",0,0,289,1,NA,NA,1,"ZERO_EVENTS",1,5
3005071,"Albumin/Protein.total in Body fluid by Electrophoresis","Measurement",0,0,289,1,NA,NA,1,"ZERO_EVENTS",1,5
3004789,"Transferrin [Mass/volume] in Serum or Plasma","Measurement",0,0,289,1,NA,NA,1,"ZERO_EVENTS",1,5
3004391,"Epithelial cells [#/volume] in Urine by Manual count","Measurement",0,0,289,1,NA,NA,1,"ZERO_EVENTS",1,5
3004327,"Lymphocytes [#/volume] in Blood by Automated count","Measurement",0,0,289,1,NA,NA,1,"ZERO_EVENTS",1,5
3003470,"Hepatitis C virus Ab [Units/volume] in Serum by Immunoassay","Measurement",0,0,289,NA,NA,NA,NA,"SUPPRESSED_MINCELL",NA,5
3002971,"Nuclear Ab [Titer] in Serum by Immunofluorescence","Measurement",0,0,289,NA,NA,NA,NA,"SUPPRESSED_MINCELL",NA,5
46234930,"Hepatitis B virus surface Ab [Presence] in Serum, Plasma or Blood by Rapid immunoassay","Measurement",0,0,289,1,NA,NA,1,"ZERO_EVENTS",1,5
3002736,"Platelet distribution width [Entitic volume] in Blood by Automated count","Measurement",0,0,289,1,NA,NA,1,"ZERO_EVENTS",1,5
4263457,"Aspartate aminotransferase measurement","Measurement",0,0,289,1,NA,NA,1,"ZERO_EVENTS",1,5
3001643,"Hemoglobin and Hematocrit panel - Blood","Measurement",0,0,289,1,NA,NA,1,"ZERO_EVENTS",1,5
21491346,"Pathologic casts [#/volume] in Urine by Automated count","Measurement",0,0,289,1,NA,NA,1,"ZERO_EVENTS",1,5
21493866,"Erythrocytes [#/volume] in Peritoneal dialysis fluid by Automated count","Measurement",0,0,289,1,NA,NA,1,"ZERO_EVENTS",1,5
36031203,"Mononuclear cells [#] in Blood product unit","Measurement",0,0,289,1,NA,NA,1,"ZERO_EVENTS",1,5
36304079,"Mucus [Presence] in Urine sediment","Measurement",0,0,289,NA,NA,NA,NA,"SUPPRESSED_MINCELL",NA,5
1988606,"C reactive protein [Units/volume] in Body fluid","Measurement",0,0,289,1,NA,NA,1,"ZERO_EVENTS",1,5
3001405,"CD3+CD8+ (T8 suppressor) cells [#/volume] in Blood","Measurement",0,0,289,1,NA,NA,1,"ZERO_EVENTS",1,5
3001127,"Alpha 1 antitrypsin [Mass/volume] in Serum or Plasma by Nephelometry","Measurement",0,11,289,0,0,0.385580801126112,0.000407104231758357,"OK",0.011398918489234,5
3001019,"Free T4 and TSH panel - Serum or Plasma","Measurement",0,0,289,NA,NA,NA,NA,"SUPPRESSED_MINCELL",NA,5
1988277,"Alpha-1-Fetoprotein L3 [Mass/volume] in Serum or Plasma by Immunoassay","Measurement",0,0,289,1,NA,NA,1,"ZERO_EVENTS",1,5
40760213,"Phenol [Mass/volume] adjusted to specific gravity 1.024 in Urine","Measurement",0,0,289,1,NA,NA,1,"ZERO_EVENTS",1,5
40760528,"Thyrotropin receptor Ab [Units/volume] in Serum by Immunoassay","Measurement",0,0,289,1,NA,NA,1,"ZERO_EVENTS",1,5
1988100,"Leukocytes [#/volume] in Peritoneal dialysis fluid by Automated count","Measurement",0,0,289,1,NA,NA,1,"ZERO_EVENTS",1,5
3000659,"Cytokeratin 19 [Mass/volume] in Serum or Plasma","Measurement",0,0,289,1,NA,NA,1,"ZERO_EVENTS",1,5
40763081,"Lactate dehydrogenase [Enzymatic activity/volume] in Pleural fluid by Pyruvate to lactate reaction","Measurement",0,0,289,1,NA,NA,1,"ZERO_EVENTS",1,5
3000620,"Complement C3 [Mass/volume] in Serum or Plasma","Measurement",0,0,289,1,NA,NA,1,"ZERO_EVENTS",1,5
40768039,"Oxygen [Partial pressure] saturation adjusted to 0.5 in Blood","Measurement",0,0,289,1,NA,NA,1,"ZERO_EVENTS",1,5
40769783,"Troponin T.cardiac [Mass/volume] in Serum or Plasma by High sensitivity method","Measurement",0,0,289,1,NA,NA,1,"ZERO_EVENTS",1,5
42529190,"Alpha-1-Fetoprotein [Mass/volume] in Serum or Plasma by Immunoassay","Measurement",0,0,289,1,NA,NA,1,"ZERO_EVENTS",1,5
42529194,"Beta-2-Microglobulin [Mass/volume] in Urine by Immunoassay","Measurement",0,0,289,1,NA,NA,1,"ZERO_EVENTS",1,5
42529199,"Cancer Ag 125 [Units/volume] in Serum or Plasma by Immunoassay","Measurement",0,0,289,NA,NA,NA,NA,"SUPPRESSED_MINCELL",NA,5
42529205,"Cortisol [Mass/volume] in Serum or Plasma by Immunoassay","Measurement",0,0,289,1,NA,NA,1,"ZERO_EVENTS",1,5
42529230,"Thyroxine (T4) [Mass/volume] in Serum or Plasma by Immunoassay","Measurement",0,0,289,1,NA,NA,1,"ZERO_EVENTS",1,5
3018095,"Leukocytes [#/volume] in Urine","Measurement",0,0,289,NA,NA,NA,NA,"SUPPRESSED_MINCELL",NA,5
3018387,"Mycoplasma pneumoniae IgG Ab [Units/volume] in Serum","Measurement",0,0,289,1,NA,NA,1,"ZERO_EVENTS",1,5
3018677,"aPTT in Platelet poor plasma by Coagulation assay","Measurement",0,0,289,NA,NA,NA,NA,"SUPPRESSED_MINCELL",NA,5
3018853,"Superoxide dismutase [Enzymatic activity/volume] in Plasma","Measurement",0,0,289,NA,NA,NA,NA,"SUPPRESSED_MINCELL",NA,5
3017250,"Creatinine [Mass/volume] in Urine","Measurement",0,0,289,1,NA,NA,1,"ZERO_EVENTS",1,5
42529231,"Thyroxine (T4) [Moles/volume] in Serum or Plasma by Immunoassay","Measurement",0,0,289,NA,NA,NA,NA,"SUPPRESSED_MINCELL",NA,5
3019284,"Hepatitis B virus surface Ag [Presence] in Serum","Measurement",0,0,289,1,NA,NA,1,"ZERO_EVENTS",1,5
3019446,"Platelet mean diameter [Entitic length] in Blood","Measurement",0,0,289,1,NA,NA,1,"ZERO_EVENTS",1,5
3019897,"Erythrocyte distribution width [Ratio] by Automated count","Measurement",0,0,289,1,NA,NA,1,"ZERO_EVENTS",1,5
3019900,"Cholesterol [Moles/volume] in Serum or Plasma","Measurement",0,0,289,NA,NA,NA,NA,"SUPPRESSED_MINCELL",NA,5
3019977,"pH of Arterial blood","Measurement",0,0,289,1,NA,NA,1,"ZERO_EVENTS",1,5
3017024,"Kappa light chains [Presence] in Serum by Immunoassay","Measurement",0,0,289,1,NA,NA,1,"ZERO_EVENTS",1,5
3016724,"Homocysteine [Moles/volume] in Serum or Plasma","Measurement",0,0,289,1,NA,NA,1,"ZERO_EVENTS",1,5
3016070,"Creatine kinase.MB [Enzymatic activity/volume] in Serum or Plasma by Electrophoresis","Measurement",0,0,289,NA,NA,NA,NA,"SUPPRESSED_MINCELL",NA,5
3021200,"Thyroglobulin Ab [Units/volume] in Serum by Radioimmunoassay (RIA)","Measurement",0,0,289,1,NA,NA,1,"ZERO_EVENTS",1,5
3015759,"IgM [Presence] in Serum","Measurement",0,0,289,NA,NA,NA,NA,"SUPPRESSED_MINCELL",NA,5
3022177,"Hepatitis B virus core Ab [Units/volume] in Serum by Radioimmunoassay (RIA)","Measurement",0,0,289,1,NA,NA,1,"ZERO_EVENTS",1,5
