"outcome_concept_id","or","ci95l","ci95u","p","p_adj"
4291649,NA,NA,NA,NA,NA
3010568,NA,NA,NA,NA,NA
3020416,NA,NA,NA,NA,NA
3014576,NA,NA,NA,NA,NA
46235079,NA,NA,NA,NA,NA
3024386,NA,NA,NA,NA,NA
3002888,NA,NA,NA,NA,NA
46235078,NA,NA,NA,NA,NA
3043688,NA,NA,NA,NA,NA
3039312,NA,NA,NA,NA,NA
43534077,NA,NA,NA,NA,NA
3009744,NA,NA,NA,NA,NA
3026710,NA,NA,NA,NA,NA
439777,NA,NA,NA,NA,NA
3027651,NA,NA,NA,NA,NA
24966,NA,NA,NA,NA,NA
3028110,NA,NA,NA,NA,NA
3039417,NA,NA,NA,NA,NA
3001127,NA,NA,NA,NA,NA
3017732,NA,NA,NA,NA,NA
3964927,NA,NA,NA,NA,NA
46235784,NA,NA,NA,NA,NA
3001604,NA,NA,NA,NA,NA
3012898,NA,NA,NA,NA,NA
46236948,NA,NA,NA,NA,NA
37116804,NA,NA,NA,NA,NA
3016682,NA,NA,NA,NA,NA
3009542,NA,NA,NA,NA,NA
3035995,NA,NA,NA,NA,NA
619607,NA,NA,NA,NA,NA
