concept_id,concept_name,domain,occurrence_count,patient_count,avg_days_to_onset
37116804,Improved dentition,Condition,211,74,66.4
4225273,Chronic gastritis,Condition,88,52,126.8
194574,Chronic type B viral hepatitis,Condition,60,47,109.0
4291649,Upper gastrointestinal bleeding,Condition,61,44,59.4
196951,Chronic congestive splenomegaly,Condition,60,39,112.8
24966,Esophageal varices,Condition,89,36,120.1
443530,Hematochezia,Condition,32,27,81.8
439777,Anemia,Condition,32,26,77.6
4296301,Hepatic congestion,Condition,76,25,167.2
619607,Esophageal varices due to cirrhosis of liver,Condition,48,23,72.4
45772057,Cirrhosis of liver due to hepatitis B,Condition,43,23,138.7
4228222,Hypoproteinemia,Condition,34,20,113.4
26727,Hematemesis,Condition,23,19,78.7
4029488,Hepatic encephalopathy,Condition,42,18,149.8
28779,Bleeding esophageal varices,Condition,40,18,94.1
3013721,Aspartate aminotransferase [Enzymatic activity/volume] in Serum or Plasma,Measurement,4397,310,133.1
3024128,Bilirubin.total [Mass/volume] in Serum or Plasma,Measurement,4291,309,133.6
3007242,Bilirubin.indirect [Moles/volume] in Serum or Plasma,Measurement,4291,309,133.6
3028638,Bilirubin.direct [Moles/volume] in Serum or Plasma,Measurement,4291,309,133.6
3010568,Globulin [Mass/volume] in Plasma,Measurement,4139,307,134.7
3035995,Alkaline phosphatase [Enzymatic activity/volume] in Serum or Plasma,Measurement,4135,307,134.6
3020509,Albumin/Globulin [Mass Ratio] in Serum or Plasma,Measurement,4135,307,134.6
3043688,Hemoglobin [Mass/volume] in Body fluid,Measurement,5253,304,126.0
3020416,Erythrocytes [#/volume] in Blood by Automated count,Measurement,5175,304,126.4
3001604,Monocytes [#/volume] in Blood,Measurement,5152,304,126.3
3002888,Erythrocyte distribution width [Entitic volume],Measurement,5152,304,126.3
3010457,Eosinophils/100 leukocytes in Blood by Automated count,Measurement,5152,304,126.3
3017732,Neutrophils [#/volume] in Blood,Measurement,5152,304,126.3
3037511,Lymphocytes/100 leukocytes in Blood by Automated count,Measurement,5152,304,126.3
3016682,Platelets [#/volume] in Plasma by Automated count,Measurement,5152,304,126.3
3027651,Basophils [#/volume] in Blood by Manual count,Measurement,5152,304,126.3
3026710,Lymphocytes [#/volume] in Blood by Flow cytometry (FC),Measurement,5152,304,126.3
3009744,MCHC [Mass/volume] by Automated count,Measurement,5152,304,126.3
3022096,Basophils/100 leukocytes in Blood,Measurement,5152,304,126.3
3964927,Monocytes/100 leukocytes in Blood by Flow cytometry (FC),Measurement,5152,304,126.3
3009932,Eosinophils [#/volume] in Blood by Manual count,Measurement,5152,304,126.3
3039417,Platelet distribution width [Ratio] in Blood,Measurement,5148,304,126.2
3039312,Plateletcrit [Volume Fraction] in Blood,Measurement,5148,304,126.2
3024386,Platelet mean volume [Entitic volume] in Blood by Rees-Ecker,Measurement,5148,304,126.2
46235078,Potassium [Moles/volume] in Serum  Plasma or Blood,Measurement,4450,304,127.6
46235784,Sodium [Moles/volume] in Serum  Plasma or Blood,Measurement,4450,304,127.6
3014576,Chloride [Moles/volume] in Serum or Plasma,Measurement,4450,304,127.6
3028110,Bile acid [Moles/volume] in Serum or Plasma,Measurement,3797,304,131.2
3052649,Adenosine deaminase [Enzymatic activity/volume] in Serum or Plasma,Measurement,3788,304,131.5
3010866,Cholinesterase [Enzymatic activity/volume] in Serum or Plasma,Measurement,3788,304,131.5
3003805,Alpha fucosidase [Enzymatic activity/volume] in Serum or Plasma,Measurement,3788,304,131.5
3002590,Prealbumin [Mass/volume] in Serum or Plasma by Electrophoresis,Measurement,3787,304,131.6
40766836,Hemoglobins that can be presumptively identified based on available controls in DBS,Measurement,4844,302,123.3
3016723,Creatinine [Mass/volume] in Serum or Plasma,Measurement,3589,302,138.1
46235079,Carbon dioxide  total [Moles/volume] in Serum  Plasma or Blood,Measurement,3278,302,137.9
