"outcome_concept_id","outcome_name","outcome_domain","post_events","pre_events","n_exposures","irr","ci95l","ci95u","p","reason_code","p_adj","min_cell_count"
37116804,"Improved dentition","Condition",134,113,341,1.14758778190123,0.886761412479085,1.48734248385745,0.308584677763431,"OK",1,5
194574,"Chronic type B viral hepatitis","Condition",100,81,341,1.194743130227,0.882392433716735,1.62181609668242,0.235412436040978,"OK",1,5
4225273,"Chronic gastritis","Condition",59,48,341,1.18951612903226,0.798888556841452,1.778992796391,0.385597055022433,"OK",1,5
24966,"Esophageal varices","Condition",57,33,341,1.67155425219941,1.07024790280955,2.64969320749233,0.0200136804779777,"OK",0.171367139092684,5
196951,"Chronic congestive splenomegaly","Condition",50,37,341,1.3077593722755,0.837968314294204,2.05763718947214,0.238546145324726,"OK",1,5
4291649,"Upper gastrointestinal bleeding","Condition",45,7,341,6.22119815668203,2.78496182367321,16.3508267526727,8.3396323534529e-08,"OK",2.2850592648461e-05,5
3000905,"Leukocytes [#/volume] in Blood by Automated count","Measurement",43,10,341,4.16129032258065,2.0590588959039,9.2870448807458,6.36675205443891e-06,"OK",0.000581496687638754,5
4296301,"Hepatic congestion","Condition",41,27,341,1.46953405017921,0.882504099366755,2.48418042548945,0.145049252808723,"OK",0.764297985953655,5
3017732,"Neutrophils [#/volume] in Blood","Measurement",40,14,341,2.76497695852535,1.47269398412256,5.50213035586264,0.000584359613444798,"OK",0.0160114534083875,5
45772057,"Cirrhosis of liver due to hepatitis B","Condition",37,41,341,0.873328088119591,0.544518895021616,1.39637505517389,0.572756045187944,"OK",1,5
3039417,"Platelet distribution width [Ratio] in Blood","Measurement",36,13,341,2.67990074441687,1.38790937146926,5.50671593172668,0.00150273516409732,"OK",0.0263035662052851,5
3009744,"MCHC [Mass/volume] by Automated count","Measurement",35,16,341,2.11693548387097,1.14121226503032,4.09621318800975,0.0115151284185075,"OK",0.112683756666824,5
3020416,"Erythrocytes [#/volume] in Blood by Automated count","Measurement",33,7,341,4.56221198156682,1.98457980025414,12.2198560733162,4.60795389951267e-05,"OK",0.00315644842116618,5
46235078,"Potassium [Moles/volume] in Serum, Plasma or Blood","Measurement",32,10,341,3.09677419354839,1.48532771451553,7.06223282269242,0.0010015293348847,"OK",0.0211091567506468,5
3024386,"Platelet mean volume [Entitic volume] in Blood by Rees-Ecker","Measurement",31,15,341,2,1.04766473875518,3.98676860837102,0.0268067373098042,"OK",0.222577152208677,5
3010568,"Globulin [Mass/volume] in Plasma","Measurement",31,10,341,3,1.43332734031615,6.85982788892486,0.00153597466892176,"OK",0.0263035662052851,5
3043688,"Hemoglobin [Mass/volume] in Body fluid","Measurement",29,7,341,4.00921658986175,1.71857940990196,10.8421061290727,0.000332583157988201,"OK",0.0113909731610959,5
3964927,"Monocytes/100 leukocytes in Blood by Flow cytometry (FC)","Measurement",29,16,341,1.75403225806452,0.921644699809655,3.45755615662942,0.0741735862040198,"OK",0.472640991160498,5
3016682,"Platelets [#/volume] in Plasma by Automated count","Measurement",29,6,341,4.67741935483871,1.90817730521225,13.7795206881006,0.000125011445121223,"OK",0.00489330513760215,5
3039312,"Plateletcrit [Volume Fraction] in Blood","Measurement",28,8,341,3.38709677419355,1.50402897335416,8.59960222162507,0.00125656435698083,"OK",0.0245927595580535,5
43534077,"Urea [Moles/volume] in Blood","Measurement",27,7,341,3.73271889400922,1.58581678719279,10.153005223952,0.000864821543052779,"OK",0.0211091567506468,5
3026710,"Lymphocytes [#/volume] in Blood by Flow cytometry (FC)","Measurement",25,7,341,3.45622119815668,1.45325758678373,9.46371167588728,0.00219230734087164,"OK",0.035334835964637,5
3020630,"Protein [Mass/volume] in Serum or Plasma","Measurement",0,0,341,NA,NA,NA,NA,"SUPPRESSED_MINCELL",NA,5
3001604,"Monocytes [#/volume] in Blood","Measurement",24,9,341,2.58064516129032,1.1580494662745,6.30871079277864,0.0139373338903246,"OK",0.127294316198298,5
3024561,"Albumin [Mass/volume] in Serum or Plasma","Measurement",24,13,341,1.78660049627792,0.874212133473167,3.82069359140635,0.100543354764918,"OK",0.598888678382338,5
46235784,"Sodium [Moles/volume] in Serum, Plasma or Blood","Measurement",24,8,341,2.90322580645161,1.26182454104253,7.4755983695432,0.00723801226595292,"OK",0.0790105775147026,5
3027114,"Cholesterol [Mass/volume] in Serum or Plasma","Measurement",23,7,341,3.17972350230415,1.32094856993332,8.7741821122379,0.00539922075457853,"OK",0.0643211515980224,5
40766836,"Hemoglobins that can be presumptively identified based on available controls in DBS","Measurement",23,14,341,1.58986175115207,0.784042853979561,3.34145101820702,0.189936757076055,"OK",0.929333418550698,5
3052649,"Adenosine deaminase [Enzymatic activity/volume] in Serum or Plasma","Measurement",23,16,341,1.39112903225806,0.703656530024219,2.81741187453819,0.339323329974281,"OK",1,5
3014576,"Chloride [Moles/volume] in Serum or Plasma","Measurement",22,6,341,3.54838709677419,1.39530719351808,10.6973351129115,0.00384404054112021,"OK",0.0547582480293089,5
439777,"Anemia","Condition",22,7,341,3.04147465437788,1.25490658650274,8.42931155726856,0.00837131016138756,"OK",0.0849532957118589,5
3028437,"Cholesterol in LDL [Mass/volume] in Serum or Plasma","Measurement",21,11,341,1.8475073313783,0.851557690744328,4.24304133154171,0.111709681179045,"OK",0.637676096730383,5
3020509,"Albumin/Globulin [Mass Ratio] in Serum or Plasma","Measurement",21,14,341,1.45161290322581,0.704000268527378,3.08633873084116,0.312787727686189,"OK",1,5
3028110,"Bile acid [Moles/volume] in Serum or Plasma","Measurement",0,0,341,NA,NA,NA,NA,"SUPPRESSED_MINCELL",NA,5
3023599,"MCV [Entitic volume] by Automated count","Measurement",20,13,341,1.48883374689826,0.704797702015008,3.25698337713607,0.298355427702229,"OK",1,5
3010866,"Cholinesterase [Enzymatic activity/volume] in Serum or Plasma","Measurement",20,5,341,3.87096774193548,1.40978371385569,13.1988690349239,0.00419680003144338,"OK",0.0547582480293089,5
46235079,"Carbon dioxide, total [Moles/volume] in Serum, Plasma or Blood","Measurement",20,5,341,3.87096774193548,1.40978371385569,13.1988690349239,0.00419680003144338,"OK",0.0547582480293089,5
3007242,"Bilirubin.indirect [Moles/volume] in Serum or Plasma","Measurement",19,14,341,1.31336405529954,0.624339560774733,2.8308724922817,0.488793758368636,"OK",1,5
443530,"Hematochezia","Condition",19,0,341,Inf,4.51624328063682,Inf,3.9910730553279e-06,"OK",0.000546777008579923,5
3002888,"Erythrocyte distribution width [Entitic volume]","Measurement",19,5,341,3.67741935483871,1.32813575861718,12.6015331501001,0.00677930478627632,"OK",0.0773970629766546,5
3009542,"Hematocrit [Volume Fraction] of Blood","Measurement",0,0,341,NA,NA,NA,NA,"SUPPRESSED_MINCELL",NA,5
3028638,"Bilirubin.direct [Moles/volume] in Serum or Plasma","Measurement",18,10,341,1.74193548387097,0.762377804523374,4.22382115288196,0.186587648099844,"OK",0.929333418550698,5
3013721,"Aspartate aminotransferase [Enzymatic activity/volume] in Serum or Plasma","Measurement",18,10,341,1.74193548387097,0.762377804523374,4.22382115288196,0.186587648099844,"OK",0.929333418550698,5
3002590,"Prealbumin [Mass/volume] in Serum or Plasma by Electrophoresis","Measurement",17,11,341,1.49560117302053,0.66081773777706,3.5324868759568,0.34675365223004,"OK",1,5
3052964,"Fibrinogen [Mass/volume] in Platelet poor plasma by Coagulation.derived","Measurement",17,7,341,2.35023041474654,0.926271326217132,6.70349004179829,0.0647631614558293,"OK",0.439866835374248,5
3022096,"Basophils/100 leukocytes in Blood","Measurement",16,7,341,2.21198156682028,0.86097532830674,6.35792679857773,0.0941449687976539,"OK",0.573238254456826,5
28779,"Bleeding esophageal varices","Condition",0,0,341,NA,NA,NA,NA,"SUPPRESSED_MINCELL",NA,5
3003805,"Alpha fucosidase [Enzymatic activity/volume] in Serum or Plasma","Measurement",15,8,341,1.81451612903226,0.722176397718899,4.94164174371539,0.211452461670036,"OK",1,5
26727,"Hematemesis","Condition",15,0,341,Inf,3.47104703923013,Inf,6.27634828887196e-05,"OK",0.00343943886230184,5
619607,"Esophageal varices due to cirrhosis of liver","Condition",15,11,341,1.31964809384164,0.566360534095833,3.17637298904437,0.558587412354921,"OK",1,5
3024128,"Bilirubin.total [Mass/volume] in Serum or Plasma","Measurement",14,10,341,1.35483870967742,0.559702422184641,3.40926159591544,0.542573960386474,"OK",1,5
4228222,"Hypoproteinemia","Condition",14,13,341,1.04218362282878,0.454355086926768,2.40803276561682,1,"OK",1,5
3005162,"Calcium [Moles/volume] in Blood","Measurement",0,0,341,NA,NA,NA,NA,"SUPPRESSED_MINCELL",NA,5
3031305,"aPTT panel - Platelet poor plasma","Measurement",0,0,341,NA,NA,NA,NA,"SUPPRESSED_MINCELL",NA,5
4029488,"Hepatic encephalopathy","Condition",12,11,341,1.05571847507331,0.426453807574464,2.64059399681912,1,"OK",1,5
3018010,"Neutrophils/100 leukocytes in Blood","Measurement",12,10,341,1.16129032258065,0.459826618778511,3.0006601425572,0.832308434083674,"OK",1,5
3035995,"Alkaline phosphatase [Enzymatic activity/volume] in Serum or Plasma","Measurement",0,0,341,NA,NA,NA,NA,"SUPPRESSED_MINCELL",NA,5
3001127,"Alpha 1 antitrypsin [Mass/volume] in Serum or Plasma by Nephelometry","Measurement",12,5,341,2.32258064516129,0.761657316941435,8.41546559872284,0.144376439844984,"OK",0.764297985953655,5
3027651,"Basophils [#/volume] in Blood by Manual count","Measurement",0,0,341,NA,NA,NA,NA,"SUPPRESSED_MINCELL",NA,5
3037511,"Lymphocytes/100 leukocytes in Blood by Automated count","Measurement",11,8,341,1.33064516129032,0.487504377282894,3.81072468203309,0.648457317582777,"OK",1,5
3012095,"Magnesium [Moles/volume] in Serum or Plasma","Measurement",0,0,341,NA,NA,NA,NA,"SUPPRESSED_MINCELL",NA,5
42869583,"Hematocrit [Pure volume fraction] of Body fluid","Measurement",0,0,341,NA,NA,NA,NA,"SUPPRESSED_MINCELL",NA,5
3009596,"Cholesterol in VLDL [Mass/volume] in Serum or Plasma by calculation","Measurement",10,7,341,1.38248847926267,0.475027843545966,4.27926455455745,0.629855596696524,"OK",1,5
3025839,"Triglyceride [Moles/volume] in Serum or Plasma","Measurement",10,8,341,1.20967741935484,0.429863965632953,3.52707998762987,0.814977535569883,"OK",1,5
3006923,"Alanine aminotransferase [Enzymatic activity/volume] in Serum or Plasma","Measurement",10,7,341,1.38248847926267,0.475027843545966,4.27926455455745,0.629855596696524,"OK",1,5
3030366,"Cystatin C [Mass/volume] in Serum or Plasma","Measurement",0,0,341,NA,NA,NA,NA,"SUPPRESSED_MINCELL",NA,5
3026910,"Gamma glutamyl transferase [Enzymatic activity/volume] in Serum or Plasma","Measurement",0,0,341,NA,NA,NA,NA,"SUPPRESSED_MINCELL",NA,5
3010457,"Eosinophils/100 leukocytes in Blood by Automated count","Measurement",9,8,341,1.08870967741935,0.372840511650814,3.24289471065986,1,"OK",1,5
3006742,"Cancer Ag 15-3 [Presence] in Serum or Plasma","Measurement",9,5,341,1.74193548387097,0.524259699561473,6.61653583777749,0.424836281355696,"OK",1,5
3014791,"Apolipoprotein B [Mass/volume] in Serum or Plasma","Measurement",9,5,341,1.74193548387097,0.524259699561473,6.61653583777749,0.424836281355696,"OK",1,5
3010156,"C reactive protein [Mass/volume] in Serum or Plasma by High sensitivity method","Measurement",8,7,341,1.10599078341014,0.350458559606442,3.58276738805378,1,"OK",1,5
3016436,"Lactate dehydrogenase [Enzymatic activity/volume] in Serum or Plasma","Measurement",0,0,341,NA,NA,NA,NA,"SUPPRESSED_MINCELL",NA,5
46236948,"Glucose [Moles/volume] in Serum, Plasma or Blood","Measurement",0,0,341,NA,NA,NA,NA,"SUPPRESSED_MINCELL",NA,5
3002656,"Lipoproteins [Mass/volume] in Serum or Plasma","Measurement",0,0,341,NA,NA,NA,NA,"SUPPRESSED_MINCELL",NA,5
3028465,"Gamma glutamyl transferase [Enzymatic activity/volume] in Body fluid","Measurement",7,0,341,Inf,1.39481469564701,Inf,0.0157132214398818,"OK",0.138884602404116,5
3009932,"Eosinophils [#/volume] in Blood by Manual count","Measurement",0,0,341,NA,NA,NA,NA,"SUPPRESSED_MINCELL",NA,5
3008304,"Triiodothyronine (T3) [Moles/volume] in Serum or Plasma","Measurement",0,0,341,NA,NA,NA,NA,"SUPPRESSED_MINCELL",NA,5
37172783,"Alpha-fetoprotein mass concentration in plasma","Measurement",7,5,341,1.35483870967742,0.370155725277739,5.41358154855814,0.774777568701164,"OK",1,5
3029790,"Creatine kinase.MB [Enzymatic activity/volume] in Serum or Plasma","Measurement",6,0,341,Inf,1.13944328295888,Inf,0.0313760080560219,"OK",0.252853711980882,5
3016723,"Creatinine [Mass/volume] in Serum or Plasma","Measurement",6,5,341,1.16129032258065,0.295288407942591,4.81023255812863,1,"OK",1,5
3036887,"Ammonia [Mass/volume] in Plasma","Measurement",0,0,341,NA,NA,NA,NA,"SUPPRESSED_MINCELL",NA,5
3010748,"Hematocrit/Hemoglobin [Ratio] of Blood by Automated count","Measurement",0,0,341,NA,NA,NA,NA,"SUPPRESSED_MINCELL",NA,5
3026076,"Alpha hydroxybutyrate dehydrogenase [Enzymatic activity/volume] in Serum or Plasma","Measurement",6,6,341,0.967741935483871,0.258714384798201,3.6199164357427,1,"OK",1,5
3028286,"Albumin [Mass/volume] in Serum or Plasma by Electrophoresis","Measurement",0,0,341,NA,NA,NA,NA,"SUPPRESSED_MINCELL",NA,5
3005353,"Prothrombin activity actual/normal in Platelet poor plasma by Coagulation assay","Measurement",0,0,341,NA,NA,NA,NA,"SUPPRESSED_MINCELL",NA,5
3032080,"INR in Blood by Coagulation assay","Measurement",0,0,341,NA,NA,NA,NA,"SUPPRESSED_MINCELL",NA,5
40759253,"Cholesterol in HDL 2a [Moles/volume] in Serum or Plasma","Measurement",0,0,341,NA,NA,NA,NA,"SUPPRESSED_MINCELL",NA,5
3015377,"Calcium [Moles/volume] in Serum or Plasma","Measurement",5,0,341,Inf,0.886795990950445,Inf,0.0626679881705994,"OK",0.439866835374248,5
3016771,"Amylase [Enzymatic activity/volume] in Serum or Plasma","Measurement",5,0,341,Inf,0.886795990950445,Inf,0.0626679881705994,"OK",0.439866835374248,5
3034426,"Prothrombin time (PT)","Measurement",0,0,341,NA,NA,NA,NA,"SUPPRESSED_MINCELL",NA,5
3007070,"Cholesterol in HDL [Mass/volume] in Serum or Plasma","Measurement",0,0,341,NA,NA,NA,NA,"SUPPRESSED_MINCELL",NA,5
3018677,"aPTT in Platelet poor plasma by Coagulation assay","Measurement",0,0,341,NA,NA,NA,NA,"SUPPRESSED_MINCELL",NA,5
3010813,"Leukocytes [#/volume] in Blood","Measurement",0,0,341,NA,NA,NA,NA,"SUPPRESSED_MINCELL",NA,5
3018913,"Phosphate [Moles/volume] in Blood","Measurement",0,0,341,NA,NA,NA,NA,"SUPPRESSED_MINCELL",NA,5
3008342,"Neutrophils/100 leukocytes in Blood by Automated count","Measurement",0,0,341,NA,NA,NA,NA,"SUPPRESSED_MINCELL",NA,5
3007835,"Cancer Ag 125 [Presence] in Serum or Plasma","Measurement",0,0,341,NA,NA,NA,NA,"SUPPRESSED_MINCELL",NA,5
3011958,"Ammonia [Moles/volume] in Plasma","Measurement",0,0,341,NA,NA,NA,NA,"SUPPRESSED_MINCELL",NA,5
3005029,"Protein [Mass/volume] in Body fluid","Measurement",0,0,341,NA,NA,NA,NA,"SUPPRESSED_MINCELL",NA,5
46236949,"Alanine aminotransferase [Enzymatic activity/volume] in Serum, Plasma or Blood","Measurement",0,0,341,NA,NA,NA,NA,"SUPPRESSED_MINCELL",NA,5
3008364,"Apolipoprotein A-I [Mass/volume] in Serum or Plasma","Measurement",0,0,341,NA,NA,NA,NA,"SUPPRESSED_MINCELL",NA,5
3046279,"Procalcitonin [Mass/volume] in Serum or Plasma","Measurement",0,0,341,NA,NA,NA,NA,"SUPPRESSED_MINCELL",NA,5
3019900,"Cholesterol [Moles/volume] in Serum or Plasma","Measurement",0,0,341,NA,NA,NA,NA,"SUPPRESSED_MINCELL",NA,5
3037850,"Specific gravity of Body fluid","Measurement",0,0,341,NA,NA,NA,NA,"SUPPRESSED_MINCELL",NA,5
3966438,"CE Ab [Presence] in Serum or Plasma","Measurement",0,0,341,NA,NA,NA,NA,"SUPPRESSED_MINCELL",NA,5
3012898,"Urea [Moles/volume] in Urine","Measurement",0,0,341,NA,NA,NA,NA,"SUPPRESSED_MINCELL",NA,5
3016407,"Fibrinogen [Mass/volume] in Platelet poor plasma by Coagulation assay","Measurement",0,0,341,NA,NA,NA,NA,"SUPPRESSED_MINCELL",NA,5
3032567,"Hepatitis B virus DNA [Units/volume] (viral load) in Serum or Plasma by NAA with probe detection","Measurement",0,0,341,NA,NA,NA,NA,"SUPPRESSED_MINCELL",NA,5
3022764,"Mononuclear cells/100 leukocytes in Peritoneal fluid","Measurement",0,0,341,NA,NA,NA,NA,"SUPPRESSED_MINCELL",NA,5
3003470,"Hepatitis C virus Ab [Units/volume] in Serum by Immunoassay","Measurement",0,0,341,NA,NA,NA,NA,"SUPPRESSED_MINCELL",NA,5
3023314,"Hematocrit [Volume Fraction] of Blood by Automated count","Measurement",0,0,341,NA,NA,NA,NA,"SUPPRESSED_MINCELL",NA,5
3051714,"Fibrin D-dimer FEU [Mass/volume] in Platelet poor plasma","Measurement",0,0,341,NA,NA,NA,NA,"SUPPRESSED_MINCELL",NA,5
3003785,"Carcinoembryonic Ag [Mass/volume] in Serum or Plasma","Measurement",0,0,341,NA,NA,NA,NA,"SUPPRESSED_MINCELL",NA,5
1988606,"C reactive protein [Units/volume] in Body fluid","Measurement",0,0,341,NA,NA,NA,NA,"SUPPRESSED_MINCELL",NA,5
3007220,"Creatine kinase [Enzymatic activity/volume] in Serum or Plasma","Measurement",0,0,341,NA,NA,NA,NA,"SUPPRESSED_MINCELL",NA,5
3016070,"Creatine kinase.MB [Enzymatic activity/volume] in Serum or Plasma by Electrophoresis","Measurement",0,0,341,NA,NA,NA,NA,"SUPPRESSED_MINCELL",NA,5
3009201,"Thyrotropin [Units/volume] in Serum or Plasma","Measurement",0,0,341,NA,NA,NA,NA,"SUPPRESSED_MINCELL",NA,5
1002070,"Acarboxyprothrombin [Units/volume] in Serum or Plasma","Measurement",0,0,341,NA,NA,NA,NA,"SUPPRESSED_MINCELL",NA,5
1617274,"Carbon dioxide, total [Moles/volume] in Central venous blood","Measurement",0,0,341,NA,NA,NA,NA,"SUPPRESSED_MINCELL",NA,5
1988100,"Leukocytes [#/volume] in Peritoneal dialysis fluid by Automated count","Measurement",0,0,341,NA,NA,NA,NA,"SUPPRESSED_MINCELL",NA,5
3001019,"Free T4 and TSH panel - Serum or Plasma","Measurement",0,0,341,NA,NA,NA,NA,"SUPPRESSED_MINCELL",NA,5
3001405,"CD3+CD8+ (T8 suppressor) cells [#/volume] in Blood","Measurement",0,0,341,NA,NA,NA,NA,"SUPPRESSED_MINCELL",NA,5
3002032,"Base excess in Venous blood by calculation","Measurement",0,0,341,NA,NA,NA,NA,"SUPPRESSED_MINCELL",NA,5
3004327,"Lymphocytes [#/volume] in Blood by Automated count","Measurement",0,0,341,NA,NA,NA,NA,"SUPPRESSED_MINCELL",NA,5
3005673,"Hemoglobin A1c/Hemoglobin.total in Blood by HPLC","Measurement",0,0,341,NA,NA,NA,NA,"SUPPRESSED_MINCELL",NA,5
3006576,"Bicarbonate [Moles/volume] in Blood","Measurement",0,0,341,NA,NA,NA,NA,"SUPPRESSED_MINCELL",NA,5
3008893,"Testosterone [Mass/volume] in Serum or Plasma","Measurement",0,0,341,NA,NA,NA,NA,"SUPPRESSED_MINCELL",NA,5
3009609,"Carbon dioxide, total [Moles/volume] in Arterial blood","Measurement",0,0,341,NA,NA,NA,NA,"SUPPRESSED_MINCELL",NA,5
3010963,"Hepatitis B virus e Ab [Units/volume] in Serum by Radioimmunoassay (RIA)","Measurement",0,0,341,NA,NA,NA,NA,"SUPPRESSED_MINCELL",NA,5
3011412,"CD3 cells [#/volume] in Blood","Measurement",0,0,341,NA,NA,NA,NA,"SUPPRESSED_MINCELL",NA,5
3011904,"Phosphate [Mass/volume] in Serum or Plasma","Measurement",0,0,341,NA,NA,NA,NA,"SUPPRESSED_MINCELL",NA,5
3015759,"IgM [Presence] in Serum","Measurement",0,0,341,NA,NA,NA,NA,"SUPPRESSED_MINCELL",NA,5
3018387,"Mycoplasma pneumoniae IgG Ab [Units/volume] in Serum","Measurement",0,0,341,NA,NA,NA,NA,"SUPPRESSED_MINCELL",NA,5
3019930,"Urea nitrogen [Mass/volume] in Body fluid","Measurement",0,0,341,NA,NA,NA,NA,"SUPPRESSED_MINCELL",NA,5
3019977,"pH of Arterial blood","Measurement",0,0,341,NA,NA,NA,NA,"SUPPRESSED_MINCELL",NA,5
3023091,"Interleukin 6 [Mass/volume] in Serum or Plasma","Measurement",0,0,341,NA,NA,NA,NA,"SUPPRESSED_MINCELL",NA,5
3024552,"Cancer Ag 19-9 [Presence] in Serum or Plasma","Measurement",0,0,341,NA,NA,NA,NA,"SUPPRESSED_MINCELL",NA,5
3027215,"Base excess standard in Venous blood by calculation","Measurement",0,0,341,NA,NA,NA,NA,"SUPPRESSED_MINCELL",NA,5
3028167,"CD3+CD4+ (T4 helper) cells [#/volume] in Blood","Measurement",0,0,341,NA,NA,NA,NA,"SUPPRESSED_MINCELL",NA,5
3029187,"Natriuretic peptide.B prohormone N-Terminal [Mass/volume] in Serum or Plasma","Measurement",0,0,341,NA,NA,NA,NA,"SUPPRESSED_MINCELL",NA,5
3029879,"Epithelial cells.squamous [#/volume] in Urine by Automated count","Measurement",0,0,341,NA,NA,NA,NA,"SUPPRESSED_MINCELL",NA,5
3031987,"Alpha-1-Fetoprotein L3/Alpha-1-fetoprotein.total in Serum or Plasma","Measurement",0,0,341,NA,NA,NA,NA,"SUPPRESSED_MINCELL",NA,5
3032632,"Band form neutrophils [#/volume] in Body fluid","Measurement",0,0,341,NA,NA,NA,NA,"SUPPRESSED_MINCELL",NA,5
3034780,"Angiotensin converting enzyme [Enzymatic activity/volume] in Serum or Plasma","Measurement",0,0,341,NA,NA,NA,NA,"SUPPRESSED_MINCELL",NA,5
3037202,"Fibrin+Fibrinogen fragments [Mass/volume] in Serum","Measurement",0,0,341,NA,NA,NA,NA,"SUPPRESSED_MINCELL",NA,5
3045975,"IgA [Presence] in Serum","Measurement",0,0,341,NA,NA,NA,NA,"SUPPRESSED_MINCELL",NA,5
21493866,"Erythrocytes [#/volume] in Peritoneal dialysis fluid by Automated count","Measurement",0,0,341,NA,NA,NA,NA,"SUPPRESSED_MINCELL",NA,5
36031203,"Mononuclear cells [#] in Blood product unit","Measurement",0,0,341,NA,NA,NA,NA,"SUPPRESSED_MINCELL",NA,5
36203209,"Erythrocytes.EMA mean fluorescence intensity actual/normal in Blood by Flow cytometry (FC)","Measurement",0,0,341,NA,NA,NA,NA,"SUPPRESSED_MINCELL",NA,5
42529199,"Cancer Ag 125 [Units/volume] in Serum or Plasma by Immunoassay","Measurement",0,0,341,NA,NA,NA,NA,"SUPPRESSED_MINCELL",NA,5
42868453,"Bicarbonate [Moles/volume] standard in Plasma","Measurement",0,0,341,NA,NA,NA,NA,"SUPPRESSED_MINCELL",NA,5
42868533,"Mononuclear cells [#/volume] in Peritoneal fluid by Automated count","Measurement",0,0,341,NA,NA,NA,NA,"SUPPRESSED_MINCELL",NA,5
42869548,"Treponema pallidum Ab [Titer] in Serum or Plasma by Agglutination","Measurement",0,0,341,NA,NA,NA,NA,"SUPPRESSED_MINCELL",NA,5
43534062,"3-epi-25-Hydroxyvitamin D3/25-hydroxyvitamin D.total in Serum or Plasma","Measurement",0,0,341,NA,NA,NA,NA,"SUPPRESSED_MINCELL",NA,5
44787068,"Myelocytes.neutrophilic/100 leukocytes in Blood by Manual count","Measurement",0,0,341,NA,NA,NA,NA,"SUPPRESSED_MINCELL",NA,5
46234930,"Hepatitis B virus surface Ab [Presence] in Serum, Plasma or Blood by Rapid immunoassay","Measurement",0,0,341,NA,NA,NA,NA,"SUPPRESSED_MINCELL",NA,5
3017024,"Kappa light chains [Presence] in Serum by Immunoassay","Measurement",0,0,341,1,NA,NA,1,"ZERO_EVENTS",1,5
3016906,"Vancomycin [Mass/volume] in Body fluid","Measurement",0,0,341,1,NA,NA,1,"ZERO_EVENTS",1,5
3027144,"Progesterone [Mass/volume] in Serum or Plasma","Measurement",0,0,341,1,NA,NA,1,"ZERO_EVENTS",1,5
1989123,"Erythrocytes.ghost cells [#/volume] in Urine sediment by Computer assisted method","Measurement",0,0,341,NA,NA,NA,NA,"SUPPRESSED_MINCELL",NA,5
3016724,"Homocysteine [Moles/volume] in Serum or Plasma","Measurement",0,0,341,1,NA,NA,1,"ZERO_EVENTS",1,5
3027801,"Oxygen [Partial pressure] in Arterial blood","Measurement",0,0,341,1,NA,NA,1,"ZERO_EVENTS",1,5
3027828,"Triiodothyronine (T3).reverse [Moles/volume] in Serum or Plasma","Measurement",0,0,341,1,NA,NA,1,"ZERO_EVENTS",1,5
3016228,"CD19 cells/100 cells in Blood","Measurement",0,0,341,1,NA,NA,1,"ZERO_EVENTS",1,5
1988277,"Alpha-1-Fetoprotein L3 [Mass/volume] in Serum or Plasma by Immunoassay","Measurement",0,0,341,1,NA,NA,1,"ZERO_EVENTS",1,5
3015774,"Calcium.ionized [Moles/volume] in Serum or Plasma by calculation","Measurement",0,0,341,1,NA,NA,1,"ZERO_EVENTS",1,5
3028308,"Erythrocytes [#/volume] in Pleural fluid","Measurement",0,0,341,1,NA,NA,1,"ZERO_EVENTS",1,5
3015736,"pH of Urine","Measurement",0,0,341,NA,NA,NA,NA,"SUPPRESSED_MINCELL",NA,5
3015242,"Ferritin [Mass/volume] in Serum or Plasma by Immunoassay","Measurement",0,0,341,1,NA,NA,1,"ZERO_EVENTS",1,5
3028531,"Enolase.neuron specific [Mass/volume] in Serum or Plasma","Measurement",0,0,341,1,NA,NA,1,"ZERO_EVENTS",1,5
3014749,"Leukocytes [#/volume] in Urine by Test strip","Measurement",0,0,341,1,NA,NA,1,"ZERO_EVENTS",1,5
3028874,"Hemoglobin [Presence] in Body fluid","Measurement",0,0,341,1,NA,NA,1,"ZERO_EVENTS",1,5
42869547,"Procollagen type III.N-terminal propeptide [Mass/volume] in Serum","Measurement",0,0,341,NA,NA,NA,NA,"SUPPRESSED_MINCELL",NA,5
3029213,"Adenosine deaminase [Enzymatic activity/volume] in Pericardial fluid","Measurement",0,0,341,1,NA,NA,1,"ZERO_EVENTS",1,5
3029707,"Crystals [#/volume] in Urine by Automated count","Measurement",0,0,341,1,NA,NA,1,"ZERO_EVENTS",1,5
3012413,"Glucose [Moles/volume] in Serum or Plasma --2 hours post meal","Measurement",0,0,341,NA,NA,NA,NA,"SUPPRESSED_MINCELL",NA,5
3029794,"Leukocyte clumps [#/volume] in Urine by Automated count","Measurement",0,0,341,NA,NA,NA,NA,"SUPPRESSED_MINCELL",NA,5
1617538,"24 hour predicted protein [Mass/time] based on random Urine by calculation","Measurement",0,0,341,1,NA,NA,1,"ZERO_EVENTS",1,5
3011960,"Natriuretic peptide B [Mass/volume] in Serum or Plasma","Measurement",0,0,341,1,NA,NA,1,"ZERO_EVENTS",1,5
3030511,"Albumin [Mass/volume] in 24 hour Urine by Electrophoresis","Measurement",0,0,341,NA,NA,NA,NA,"SUPPRESSED_MINCELL",NA,5
3030664,"Beta 1 globulin [Mass/volume] in Body fluid by Electrophoresis","Measurement",0,0,341,1,NA,NA,1,"ZERO_EVENTS",1,5
3030929,"Transferrin.carbohydrate deficient.XXX/Transferrin.total in Serum or Plasma","Measurement",0,0,341,1,NA,NA,1,"ZERO_EVENTS",1,5
3030981,"Hyaline casts [#/volume] in Urine by Automated count","Measurement",0,0,341,1,NA,NA,1,"ZERO_EVENTS",1,5
3011724,"Hepatitis B virus e Ag [Presence] in Serum by Radioimmunoassay (RIA)","Measurement",0,0,341,NA,NA,NA,NA,"SUPPRESSED_MINCELL",NA,5
3031767,"Vascular endothelial growth factor [Mass/volume] in Serum or Plasma","Measurement",0,0,341,1,NA,NA,1,"ZERO_EVENTS",1,5
3031780,"Promyelocytes [#/volume] in Body fluid","Measurement",0,0,341,1,NA,NA,1,"ZERO_EVENTS",1,5
3001643,"Hemoglobin and Hematocrit panel - Blood","Measurement",0,0,341,1,NA,NA,1,"ZERO_EVENTS",1,5
3011516,"Hepatitis B virus e Ag [Units/volume] in Serum by Immunoassay","Measurement",0,0,341,1,NA,NA,1,"ZERO_EVENTS",1,5
3032488,"Lactate dehydrogenase in pleural fluid/Lactate dehydrogenase in serum","Measurement",0,0,341,1,NA,NA,1,"ZERO_EVENTS",1,5
3010340,"Triiodothyronine (T3) [Mass/volume] in Serum or Plasma","Measurement",0,0,341,1,NA,NA,1,"ZERO_EVENTS",1,5
43055483,"Glucose in serum - glucose in peritoneal fluid [Molar concentration difference]","Measurement",0,0,341,1,NA,NA,1,"ZERO_EVENTS",1,5
3032893,"Mononuclear cells [#/volume] in Pleural fluid","Measurement",0,0,341,1,NA,NA,1,"ZERO_EVENTS",1,5
3032971,"Troponin I.cardiac [Mass/volume] in Serum or Plasma by Detection limit <= 0.01 ng/mL","Measurement",0,0,341,1,NA,NA,1,"ZERO_EVENTS",1,5
3034165,"Alpha-1-Fetoprotein [Mass/volume] in Body fluid","Measurement",0,0,341,1,NA,NA,1,"ZERO_EVENTS",1,5
3010084,"C peptide [Mass/volume] in Serum or Plasma","Measurement",0,0,341,1,NA,NA,1,"ZERO_EVENTS",1,5
3034639,"Hemoglobin A1c [Mass/volume] in Blood","Measurement",0,0,341,1,NA,NA,1,"ZERO_EVENTS",1,5
43533605,"Anion gap 4 in Capillary blood","Measurement",0,0,341,1,NA,NA,1,"ZERO_EVENTS",1,5
3009931,"Hyaluronate [Mass/volume] in Serum or Plasma","Measurement",0,0,341,1,NA,NA,1,"ZERO_EVENTS",1,5
3036428,"Adenosine deaminase [Enzymatic activity/volume] in Pleural fluid","Measurement",0,0,341,1,NA,NA,1,"ZERO_EVENTS",1,5
3036677,"Immunoglobulin light chains [Mass/volume] in Urine","Measurement",0,0,341,1,NA,NA,1,"ZERO_EVENTS",1,5
3009577,"Iron binding capacity [Moles/volume] in Serum or Plasma","Measurement",0,0,341,1,NA,NA,1,"ZERO_EVENTS",1,5
3036987,"Folate [Mass/volume] in Serum or Plasma","Measurement",0,0,341,1,NA,NA,1,"ZERO_EVENTS",1,5
3037121,"Protein [Mass/volume] in Urine","Measurement",0,0,341,1,NA,NA,1,"ZERO_EVENTS",1,5
1616684,"HBc+HBe+p22cr Ag [Units/volume] in Serum or Plasma by Immunoassay","Measurement",0,0,341,1,NA,NA,1,"ZERO_EVENTS",1,5
3009105,"Erythrocytes [#/volume] in Urine by Test strip","Measurement",0,0,341,NA,NA,NA,NA,"SUPPRESSED_MINCELL",NA,5
3008877,"Alpha-1-acid glycoprotein [Mass/volume] in Serum or Plasma","Measurement",0,0,341,1,NA,NA,1,"ZERO_EVENTS",1,5
3038334,"Lactate dehydrogenase in peritoneal fluid/Lactate dehydrogenase in serum","Measurement",0,0,341,1,NA,NA,1,"ZERO_EVENTS",1,5
3008486,"Thyroxine (T4) free [Moles/volume] in Serum or Plasma","Measurement",0,0,341,1,NA,NA,1,"ZERO_EVENTS",1,5
3008143,"IgG [Presence] in Serum","Measurement",0,0,341,NA,NA,NA,NA,"SUPPRESSED_MINCELL",NA,5
3039426,"Oxygen saturation Calculated from oxygen partial pressure in Arterial blood","Measurement",0,0,341,1,NA,NA,1,"ZERO_EVENTS",1,5
3039902,"Granular casts [#/volume] in Urine by Computer assisted method","Measurement",0,0,341,1,NA,NA,1,"ZERO_EVENTS",1,5
3040139,"Yeast.hyphae [#/volume] in Urine by Computer assisted method","Measurement",0,0,341,1,NA,NA,1,"ZERO_EVENTS",1,5
3043387,"Monocytes/100 leukocytes in Pleural fluid","Measurement",0,0,341,1,NA,NA,1,"ZERO_EVENTS",1,5
3007733,"Chloride [Moles/volume] in Urine","Measurement",0,0,341,1,NA,NA,1,"ZERO_EVENTS",1,5
3044042,"Cancer Ag 50 [Units/volume] in Serum or Plasma","Measurement",0,0,341,1,NA,NA,1,"ZERO_EVENTS",1,5
3045716,"Anion gap in Serum or Plasma","Measurement",0,0,341,1,NA,NA,1,"ZERO_EVENTS",1,5
3000620,"Complement C3 [Mass/volume] in Serum or Plasma","Measurement",0,0,341,1,NA,NA,1,"ZERO_EVENTS",1,5
3046044,"N-acetyl-beta-glucosaminidase [Enzymatic activity/volume] in Urine","Measurement",0,0,341,1,NA,NA,1,"ZERO_EVENTS",1,5
3007210,"Streptococcus pyogenes enzyme Ab [Presence] in Serum by Sheep Cell Agglutination","Measurement",0,0,341,1,NA,NA,1,"ZERO_EVENTS",1,5
3048516,"Microalbumin/Protein.total in 24 hour Urine","Measurement",0,0,341,1,NA,NA,1,"ZERO_EVENTS",1,5
3006453,"Hepatitis B virus surface Ab [Presence] in Serum by Immunoassay","Measurement",0,0,341,1,NA,NA,1,"ZERO_EVENTS",1,5
3052007,"Protein Fractions [Interpretation] in Body fluid","Measurement",0,0,341,1,NA,NA,1,"ZERO_EVENTS",1,5
3006297,"Platelets [#/volume] in Plasma","Measurement",0,0,341,1,NA,NA,1,"ZERO_EVENTS",1,5
3052822,"Hepatitis C virus Ab [Presence] in Serum from Donor by Immunoassay","Measurement",0,0,341,1,NA,NA,1,"ZERO_EVENTS",1,5
3005895,"Myoglobin [Mass/volume] in Serum or Plasma","Measurement",0,0,341,1,NA,NA,1,"ZERO_EVENTS",1,5
3005785,"Creatine kinase.MB [Mass/volume] in Serum or Plasma","Measurement",0,0,341,1,NA,NA,1,"ZERO_EVENTS",1,5
3005071,"Albumin/Protein.total in Body fluid by Electrophoresis","Measurement",0,0,341,1,NA,NA,1,"ZERO_EVENTS",1,5
3004789,"Transferrin [Mass/volume] in Serum or Plasma","Measurement",0,0,341,1,NA,NA,1,"ZERO_EVENTS",1,5
3004391,"Epithelial cells [#/volume] in Urine by Manual count","Measurement",0,0,341,1,NA,NA,1,"ZERO_EVENTS",1,5
3003745,"Microscopic observation [Identifier] in Urine by Gram stain","Measurement",0,0,341,1,NA,NA,1,"ZERO_EVENTS",1,5
4263457,"Aspartate aminotransferase measurement","Measurement",0,0,341,1,NA,NA,1,"ZERO_EVENTS",1,5
3003403,"Glucose [Mass/volume] in Pleural fluid","Measurement",0,0,341,1,NA,NA,1,"ZERO_EVENTS",1,5
3003260,"Angiotensin II [Mass/volume] in Plasma","Measurement",0,0,341,1,NA,NA,1,"ZERO_EVENTS",1,5
1175686,"Chlamydophila pneumoniae IgG Ab [Presence] in Serum by Immunoassay","Measurement",0,0,341,1,NA,NA,1,"ZERO_EVENTS",1,5
3000034,"Microalbumin [Mass/volume] in Urine","Measurement",0,0,341,NA,NA,NA,NA,"SUPPRESSED_MINCELL",NA,5
46234928,"Hepatitis B virus e Ab [Presence] in Serum, Plasma or Blood by Rapid immunoassay","Measurement",0,0,341,1,NA,NA,1,"ZERO_EVENTS",1,5
36304079,"Mucus [Presence] in Urine sediment","Measurement",0,0,341,NA,NA,NA,NA,"SUPPRESSED_MINCELL",NA,5
3003181,"Sodium [Moles/volume] in Urine","Measurement",0,0,341,1,NA,NA,1,"ZERO_EVENTS",1,5
3002971,"Nuclear Ab [Titer] in Serum by Immunofluorescence","Measurement",0,0,341,1,NA,NA,1,"ZERO_EVENTS",1,5
3002736,"Platelet distribution width [Entitic volume] in Blood by Automated count","Measurement",0,0,341,1,NA,NA,1,"ZERO_EVENTS",1,5
40759718,"Epstein Barr virus early IgM Ab [Units/volume] in Serum by Immunoassay","Measurement",0,0,341,1,NA,NA,1,"ZERO_EVENTS",1,5
40760007,"HIV 1+2 Ab+HIV1 p24 Ag [Presence] in Serum or Plasma by Immunoassay","Measurement",0,0,341,1,NA,NA,1,"ZERO_EVENTS",1,5
40760213,"Phenol [Mass/volume] adjusted to specific gravity 1.024 in Urine","Measurement",0,0,341,1,NA,NA,1,"ZERO_EVENTS",1,5
40760528,"Thyrotropin receptor Ab [Units/volume] in Serum by Immunoassay","Measurement",0,0,341,1,NA,NA,1,"ZERO_EVENTS",1,5
40760909,"Oxygen content in Blood by calculation","Measurement",0,0,341,1,NA,NA,1,"ZERO_EVENTS",1,5
40761455,"Human antihuman Ab [Moles/volume] in Plasma","Measurement",0,0,341,1,NA,NA,1,"ZERO_EVENTS",1,5
40762352,"Hemoglobin A1c/Hemoglobin.total in Blood by IFCC protocol","Measurement",0,0,341,1,NA,NA,1,"ZERO_EVENTS",1,5
40763081,"Lactate dehydrogenase [Enzymatic activity/volume] in Pleural fluid by Pyruvate to lactate reaction","Measurement",0,0,341,1,NA,NA,1,"ZERO_EVENTS",1,5
3002532,"Iron binding capacity.unsaturated [Moles/volume] in Serum or Plasma","Measurement",0,0,341,1,NA,NA,1,"ZERO_EVENTS",1,5
40768039,"Oxygen [Partial pressure] saturation adjusted to 0.5 in Blood","Measurement",0,0,341,1,NA,NA,1,"ZERO_EVENTS",1,5
40769783,"Troponin T.cardiac [Mass/volume] in Serum or Plasma by High sensitivity method","Measurement",0,0,341,NA,NA,NA,NA,"SUPPRESSED_MINCELL",NA,5
42529190,"Alpha-1-Fetoprotein [Mass/volume] in Serum or Plasma by Immunoassay","Measurement",0,0,341,1,NA,NA,1,"ZERO_EVENTS",1,5
42529194,"Beta-2-Microglobulin [Mass/volume] in Urine by Immunoassay","Measurement",0,0,341,1,NA,NA,1,"ZERO_EVENTS",1,5
46236951,"Amylase [Enzymatic activity/volume] in Serum, Plasma or Blood","Measurement",0,0,341,1,NA,NA,1,"ZERO_EVENTS",1,5
3021614,"Rheumatoid factor [Units/volume] in Serum or Plasma","Measurement",0,0,341,1,NA,NA,1,"ZERO_EVENTS",1,5
3022177,"Hepatitis B virus core Ab [Units/volume] in Serum by Radioimmunoassay (RIA)","Measurement",0,0,341,1,NA,NA,1,"ZERO_EVENTS",1,5
3019897,"Erythrocyte distribution width [Ratio] by Automated count","Measurement",0,0,341,1,NA,NA,1,"ZERO_EVENTS",1,5
3022893,"Aspartate aminotransferase/Alanine aminotransferase [Enzymatic activity ratio] in Serum or Plasma","Measurement",0,0,341,1,NA,NA,1,"ZERO_EVENTS",1,5
3022948,"Iron [Moles/volume] in Serum or Plasma","Measurement",0,0,341,1,NA,NA,1,"ZERO_EVENTS",1,5
42529230,"Thyroxine (T4) [Mass/volume] in Serum or Plasma by Immunoassay","Measurement",0,0,341,1,NA,NA,1,"ZERO_EVENTS",1,5
3023202,"Hepatitis B virus e Ab [Units/volume] in Serum by Immunoassay","Measurement",0,0,341,1,NA,NA,1,"ZERO_EVENTS",1,5
3019446,"Platelet mean diameter [Entitic length] in Blood","Measurement",0,0,341,1,NA,NA,1,"ZERO_EVENTS",1,5
3019284,"Hepatitis B virus surface Ag [Presence] in Serum","Measurement",0,0,341,1,NA,NA,1,"ZERO_EVENTS",1,5
3024040,"Parathyrin [Interpretation] in Serum or Plasma","Measurement",0,0,341,1,NA,NA,1,"ZERO_EVENTS",1,5
3019251,"Erythrocyte sedimentation rate Zeta by Zetafuge","Measurement",0,0,341,1,NA,NA,1,"ZERO_EVENTS",1,5
3018853,"Superoxide dismutase [Enzymatic activity/volume] in Plasma","Measurement",0,0,341,1,NA,NA,1,"ZERO_EVENTS",1,5
42529231,"Thyroxine (T4) [Moles/volume] in Serum or Plasma by Immunoassay","Measurement",0,0,341,1,NA,NA,1,"ZERO_EVENTS",1,5
3018095,"Leukocytes [#/volume] in Urine","Measurement",0,0,341,1,NA,NA,1,"ZERO_EVENTS",1,5
3024731,"MCV [Entitic volume]","Measurement",0,0,341,1,NA,NA,1,"ZERO_EVENTS",1,5
3024800,"Alpha 1 globulin/Protein.total in Serum or Plasma by Electrophoresis","Measurement",0,0,341,1,NA,NA,1,"ZERO_EVENTS",1,5
3025285,"Estradiol (E2) [Mass/volume] in Serum or Plasma","Measurement",0,0,341,1,NA,NA,1,"ZERO_EVENTS",1,5
3017766,"Complement C4 [Mass/volume] in Serum or Plasma","Measurement",0,0,341,1,NA,NA,1,"ZERO_EVENTS",1,5
3017572,"Hemoglobin A2 [Presence] in Blood","Measurement",0,0,341,1,NA,NA,1,"ZERO_EVENTS",1,5
3026692,"Albumin [Mass/volume] in Peritoneal fluid","Measurement",0,0,341,1,NA,NA,1,"ZERO_EVENTS",1,5
3017250,"Creatinine [Mass/volume] in Urine","Measurement",0,0,341,1,NA,NA,1,"ZERO_EVENTS",1,5
