concept_id,concept_name,domain,occurrence_count,patient_count,avg_days_to_onset
194574,Chronic type B viral hepatitis,Condition,156,136,9.5
37116804,Improved dentition,Condition,262,130,12.1
45771255,Compensated liver disease,Condition,69,66,5.7
196951,Chronic congestive splenomegaly,Condition,72,61,17.6
4064161,Cirrhosis of liver,Condition,71,50,22.5
443392,Malignant neoplastic disease,Condition,58,49,29.7
4225273,Chronic gastritis,Condition,50,48,7.7
4094864,Primary carcinoma of liver,Condition,59,43,20.4
4246127,Malignant neoplasm of liver,Condition,95,39,38.4
24966,Esophageal varices,Condition,68,39,16.9
43530637,Postprocedural fever,Condition,42,34,22.0
201519,Primary malignant neoplasm of liver,Condition,67,32,44.0
4296301,Hepatic congestion,Condition,52,32,22.7
196456,Gallstone,Condition,36,32,15.8
4177611,Finding of wound healing,Condition,30,29,30.1
3013721,Aspartate aminotransferase [Enzymatic activity/volume] in Serum or Plasma,Measurement,3249,573,22.5
3024128,Bilirubin.total [Mass/volume] in Serum or Plasma,Measurement,3197,572,22.4
3007242,Bilirubin.indirect [Moles/volume] in Serum or Plasma,Measurement,3193,572,22.4
3028638,Bilirubin.direct [Moles/volume] in Serum or Plasma,Measurement,3193,572,22.4
3043688,Hemoglobin [Mass/volume] in Body fluid,Measurement,3291,571,22.5
3020416,Erythrocytes [#/volume] in Blood by Automated count,Measurement,3257,571,22.3
3009744,MCHC [Mass/volume] by Automated count,Measurement,3249,571,22.3
3027651,Basophils [#/volume] in Blood by Manual count,Measurement,3249,571,22.3
3001604,Monocytes [#/volume] in Blood,Measurement,3249,571,22.3
3017732,Neutrophils [#/volume] in Blood,Measurement,3249,571,22.3
3024386,Platelet mean volume [Entitic volume] in Blood by Rees-Ecker,Measurement,3249,571,22.3
3964927,Monocytes/100 leukocytes in Blood by Flow cytometry (FC),Measurement,3249,571,22.3
3009932,Eosinophils [#/volume] in Blood by Manual count,Measurement,3249,571,22.3
3037511,Lymphocytes/100 leukocytes in Blood by Automated count,Measurement,3249,571,22.3
3026710,Lymphocytes [#/volume] in Blood by Flow cytometry (FC),Measurement,3249,571,22.3
3039417,Platelet distribution width [Ratio] in Blood,Measurement,3249,571,22.3
3039312,Plateletcrit [Volume Fraction] in Blood,Measurement,3249,571,22.3
3002888,Erythrocyte distribution width [Entitic volume],Measurement,3249,571,22.3
3016682,Platelets [#/volume] in Plasma by Automated count,Measurement,3249,571,22.3
3022096,Basophils/100 leukocytes in Blood,Measurement,3249,571,22.3
3010457,Eosinophils/100 leukocytes in Blood by Automated count,Measurement,3249,571,22.3
3010568,Globulin [Mass/volume] in Plasma,Measurement,3103,569,22.1
3020509,Albumin/Globulin [Mass Ratio] in Serum or Plasma,Measurement,3099,569,22.1
3035995,Alkaline phosphatase [Enzymatic activity/volume] in Serum or Plasma,Measurement,3099,569,22.1
3010866,Cholinesterase [Enzymatic activity/volume] in Serum or Plasma,Measurement,2945,569,21.4
3052649,Adenosine deaminase [Enzymatic activity/volume] in Serum or Plasma,Measurement,2945,569,21.4
3003805,Alpha fucosidase [Enzymatic activity/volume] in Serum or Plasma,Measurement,2945,569,21.4
3028110,Bile acid [Moles/volume] in Serum or Plasma,Measurement,2945,569,21.4
3002590,Prealbumin [Mass/volume] in Serum or Plasma by Electrophoresis,Measurement,2945,569,21.4
46235784,Sodium [Moles/volume] in Serum  Plasma or Blood,Measurement,3050,567,21.2
3014576,Chloride [Moles/volume] in Serum or Plasma,Measurement,3050,567,21.2
46235078,Potassium [Moles/volume] in Serum  Plasma or Blood,Measurement,3050,567,21.2
3034426,Prothrombin time (PT),Measurement,2627,562,20.7
3032080,INR in Blood by Coagulation assay,Measurement,2627,562,20.7
3005353,Prothrombin activity actual/normal in Platelet poor plasma by Coagulation assay,Measurement,2589,561,20.8
