run_id,status,drug_concept_id,design_profile,report_id,zip_name,error
b4807ba8-10c1-4571-8526-e016a6ce94d3,ok,605012110,regulatory_365_365,AUTO_OHDSI_605012110_20260119_153757,605012110__regulatory_365_365__AUTO_OHDSI_605012110_20260119_153757__b4807ba8-10c1-4571-8526-e016a6ce94d3.zip,
8a4d4d99-c832-4901-8f9e-616574fe9b3c,ok,605012110,screening_365_90,AUTO_OHDSI_605012110_20260119_155155,605012110__screening_365_90__AUTO_OHDSI_605012110_20260119_155155__8a4d4d99-c832-4901-8f9e-616574fe9b3c.zip,
bc5f7c32-c6fe-498b-834d-c16fce04f4c8,ok,605012110,screening_180_90,AUTO_OHDSI_605012110_20260119_160711,605012110__screening_180_90__AUTO_OHDSI_605012110_20260119_160711__bc5f7c32-c6fe-498b-834d-c16fce04f4c8.zip,
60864589-d2cb-4466-a9cf-9bd19db09c28,ok,605012110,screening_90_30,AUTO_OHDSI_605012110_20260119_162239,605012110__screening_90_30__AUTO_OHDSI_605012110_20260119_162239__60864589-d2cb-4466-a9cf-9bd19db09c28.zip,
aeddb862-eb09-4323-b21b-a8ec8682be41,ok,605012110,screening_30_14,AUTO_OHDSI_605012110_20260119_163801,605012110__screening_30_14__AUTO_OHDSI_605012110_20260119_163801__aeddb862-eb09-4323-b21b-a8ec8682be41.zip,
a739692f-c719-4dc7-8d4c-4a52455def7c,ok,605012110,screening_30_7,AUTO_OHDSI_605012110_20260119_165221,605012110__screening_30_7__AUTO_OHDSI_605012110_20260119_165221__a739692f-c719-4dc7-8d4c-4a52455def7c.zip,
2ebb181f-b7b5-440a-baf8-6a6e048b4fa6,ok,605012165,regulatory_365_365,AUTO_OHDSI_605012165_20260119_231656,605012165__regulatory_365_365__AUTO_OHDSI_605012165_20260119_231656__2ebb181f-b7b5-440a-baf8-6a6e048b4fa6.zip,
a39eb80f-1e9b-4c4c-bd13-72a83922a854,ok,605012165,screening_365_90,AUTO_OHDSI_605012165_20260119_233118,605012165__screening_365_90__AUTO_OHDSI_605012165_20260119_233118__a39eb80f-1e9b-4c4c-bd13-72a83922a854.zip,
db5670a3-080c-4658-b88e-4d538ca9e620,ok,605012165,screening_180_90,AUTO_OHDSI_605012165_20260119_234620,605012165__screening_180_90__AUTO_OHDSI_605012165_20260119_234620__db5670a3-080c-4658-b88e-4d538ca9e620.zip,
79b66317-7159-4897-9c84-b3b5a9df9e65,ok,605012165,screening_90_30,AUTO_OHDSI_605012165_20260120_000114,605012165__screening_90_30__AUTO_OHDSI_605012165_20260120_000114__79b66317-7159-4897-9c84-b3b5a9df9e65.zip,
217b34f2-cfb9-4215-af60-66fc6b4ebdee,ok,605012165,screening_30_14,AUTO_OHDSI_605012165_20260120_001448,605012165__screening_30_14__AUTO_OHDSI_605012165_20260120_001448__217b34f2-cfb9-4215-af60-66fc6b4ebdee.zip,
79a6132e-ec63-4266-bea5-59b6855d59da,ok,605012165,screening_30_7,AUTO_OHDSI_605012165_20260120_002802,605012165__screening_30_7__AUTO_OHDSI_605012165_20260120_002802__79a6132e-ec63-4266-bea5-59b6855d59da.zip,
b50f2829-1dfc-4204-a50a-465248d732b1,ok,605013522,regulatory_365_365,AUTO_OHDSI_605013522_20260119_141332,605013522__regulatory_365_365__AUTO_OHDSI_605013522_20260119_141332__b50f2829-1dfc-4204-a50a-465248d732b1.zip,
e31cbfdf-b59f-43c7-bce9-26ca123c3671,ok,605013522,screening_365_90,AUTO_OHDSI_605013522_20260119_142734,605013522__screening_365_90__AUTO_OHDSI_605013522_20260119_142734__e31cbfdf-b59f-43c7-bce9-26ca123c3671.zip,
da86315a-50a8-49ab-9b1c-b8e1f252bbcc,ok,605013522,screening_180_90,AUTO_OHDSI_605013522_20260119_144255,605013522__screening_180_90__AUTO_OHDSI_605013522_20260119_144255__da86315a-50a8-49ab-9b1c-b8e1f252bbcc.zip,
407299ae-dd06-41c9-80c7-31d32a360b02,ok,605013522,screening_90_30,AUTO_OHDSI_605013522_20260119_145720,605013522__screening_90_30__AUTO_OHDSI_605013522_20260119_145720__407299ae-dd06-41c9-80c7-31d32a360b02.zip,
e0cc3b1c-ed2f-4fc7-b205-f869492d739d,ok,605013522,screening_30_14,AUTO_OHDSI_605013522_20260119_151117,605013522__screening_30_14__AUTO_OHDSI_605013522_20260119_151117__e0cc3b1c-ed2f-4fc7-b205-f869492d739d.zip,
e679845e-ca7a-47c1-aaeb-00a36569191d,ok,605013522,screening_30_7,AUTO_OHDSI_605013522_20260119_152448,605013522__screening_30_7__AUTO_OHDSI_605013522_20260119_152448__e679845e-ca7a-47c1-aaeb-00a36569191d.zip,
ba689909-5127-4f06-8578-1057780a27b9,ok,605014613,regulatory_365_365,AUTO_OHDSI_605014613_20260119_112230,605014613__regulatory_365_365__AUTO_OHDSI_605014613_20260119_112230__ba689909-5127-4f06-8578-1057780a27b9.zip,
f2a9a72e-df77-466b-889b-204f3e46cb58,ok,605014613,screening_365_90,AUTO_OHDSI_605014613_20260119_113650,605014613__screening_365_90__AUTO_OHDSI_605014613_20260119_113650__f2a9a72e-df77-466b-889b-204f3e46cb58.zip,
00731f62-dc53-48d0-8e6c-2962941edc14,ok,605014613,screening_180_90,AUTO_OHDSI_605014613_20260119_115112,605014613__screening_180_90__AUTO_OHDSI_605014613_20260119_115112__00731f62-dc53-48d0-8e6c-2962941edc14.zip,
aacf0d5e-e6f9-44f0-ad01-191d17a96899,ok,605014613,screening_90_30,AUTO_OHDSI_605014613_20260119_120600,605014613__screening_90_30__AUTO_OHDSI_605014613_20260119_120600__aacf0d5e-e6f9-44f0-ad01-191d17a96899.zip,
e5eb62f8-fd80-4172-92ef-b228e6c86758,ok,605014613,screening_30_14,AUTO_OHDSI_605014613_20260119_122021,605014613__screening_30_14__AUTO_OHDSI_605014613_20260119_122021__e5eb62f8-fd80-4172-92ef-b228e6c86758.zip,
13832c9e-b8f4-4691-88dc-bec961c97910,ok,605014613,screening_30_7,AUTO_OHDSI_605014613_20260119_123419,605014613__screening_30_7__AUTO_OHDSI_605014613_20260119_123419__13832c9e-b8f4-4691-88dc-bec961c97910.zip,
d0ae9d94-1ac5-4ff1-ae64-d6ab42d99131,ok,605014618,regulatory_365_365,AUTO_OHDSI_605014618_20260120_082415,605014618__regulatory_365_365__AUTO_OHDSI_605014618_20260120_082415__d0ae9d94-1ac5-4ff1-ae64-d6ab42d99131.zip,
363325ec-6d86-431f-bd26-ae88bc909ced,ok,605014618,screening_365_90,AUTO_OHDSI_605014618_20260120_083849,605014618__screening_365_90__AUTO_OHDSI_605014618_20260120_083849__363325ec-6d86-431f-bd26-ae88bc909ced.zip,
0a6b0c09-d723-4a3f-b515-b87e4e0e055d,ok,605014618,screening_180_90,AUTO_OHDSI_605014618_20260120_085420,605014618__screening_180_90__AUTO_OHDSI_605014618_20260120_085420__0a6b0c09-d723-4a3f-b515-b87e4e0e055d.zip,
9287e8b9-b97a-4b9e-9ade-591dbed762f5,ok,605014618,screening_90_30,AUTO_OHDSI_605014618_20260120_090916,605014618__screening_90_30__AUTO_OHDSI_605014618_20260120_090916__9287e8b9-b97a-4b9e-9ade-591dbed762f5.zip,
98a4c7e8-b969-4d9f-986d-ac4637d1717f,ok,605014618,screening_30_14,AUTO_OHDSI_605014618_20260120_092333,605014618__screening_30_14__AUTO_OHDSI_605014618_20260120_092333__98a4c7e8-b969-4d9f-986d-ac4637d1717f.zip,
c8721ccf-f5c8-409a-83b4-7eb898f0a50a,ok,605014618,screening_30_7,AUTO_OHDSI_605014618_20260120_004203,605014618__screening_30_7__AUTO_OHDSI_605014618_20260120_004203__c8721ccf-f5c8-409a-83b4-7eb898f0a50a.zip,
