concept_id,concept_name,domain,occurrence_count,patient_count,avg_days_to_onset
4173584,Chronic active type B viral hepatitis,Condition,120,104,0.6
194574,Chronic type B viral hepatitis,Condition,83,82,0.6
37116804,Improved dentition,Condition,130,73,0.7
4318541,Cholestatic hepatitis,Condition,82,63,0.6
4296301,Hepatic congestion,Condition,68,63,0.5
4064161,Cirrhosis of liver,Condition,49,45,0.6
4281232,Type B viral hepatitis,Condition,39,32,0.6
45772057,Cirrhosis of liver due to hepatitis B,Condition,30,26,0.3
196951,Chronic congestive splenomegaly,Condition,23,23,0.4
4246127,Malignant neoplasm of liver,Condition,35,20,1.7
45771255,Compensated liver disease,Condition,20,20,1.2
4094864,Primary carcinoma of liver,Condition,17,16,0.6
24966,Esophageal varices,Condition,20,15,0.5
4225905,Liver cyst,Condition,16,15,0.9
4228222,Hypoproteinemia,Condition,15,15,0.0
3013721,Aspartate aminotransferase [Enzymatic activity/volume] in Serum or Plasma,Measurement,2890,1232,1.6
3024128,Bilirubin.total [Mass/volume] in Serum or Plasma,Measurement,2851,1227,1.6
3007242,Bilirubin.indirect [Moles/volume] in Serum or Plasma,Measurement,2851,1227,1.6
3028638,Bilirubin.direct [Moles/volume] in Serum or Plasma,Measurement,2851,1227,1.6
3020509,Albumin/Globulin [Mass Ratio] in Serum or Plasma,Measurement,2705,1148,1.7
3010568,Globulin [Mass/volume] in Plasma,Measurement,2705,1148,1.7
3035995,Alkaline phosphatase [Enzymatic activity/volume] in Serum or Plasma,Measurement,2705,1148,1.7
3028110,Bile acid [Moles/volume] in Serum or Plasma,Measurement,2491,1075,1.6
3010866,Cholinesterase [Enzymatic activity/volume] in Serum or Plasma,Measurement,2460,1071,1.6
3003805,Alpha fucosidase [Enzymatic activity/volume] in Serum or Plasma,Measurement,2460,1071,1.6
3052649,Adenosine deaminase [Enzymatic activity/volume] in Serum or Plasma,Measurement,2460,1071,1.6
3002590,Prealbumin [Mass/volume] in Serum or Plasma by Electrophoresis,Measurement,2460,1071,1.6
3032567,Hepatitis B virus DNA [Units/volume] (viral load) in Serum or Plasma by NAA with probe detection,Measurement,1903,1057,0.5
3001127,Alpha 1 antitrypsin [Mass/volume] in Serum or Plasma by Nephelometry,Measurement,2315,1023,1.5
3016723,Creatinine [Mass/volume] in Serum or Plasma,Measurement,2111,873,1.7
37172783,Alpha-fetoprotein mass concentration in plasma,Measurement,1560,866,0.4
46235079,Carbon dioxide  total [Moles/volume] in Serum  Plasma or Blood,Measurement,1962,828,1.6
3030366,Cystatin C [Mass/volume] in Serum or Plasma,Measurement,1925,820,1.6
43534077,Urea [Moles/volume] in Blood,Measurement,1690,758,1.4
3006923,Alanine aminotransferase [Enzymatic activity/volume] in Serum or Plasma,Measurement,1648,731,1.6
3024561,Albumin [Mass/volume] in Serum or Plasma,Measurement,1564,680,1.7
3020630,Protein [Mass/volume] in Serum or Plasma,Measurement,1547,676,1.7
3026910,Gamma glutamyl transferase [Enzymatic activity/volume] in Serum or Plasma,Measurement,1387,621,1.6
3020416,Erythrocytes [#/volume] in Blood by Automated count,Measurement,1894,605,2.4
3043688,Hemoglobin [Mass/volume] in Body fluid,Measurement,1909,604,2.4
3026710,Lymphocytes [#/volume] in Blood by Flow cytometry (FC),Measurement,1892,604,2.4
3964927,Monocytes/100 leukocytes in Blood by Flow cytometry (FC),Measurement,1892,604,2.4
3009932,Eosinophils [#/volume] in Blood by Manual count,Measurement,1892,604,2.4
3001604,Monocytes [#/volume] in Blood,Measurement,1892,604,2.4
3027651,Basophils [#/volume] in Blood by Manual count,Measurement,1892,604,2.4
3039417,Platelet distribution width [Ratio] in Blood,Measurement,1892,604,2.4
3009744,MCHC [Mass/volume] by Automated count,Measurement,1892,604,2.4
3016682,Platelets [#/volume] in Plasma by Automated count,Measurement,1892,604,2.4
3037511,Lymphocytes/100 leukocytes in Blood by Automated count,Measurement,1892,604,2.4
3010457,Eosinophils/100 leukocytes in Blood by Automated count,Measurement,1892,604,2.4
