"outcome_concept_id","irr","ci95l","ci95u","p","p_adj"
4173584,NA,NA,NA,NA,NA
4281232,NA,NA,NA,NA,NA
194574,NA,NA,NA,NA,NA
4318541,NA,NA,NA,NA,NA
4064161,NA,NA,NA,NA,NA
4296301,NA,NA,NA,NA,NA
45772057,NA,NA,NA,NA,NA
3001604,NA,NA,NA,NA,NA
46235078,NA,NA,NA,NA,NA
3024128,NA,NA,NA,NA,NA
3010866,NA,NA,NA,NA,NA
3013721,NA,NA,NA,NA,NA
3017250,NA,NA,NA,NA,NA
3046044,NA,NA,NA,NA,NA
3007242,NA,NA,NA,NA,NA
3005029,NA,NA,NA,NA,NA
3028638,NA,NA,NA,NA,NA
3002590,NA,NA,NA,NA,NA
3039417,NA,NA,NA,NA,NA
3006923,NA,NA,NA,NA,NA
3035995,NA,NA,NA,NA,NA
40766836,NA,NA,NA,NA,NA
3001127,NA,NA,NA,NA,NA
3017732,NA,NA,NA,NA,NA
3039312,NA,NA,NA,NA,NA
46236949,NA,NA,NA,NA,NA
3016682,NA,NA,NA,NA,NA
3020630,NA,NA,NA,NA,NA
3020416,NA,NA,NA,NA,NA
3002888,NA,NA,NA,NA,NA
