"outcome_concept_id","outcome_name","outcome_domain","post_events","pre_events","n_exposures","irr","ci95l","ci95u","p","reason_code","p_adj","min_cell_count"
4281232,"Type B viral hepatitis","Condition",1932,633,3113,2.67061611374408,2.44006271069197,2.92603533552329,1.78178954531568e-116,"OK",3.14485854748218e-114,5
194574,"Chronic type B viral hepatitis","Condition",1676,561,3113,2.61408199643494,2.37431432400887,2.88146015770939,4.86741685922113e-98,"OK",5.72732717101687e-96,5
4173584,"Chronic active type B viral hepatitis","Condition",1579,405,3113,3.41141975308642,3.05665957686134,3.81436208021007,3.98065296691094e-131,"OK",1.40517049731956e-128,5
4064161,"Cirrhosis of liver","Condition",672,307,3113,1.91530944625407,1.67092204956585,2.19938548762389,2.48610640796929e-22,"OK",1.75519112402632e-20,5
4318541,"Cholestatic hepatitis","Condition",320,87,3113,3.2183908045977,2.53192843203132,4.1276179567194,3.83410911794338e-26,"OK",3.38360129658504e-24,5
4296301,"Hepatic congestion","Condition",233,88,3113,2.31676136363636,1.80544073714036,2.99547052637029,2.13886000803409e-12,"OK",1.25836263806006e-10,5
4246127,"Malignant neoplasm of liver","Condition",210,237,3113,0.775316455696203,0.64079795514724,0.937544392097144,0.00787482740667926,"OK",0.187723858372819,5
45772057,"Cirrhosis of liver due to hepatitis B","Condition",197,95,3113,1.81447368421053,1.41340302000761,2.34297227143942,9.97751776644525e-07,"OK",3.52206377155517e-05,5
37116804,"Improved dentition","Condition",116,188,3113,0.539893617021277,0.424606437056673,0.684078161364411,1.36922543757648e-07,"OK",6.04170724330623e-06,5
3010866,"Cholinesterase [Enzymatic activity/volume] in Serum or Plasma","Measurement",59,34,3113,1.51838235294118,0.979292945741788,2.38847518436981,0.0608495994545317,"OK",0.939946165786056,5
3013721,"Aspartate aminotransferase [Enzymatic activity/volume] in Serum or Plasma","Measurement",56,33,3113,1.48484848484848,0.949049528604187,2.35700315625939,0.0716877290958404,"OK",0.939946165786056,5
4094864,"Primary carcinoma of liver","Condition",50,104,3113,0.420673076923077,0.294032846914161,0.594922529197521,2.46843933011142e-07,"OK",9.68176759477036e-06,5
3003805,"Alpha fucosidase [Enzymatic activity/volume] in Serum or Plasma","Measurement",50,52,3113,0.841346153846154,0.559076520323704,1.26501819024681,0.427449282120519,"OK",1,5
3028638,"Bilirubin.direct [Moles/volume] in Serum or Plasma","Measurement",42,25,3113,1.47,0.875366680884626,2.51681253978921,0.141875454535364,"OK",1,5
3007242,"Bilirubin.indirect [Moles/volume] in Serum or Plasma","Measurement",41,22,3113,1.63068181818182,0.948928099732337,2.87440146643394,0.0763458725438632,"OK",0.962503321713703,5
3010568,"Globulin [Mass/volume] in Plasma","Measurement",40,40,3113,0.875,0.550192578202423,1.39155821131109,0.576448063476425,"OK",1,5
3001604,"Monocytes [#/volume] in Blood","Measurement",38,15,3113,2.21666666666667,1.19122578149965,4.33774632036268,0.00839374038689689,"OK",0.187723858372819,5
3052649,"Adenosine deaminase [Enzymatic activity/volume] in Serum or Plasma","Measurement",38,38,3113,0.875,0.543213647886162,1.40943623743498,0.567642462721062,"OK",1,5
3002590,"Prealbumin [Mass/volume] in Serum or Plasma by Electrophoresis","Measurement",37,23,3113,1.40760869565217,0.814564127054911,2.48125742800681,0.24399716687596,"OK",1,5
196951,"Chronic congestive splenomegaly","Condition",37,98,3113,0.330357142857143,0.219955732252674,0.486775621495269,1.22155500360845e-09,"OK",6.16012737533973e-08,5
3020509,"Albumin/Globulin [Mass Ratio] in Serum or Plasma","Measurement",37,38,3113,0.851973684210526,0.526902468744569,1.37644683935492,0.490277668462171,"OK",1,5
3024128,"Bilirubin.total [Mass/volume] in Serum or Plasma","Measurement",36,16,3113,1.96875,1.0650298753509,3.79981033087602,0.0254574447073263,"OK",0.449323899084309,5
3039417,"Platelet distribution width [Ratio] in Blood","Measurement",36,27,3113,1.16666666666667,0.688815190571361,1.99805049951043,0.614048854742646,"OK",1,5
24966,"Esophageal varices","Condition",36,74,3113,0.425675675675676,0.277578118002111,0.642198193340901,2.03202354889538e-05,"OK",0.000652094829781883,5
3006923,"Alanine aminotransferase [Enzymatic activity/volume] in Serum or Plasma","Measurement",36,22,3113,1.43181818181818,0.819809084217729,2.55492455263215,0.190777797323801,"OK",1,5
3035995,"Alkaline phosphatase [Enzymatic activity/volume] in Serum or Plasma","Measurement",35,27,3113,1.13425925925926,0.667051201474198,1.94838155409663,0.702988441436364,"OK",1,5
46235078,"Potassium [Moles/volume] in Serum, Plasma or Blood","Measurement",35,13,3113,2.35576923076923,1.21601849679819,4.85211937595024,0.00850873012454705,"OK",0.187723858372819,5
3024386,"Platelet mean volume [Entitic volume] in Blood by Rees-Ecker","Measurement",33,35,3113,0.825,0.496920824696768,1.3668756400823,0.466671642553704,"OK",1,5
40766836,"Hemoglobins that can be presumptively identified based on available controls in DBS","Measurement",33,18,3113,1.60416666666667,0.877390187023885,3.02591752696858,0.122428487610899,"OK",1,5
3001127,"Alpha 1 antitrypsin [Mass/volume] in Serum or Plasma by Nephelometry","Measurement",33,23,3113,1.2554347826087,0.715229390441382,2.23919458579112,0.42444584562537,"OK",1,5
45771255,"Compensated liver disease","Condition",33,49,3113,0.589285714285714,0.367125007856136,0.935011172514469,0.0198111378459098,"OK",0.368070087347693,5
3017732,"Neutrophils [#/volume] in Blood","Measurement",31,21,3113,1.29166666666667,0.718852705897632,2.36502386036118,0.405781604551452,"OK",1,5
3039312,"Plateletcrit [Volume Fraction] in Blood","Measurement",31,20,3113,1.35625,0.748801371192979,2.51065118481106,0.326887684124888,"OK",1,5
46236949,"Alanine aminotransferase [Enzymatic activity/volume] in Serum, Plasma or Blood","Measurement",30,16,3113,1.640625,0.866328010033531,3.22252475586058,0.13865763218836,"OK",1,5
3016682,"Platelets [#/volume] in Plasma by Automated count","Measurement",30,21,3113,1.25,0.692237613124477,2.29709472510747,0.484125274401668,"OK",1,5
3020630,"Protein [Mass/volume] in Serum or Plasma","Measurement",30,18,3113,1.45833333333333,0.78693651249613,2.77810295560138,0.24716231491871,"OK",1,5
3020416,"Erythrocytes [#/volume] in Blood by Automated count","Measurement",30,23,3113,1.14130434782609,0.641006864282623,2.05738306216099,0.681013041858323,"OK",1,5
3002888,"Erythrocyte distribution width [Entitic volume]","Measurement",29,21,3113,1.20833333333333,0.665656883274216,2.22913311782925,0.571785698766981,"OK",1,5
3014576,"Chloride [Moles/volume] in Serum or Plasma","Measurement",29,15,3113,1.69166666666667,0.877822081080916,3.39501429083655,0.0987687387155307,"OK",1,5
3028110,"Bile acid [Moles/volume] in Serum or Plasma","Measurement",28,21,3113,1.16666666666667,0.639113402391214,2.16113636306345,0.668323662201249,"OK",1,5
3037511,"Lymphocytes/100 leukocytes in Blood by Automated count","Measurement",28,15,3113,1.63333333333333,0.843157859834399,3.29011650933904,0.128893609464063,"OK",1,5
3964927,"Monocytes/100 leukocytes in Blood by Flow cytometry (FC)","Measurement",27,17,3113,1.38970588235294,0.730372930856062,2.71737221226585,0.29533059428549,"OK",1,5
3026910,"Gamma glutamyl transferase [Enzymatic activity/volume] in Serum or Plasma","Measurement",27,20,3113,1.18125,0.638277271920336,2.22147914032903,0.661564591259024,"OK",1,5
3026710,"Lymphocytes [#/volume] in Blood by Flow cytometry (FC)","Measurement",26,27,3113,0.842592592592592,0.472435858218865,1.50016541826124,0.582863662307052,"OK",1,5
3043688,"Hemoglobin [Mass/volume] in Body fluid","Measurement",25,24,3113,0.911458333333333,0.499442533869269,1.66677647040017,0.775941549155815,"OK",1,5
3024561,"Albumin [Mass/volume] in Serum or Plasma","Measurement",25,24,3113,0.911458333333333,0.499442533869269,1.66677647040017,0.775941549155815,"OK",1,5
4225905,"Liver cyst","Condition",25,32,3113,0.68359375,0.388383624539266,1.19052351056511,0.183967348669583,"OK",1,5
3018010,"Neutrophils/100 leukocytes in Blood","Measurement",24,14,3113,1.5,0.745198707090272,3.13646067261051,0.256840749126157,"OK",1,5
3009744,"MCHC [Mass/volume] by Automated count","Measurement",24,25,3113,0.84,0.459344737339726,1.53295914560694,0.569074484653812,"OK",1,5
3005029,"Protein [Mass/volume] in Body fluid","Measurement",23,10,3113,2.0125,0.921306269646303,4.73697452066154,0.0796265119218193,"OK",0.96924685201387,5
46235784,"Sodium [Moles/volume] in Serum, Plasma or Blood","Measurement",23,17,3113,1.18382352941176,0.605292436477151,2.36059935815496,0.637282217484382,"OK",1,5
3010457,"Eosinophils/100 leukocytes in Blood by Automated count","Measurement",23,17,3113,1.18382352941176,0.605292436477151,2.36059935815496,0.637282217484382,"OK",1,5
3023599,"MCV [Entitic volume] by Automated count","Measurement",23,15,3113,1.34166666666667,0.670558303618777,2.76495035996153,0.418726724612151,"OK",1,5
3000905,"Leukocytes [#/volume] in Blood by Automated count","Measurement",22,12,3113,1.60416666666667,0.760166724228278,3.55630756363954,0.229040407157387,"OK",1,5
4228222,"Hypoproteinemia","Condition",20,39,3113,0.448717948717949,0.247963471687785,0.788273950407653,0.00372319691569245,"OK",0.101099116249187,5
3028465,"Gamma glutamyl transferase [Enzymatic activity/volume] in Body fluid","Measurement",20,10,3113,1.75,0.781820279086605,4.18648338529584,0.199455628068071,"OK",1,5
3052964,"Fibrinogen [Mass/volume] in Platelet poor plasma by Coagulation.derived","Measurement",18,10,3113,1.575,0.68931659825655,3.81903829239744,0.262357911740762,"OK",1,5
3032567,"Hepatitis B virus DNA [Units/volume] (viral load) in Serum or Plasma by NAA with probe detection","Measurement",18,19,3113,0.828947368421053,0.410279275511713,1.66862819698356,0.622739899302341,"OK",1,5
3028437,"Cholesterol in LDL [Mass/volume] in Serum or Plasma","Measurement",17,31,3113,0.479838709677419,0.249109287308958,0.894219901159052,0.0138298995719136,"OK",0.271219697160306,5
3009542,"Hematocrit [Volume Fraction] of Blood","Measurement",17,12,3113,1.23958333333333,0.557929385357417,2.84460219266561,0.583759285379544,"OK",1,5
3025839,"Triglyceride [Moles/volume] in Serum or Plasma","Measurement",17,19,3113,0.782894736842105,0.382275293021646,1.59073475121048,0.506325929712644,"OK",1,5
37172783,"Alpha-fetoprotein mass concentration in plasma","Measurement",17,31,3113,0.479838709677419,0.249109287308958,0.894219901159052,0.0138298995719136,"OK",0.271219697160306,5
46235079,"Carbon dioxide, total [Moles/volume] in Serum, Plasma or Blood","Measurement",17,18,3113,0.826388888888889,0.400191423354855,1.69935157340907,0.613779680148489,"OK",1,5
3007070,"Cholesterol in HDL [Mass/volume] in Serum or Plasma","Measurement",15,17,3113,0.772058823529412,0.359027841735667,1.64344357481057,0.48356937085357,"OK",1,5
46236948,"Glucose [Moles/volume] in Serum, Plasma or Blood","Measurement",15,20,3113,0.65625,0.312611760906938,1.34845921511273,0.237901383058283,"OK",1,5
3016723,"Creatinine [Mass/volume] in Serum or Plasma","Measurement",15,13,3113,1.00961538461538,0.448149519978038,2.30556260792706,1,"OK",1,5
43534077,"Urea [Moles/volume] in Blood","Measurement",15,13,3113,1.00961538461538,0.448149519978038,2.30556260792706,1,"OK",1,5
3006742,"Cancer Ag 15-3 [Presence] in Serum or Plasma","Measurement",14,16,3113,0.765625,0.34607462466125,1.67412351720695,0.471359253490925,"OK",1,5
3028286,"Albumin [Mass/volume] in Serum or Plasma by Electrophoresis","Measurement",14,12,3113,1.02083333333333,0.438238470385595,2.41606703794882,1,"OK",1,5
3030366,"Cystatin C [Mass/volume] in Serum or Plasma","Measurement",13,9,3113,1.26388888888889,0.499806855157839,3.35015237269393,0.672082257825814,"OK",1,5
3009596,"Cholesterol in VLDL [Mass/volume] in Serum or Plasma by calculation","Measurement",13,17,3113,0.669117647058823,0.298878270280901,1.4628628608995,0.279330464689212,"OK",1,5
3009932,"Eosinophils [#/volume] in Blood by Manual count","Measurement",13,17,3113,0.669117647058823,0.298878270280901,1.4628628608995,0.279330464689212,"OK",1,5
3010748,"Hematocrit/Hemoglobin [Ratio] of Blood by Automated count","Measurement",13,14,3113,0.8125,0.351645627766816,1.8636837528901,0.700551974955987,"OK",1,5
3002656,"Lipoproteins [Mass/volume] in Serum or Plasma","Measurement",12,11,3113,0.954545454545454,0.385585317681911,2.38753707212395,1,"OK",1,5
3032080,"INR in Blood by Coagulation assay","Measurement",11,5,3113,1.925,0.61659430410279,7.06727430016406,0.316575732997103,"OK",1,5
3022893,"Aspartate aminotransferase/Alanine aminotransferase [Enzymatic activity ratio] in Serum or Plasma","Measurement",10,5,3113,1.75,0.545002110055688,6.52513392200031,0.438814525472148,"OK",1,5
3034426,"Prothrombin time (PT)","Measurement",10,5,3113,1.75,0.545002110055688,6.52513392200031,0.438814525472148,"OK",1,5
3022096,"Basophils/100 leukocytes in Blood","Measurement",9,12,3113,0.65625,0.244207575085736,1.69696876169378,0.385569502916363,"OK",1,5
3012898,"Urea [Moles/volume] in Urine","Measurement",0,0,3113,NA,NA,NA,NA,"SUPPRESSED_MINCELL",NA,5
3010156,"C reactive protein [Mass/volume] in Serum or Plasma by High sensitivity method","Measurement",0,0,3113,NA,NA,NA,NA,"SUPPRESSED_MINCELL",NA,5
3016436,"Lactate dehydrogenase [Enzymatic activity/volume] in Serum or Plasma","Measurement",0,0,3113,NA,NA,NA,NA,"SUPPRESSED_MINCELL",NA,5
3005353,"Prothrombin activity actual/normal in Platelet poor plasma by Coagulation assay","Measurement",0,0,3113,NA,NA,NA,NA,"SUPPRESSED_MINCELL",NA,5
3019900,"Cholesterol [Moles/volume] in Serum or Plasma","Measurement",8,6,3113,1.16666666666667,0.354985327395551,4.079388765103,1,"OK",1,5
42529199,"Cancer Ag 125 [Units/volume] in Serum or Plasma by Immunoassay","Measurement",8,10,3113,0.7,0.240077967190475,1.96986549524233,0.48621351747929,"OK",1,5
3015377,"Calcium [Moles/volume] in Serum or Plasma","Measurement",0,0,3113,NA,NA,NA,NA,"SUPPRESSED_MINCELL",NA,5
3008342,"Neutrophils/100 leukocytes in Blood by Automated count","Measurement",0,0,3113,NA,NA,NA,NA,"SUPPRESSED_MINCELL",NA,5
3016070,"Creatine kinase.MB [Enzymatic activity/volume] in Serum or Plasma by Electrophoresis","Measurement",8,9,3113,0.777777777777778,0.261116770385705,2.27114320222111,0.63454448820831,"OK",1,5
3026076,"Alpha hydroxybutyrate dehydrogenase [Enzymatic activity/volume] in Serum or Plasma","Measurement",0,0,3113,NA,NA,NA,NA,"SUPPRESSED_MINCELL",NA,5
3031305,"aPTT panel - Platelet poor plasma","Measurement",0,0,3113,NA,NA,NA,NA,"SUPPRESSED_MINCELL",NA,5
3010813,"Leukocytes [#/volume] in Blood","Measurement",7,10,3113,0.6125,0.197878439800261,1.78257802159012,0.340556107538706,"OK",1,5
3027114,"Cholesterol [Mass/volume] in Serum or Plasma","Measurement",7,22,3113,0.278409090909091,0.100455913605212,0.674770698198531,0.00227731342375777,"OK",0.0669909698822078,5
3005162,"Calcium [Moles/volume] in Blood","Measurement",6,7,3113,0.75,0.208232411501167,2.60626408358915,0.782455020642469,"OK",1,5
3008364,"Apolipoprotein A-I [Mass/volume] in Serum or Plasma","Measurement",6,13,3113,0.403846153846154,0.125870054477292,1.13881624710672,0.0669694787927437,"OK",0.939946165786056,5
3024552,"Cancer Ag 19-9 [Presence] in Serum or Plasma","Measurement",6,6,3113,0.875,0.233920922921706,3.27300777731736,1,"OK",1,5
3018677,"aPTT in Platelet poor plasma by Coagulation assay","Measurement",0,0,3113,NA,NA,NA,NA,"SUPPRESSED_MINCELL",NA,5
3015736,"pH of Urine","Measurement",0,0,3113,NA,NA,NA,NA,"SUPPRESSED_MINCELL",NA,5
3016407,"Fibrinogen [Mass/volume] in Platelet poor plasma by Coagulation assay","Measurement",0,0,3113,NA,NA,NA,NA,"SUPPRESSED_MINCELL",NA,5
3036887,"Ammonia [Mass/volume] in Plasma","Measurement",0,0,3113,NA,NA,NA,NA,"SUPPRESSED_MINCELL",NA,5
3014791,"Apolipoprotein B [Mass/volume] in Serum or Plasma","Measurement",5,11,3113,0.397727272727273,0.108333845197183,1.24169976093773,0.0845727498888125,"OK",0.995139357025027,5
3017250,"Creatinine [Mass/volume] in Urine","Measurement",5,0,3113,Inf,0.801811375151028,Inf,0.0652839506172839,"OK",0.939946165786056,5
1002070,"Acarboxyprothrombin [Units/volume] in Serum or Plasma","Measurement",5,10,3113,0.4375,0.117334756520261,1.40481107480808,0.129856575504727,"OK",1,5
3039902,"Granular casts [#/volume] in Urine by Computer assisted method","Measurement",0,0,3113,NA,NA,NA,NA,"SUPPRESSED_MINCELL",NA,5
3046044,"N-acetyl-beta-glucosaminidase [Enzymatic activity/volume] in Urine","Measurement",5,0,3113,Inf,0.801811375151028,Inf,0.0652839506172839,"OK",0.939946165786056,5
3031767,"Vascular endothelial growth factor [Mass/volume] in Serum or Plasma","Measurement",0,0,3113,NA,NA,NA,NA,"SUPPRESSED_MINCELL",NA,5
3052318,"Alpha-1-Microglobulin [Mass/volume] in Urine","Measurement",0,0,3113,NA,NA,NA,NA,"SUPPRESSED_MINCELL",NA,5
46234929,"Hepatitis B virus e Ag [Presence] in Serum, Plasma or Blood by Rapid immunoassay","Measurement",0,0,3113,NA,NA,NA,NA,"SUPPRESSED_MINCELL",NA,5
3019284,"Hepatitis B virus surface Ag [Presence] in Serum","Measurement",0,0,3113,NA,NA,NA,NA,"SUPPRESSED_MINCELL",NA,5
3012095,"Magnesium [Moles/volume] in Serum or Plasma","Measurement",0,0,3113,NA,NA,NA,NA,"SUPPRESSED_MINCELL",NA,5
3003785,"Carcinoembryonic Ag [Mass/volume] in Serum or Plasma","Measurement",0,0,3113,NA,NA,NA,NA,"SUPPRESSED_MINCELL",NA,5
3007220,"Creatine kinase [Enzymatic activity/volume] in Serum or Plasma","Measurement",0,0,3113,NA,NA,NA,NA,"SUPPRESSED_MINCELL",NA,5
40760213,"Phenol [Mass/volume] adjusted to specific gravity 1.024 in Urine","Measurement",0,0,3113,NA,NA,NA,NA,"SUPPRESSED_MINCELL",NA,5
40759253,"Cholesterol in HDL 2a [Moles/volume] in Serum or Plasma","Measurement",0,0,3113,NA,NA,NA,NA,"SUPPRESSED_MINCELL",NA,5
3027651,"Basophils [#/volume] in Blood by Manual count","Measurement",0,0,3113,NA,NA,NA,NA,"SUPPRESSED_MINCELL",NA,5
3029707,"Crystals [#/volume] in Urine by Automated count","Measurement",0,0,3113,NA,NA,NA,NA,"SUPPRESSED_MINCELL",NA,5
3018913,"Phosphate [Moles/volume] in Blood","Measurement",0,0,3113,NA,NA,NA,NA,"SUPPRESSED_MINCELL",NA,5
3018853,"Superoxide dismutase [Enzymatic activity/volume] in Plasma","Measurement",0,0,3113,NA,NA,NA,NA,"SUPPRESSED_MINCELL",NA,5
3029879,"Epithelial cells.squamous [#/volume] in Urine by Automated count","Measurement",0,0,3113,NA,NA,NA,NA,"SUPPRESSED_MINCELL",NA,5
3007835,"Cancer Ag 125 [Presence] in Serum or Plasma","Measurement",0,0,3113,NA,NA,NA,NA,"SUPPRESSED_MINCELL",NA,5
3009931,"Hyaluronate [Mass/volume] in Serum or Plasma","Measurement",0,0,3113,NA,NA,NA,NA,"SUPPRESSED_MINCELL",NA,5
3011724,"Hepatitis B virus e Ag [Presence] in Serum by Radioimmunoassay (RIA)","Measurement",0,0,3113,NA,NA,NA,NA,"SUPPRESSED_MINCELL",NA,5
3023202,"Hepatitis B virus e Ab [Units/volume] in Serum by Immunoassay","Measurement",0,0,3113,NA,NA,NA,NA,"SUPPRESSED_MINCELL",NA,5
3030981,"Hyaline casts [#/volume] in Urine by Automated count","Measurement",0,0,3113,NA,NA,NA,NA,"SUPPRESSED_MINCELL",NA,5
3034639,"Hemoglobin A1c [Mass/volume] in Blood","Measurement",0,0,3113,NA,NA,NA,NA,"SUPPRESSED_MINCELL",NA,5
1988100,"Leukocytes [#/volume] in Peritoneal dialysis fluid by Automated count","Measurement",0,0,3113,NA,NA,NA,NA,"SUPPRESSED_MINCELL",NA,5
1988277,"Alpha-1-Fetoprotein L3 [Mass/volume] in Serum or Plasma by Immunoassay","Measurement",0,0,3113,NA,NA,NA,NA,"SUPPRESSED_MINCELL",NA,5
3018095,"Leukocytes [#/volume] in Urine","Measurement",0,0,3113,NA,NA,NA,NA,"SUPPRESSED_MINCELL",NA,5
3044042,"Cancer Ag 50 [Units/volume] in Serum or Plasma","Measurement",0,0,3113,NA,NA,NA,NA,"SUPPRESSED_MINCELL",NA,5
3045975,"IgA [Presence] in Serum","Measurement",0,0,3113,NA,NA,NA,NA,"SUPPRESSED_MINCELL",NA,5
36304079,"Mucus [Presence] in Urine sediment","Measurement",0,0,3113,NA,NA,NA,NA,"SUPPRESSED_MINCELL",NA,5
3012413,"Glucose [Moles/volume] in Serum or Plasma --2 hours post meal","Measurement",0,0,3113,NA,NA,NA,NA,"SUPPRESSED_MINCELL",NA,5
3022177,"Hepatitis B virus core Ab [Units/volume] in Serum by Radioimmunoassay (RIA)","Measurement",0,0,3113,NA,NA,NA,NA,"SUPPRESSED_MINCELL",NA,5
42868533,"Mononuclear cells [#/volume] in Peritoneal fluid by Automated count","Measurement",0,0,3113,NA,NA,NA,NA,"SUPPRESSED_MINCELL",NA,5
42869583,"Hematocrit [Pure volume fraction] of Body fluid","Measurement",0,0,3113,NA,NA,NA,NA,"SUPPRESSED_MINCELL",NA,5
3011904,"Phosphate [Mass/volume] in Serum or Plasma","Measurement",0,0,3113,NA,NA,NA,NA,"SUPPRESSED_MINCELL",NA,5
3003470,"Hepatitis C virus Ab [Units/volume] in Serum by Immunoassay","Measurement",0,0,3113,NA,NA,NA,NA,"SUPPRESSED_MINCELL",NA,5
3008143,"IgG [Presence] in Serum","Measurement",0,0,3113,NA,NA,NA,NA,"SUPPRESSED_MINCELL",NA,5
3966438,"CE Ab [Presence] in Serum or Plasma","Measurement",0,0,3113,NA,NA,NA,NA,"SUPPRESSED_MINCELL",NA,5
3050146,"Prolactin [Mass/volume] in Serum or Plasma by 3rd IS","Measurement",0,0,3113,NA,NA,NA,NA,"SUPPRESSED_MINCELL",NA,5
3049408,"Hepatitis B virus surface Ag [Presence] in Serum from Donor by Immunoassay","Measurement",0,0,3113,NA,NA,NA,NA,"SUPPRESSED_MINCELL",NA,5
42529230,"Thyroxine (T4) [Mass/volume] in Serum or Plasma by Immunoassay","Measurement",0,0,3113,NA,NA,NA,NA,"SUPPRESSED_MINCELL",NA,5
42529231,"Thyroxine (T4) [Moles/volume] in Serum or Plasma by Immunoassay","Measurement",0,0,3113,NA,NA,NA,NA,"SUPPRESSED_MINCELL",NA,5
3018133,"Calcium [Moles/volume] in Urine","Measurement",0,0,3113,NA,NA,NA,NA,"SUPPRESSED_MINCELL",NA,5
3022764,"Mononuclear cells/100 leukocytes in Peritoneal fluid","Measurement",0,0,3113,NA,NA,NA,NA,"SUPPRESSED_MINCELL",NA,5
3040659,"Glucose [Moles/volume] in Serum or Plasma --1 hour post meal","Measurement",0,0,3113,NA,NA,NA,NA,"SUPPRESSED_MINCELL",NA,5
3015759,"IgM [Presence] in Serum","Measurement",0,0,3113,NA,NA,NA,NA,"SUPPRESSED_MINCELL",NA,5
3005673,"Hemoglobin A1c/Hemoglobin.total in Blood by HPLC","Measurement",0,0,3113,NA,NA,NA,NA,"SUPPRESSED_MINCELL",NA,5
42869547,"Procollagen type III.N-terminal propeptide [Mass/volume] in Serum","Measurement",0,0,3113,NA,NA,NA,NA,"SUPPRESSED_MINCELL",NA,5
42869548,"Treponema pallidum Ab [Titer] in Serum or Plasma by Agglutination","Measurement",0,0,3113,NA,NA,NA,NA,"SUPPRESSED_MINCELL",NA,5
3029991,"Specific gravity of Urine by Refractometry automated","Measurement",0,0,3113,NA,NA,NA,NA,"SUPPRESSED_MINCELL",NA,5
3001019,"Free T4 and TSH panel - Serum or Plasma","Measurement",0,0,3113,NA,NA,NA,NA,"SUPPRESSED_MINCELL",NA,5
43055483,"Glucose in serum - glucose in peritoneal fluid [Molar concentration difference]","Measurement",0,0,3113,NA,NA,NA,NA,"SUPPRESSED_MINCELL",NA,5
3029794,"Leukocyte clumps [#/volume] in Urine by Automated count","Measurement",0,0,3113,NA,NA,NA,NA,"SUPPRESSED_MINCELL",NA,5
43534062,"3-epi-25-Hydroxyvitamin D3/25-hydroxyvitamin D.total in Serum or Plasma","Measurement",0,0,3113,NA,NA,NA,NA,"SUPPRESSED_MINCELL",NA,5
3040208,"Hepatitis E virus IgM Ab [Units/volume] in Serum","Measurement",0,0,3113,NA,NA,NA,NA,"SUPPRESSED_MINCELL",NA,5
3040139,"Yeast.hyphae [#/volume] in Urine by Computer assisted method","Measurement",0,0,3113,NA,NA,NA,NA,"SUPPRESSED_MINCELL",NA,5
3005996,"Glucose [Mass/volume] in Serum or Plasma --3 hours post 1.2 g/kg lactose PO","Measurement",0,0,3113,NA,NA,NA,NA,"SUPPRESSED_MINCELL",NA,5
3009201,"Thyrotropin [Units/volume] in Serum or Plasma","Measurement",0,0,3113,NA,NA,NA,NA,"SUPPRESSED_MINCELL",NA,5
1988606,"C reactive protein [Units/volume] in Body fluid","Measurement",0,0,3113,NA,NA,NA,NA,"SUPPRESSED_MINCELL",NA,5
3038334,"Lactate dehydrogenase in peritoneal fluid/Lactate dehydrogenase in serum","Measurement",0,0,3113,NA,NA,NA,NA,"SUPPRESSED_MINCELL",NA,5
3004391,"Epithelial cells [#/volume] in Urine by Manual count","Measurement",0,0,3113,NA,NA,NA,NA,"SUPPRESSED_MINCELL",NA,5
3037850,"Specific gravity of Body fluid","Measurement",0,0,3113,NA,NA,NA,NA,"SUPPRESSED_MINCELL",NA,5
3029790,"Creatine kinase.MB [Enzymatic activity/volume] in Serum or Plasma","Measurement",0,0,3113,NA,NA,NA,NA,"SUPPRESSED_MINCELL",NA,5
3037519,"Herpes simplex virus 2 Ab [Presence] in Serum","Measurement",0,0,3113,NA,NA,NA,NA,"SUPPRESSED_MINCELL",NA,5
3034459,"Mononuclear cells/100 leukocytes in Pleural fluid","Measurement",0,0,3113,NA,NA,NA,NA,"SUPPRESSED_MINCELL",NA,5
3016083,"Glucose [Mass/volume] in 24 hour Peritoneal dialysis fluid","Measurement",0,0,3113,NA,NA,NA,NA,"SUPPRESSED_MINCELL",NA,5
3010340,"Triiodothyronine (T3) [Mass/volume] in Serum or Plasma","Measurement",0,0,3113,NA,NA,NA,NA,"SUPPRESSED_MINCELL",NA,5
40762352,"Hemoglobin A1c/Hemoglobin.total in Blood by IFCC protocol","Measurement",0,0,3113,NA,NA,NA,NA,"SUPPRESSED_MINCELL",NA,5
21493866,"Erythrocytes [#/volume] in Peritoneal dialysis fluid by Automated count","Measurement",0,0,3113,NA,NA,NA,NA,"SUPPRESSED_MINCELL",NA,5
3019209,"Epstein Barr virus capsid IgM Ab [Presence] in Serum by Immunoassay","Measurement",0,0,3113,NA,NA,NA,NA,"SUPPRESSED_MINCELL",NA,5
42529190,"Alpha-1-Fetoprotein [Mass/volume] in Serum or Plasma by Immunoassay","Measurement",0,0,3113,1,NA,NA,1,"ZERO_EVENTS",1,5
42529194,"Beta-2-Microglobulin [Mass/volume] in Urine by Immunoassay","Measurement",0,0,3113,1,NA,NA,1,"ZERO_EVENTS",1,5
42529205,"Cortisol [Mass/volume] in Serum or Plasma by Immunoassay","Measurement",0,0,3113,1,NA,NA,1,"ZERO_EVENTS",1,5
42529254,"Triiodothyronine (T3) [Moles/volume] in Serum or Plasma by Immunoassay","Measurement",0,0,3113,1,NA,NA,1,"ZERO_EVENTS",1,5
42529546,"Reticulocytes.low light scatter/Reticulocytes.total in Blood by Automated count","Measurement",0,0,3113,1,NA,NA,1,"ZERO_EVENTS",1,5
42868453,"Bicarbonate [Moles/volume] standard in Plasma","Measurement",0,0,3113,1,NA,NA,1,"ZERO_EVENTS",1,5
42868739,"Protein in peritoneal fluid/Protein in serum","Measurement",0,0,3113,1,NA,NA,1,"ZERO_EVENTS",1,5
43055410,"Prostate Specific Ag Free/Prostate specific Ag.total [Pure mass fraction] in Serum or Plasma","Measurement",0,0,3113,1,NA,NA,1,"ZERO_EVENTS",1,5
43533605,"Anion gap 4 in Capillary blood","Measurement",0,0,3113,1,NA,NA,1,"ZERO_EVENTS",1,5
44787068,"Myelocytes.neutrophilic/100 leukocytes in Blood by Manual count","Measurement",0,0,3113,1,NA,NA,1,"ZERO_EVENTS",1,5
44787071,"Metamyelocytes.neutrophilic/100 leukocytes in Blood by Manual count","Measurement",0,0,3113,1,NA,NA,1,"ZERO_EVENTS",1,5
44816653,"Placental growth factor [Mass/volume] in Serum","Measurement",0,0,3113,1,NA,NA,1,"ZERO_EVENTS",1,5
46234928,"Hepatitis B virus e Ab [Presence] in Serum, Plasma or Blood by Rapid immunoassay","Measurement",0,0,3113,1,NA,NA,1,"ZERO_EVENTS",1,5
46234930,"Hepatitis B virus surface Ab [Presence] in Serum, Plasma or Blood by Rapid immunoassay","Measurement",0,0,3113,1,NA,NA,1,"ZERO_EVENTS",1,5
46236367,"Glucose [Moles/volume] in Serum, Plasma or Blood --2 hours post meal","Measurement",0,0,3113,1,NA,NA,1,"ZERO_EVENTS",1,5
46236951,"Amylase [Enzymatic activity/volume] in Serum, Plasma or Blood","Measurement",0,0,3113,1,NA,NA,1,"ZERO_EVENTS",1,5
1175686,"Chlamydophila pneumoniae IgG Ab [Presence] in Serum by Immunoassay","Measurement",0,0,3113,1,NA,NA,1,"ZERO_EVENTS",1,5
1175715,"Chlamydophila pneumoniae IgM Ab [Presence] in Serum by Immunoassay","Measurement",0,0,3113,1,NA,NA,1,"ZERO_EVENTS",1,5
1259742,"Aldosterone/Renin [Ratio] in Serum or Plasma","Measurement",0,0,3113,1,NA,NA,1,"ZERO_EVENTS",1,5
1616684,"HBc+HBe+p22cr Ag [Units/volume] in Serum or Plasma by Immunoassay","Measurement",0,0,3113,1,NA,NA,1,"ZERO_EVENTS",1,5
1617274,"Carbon dioxide, total [Moles/volume] in Central venous blood","Measurement",0,0,3113,NA,NA,NA,NA,"SUPPRESSED_MINCELL",NA,5
1617538,"24 hour predicted protein [Mass/time] based on random Urine by calculation","Measurement",0,0,3113,1,NA,NA,1,"ZERO_EVENTS",1,5
1989123,"Erythrocytes.ghost cells [#/volume] in Urine sediment by Computer assisted method","Measurement",0,0,3113,1,NA,NA,1,"ZERO_EVENTS",1,5
3000034,"Microalbumin [Mass/volume] in Urine","Measurement",0,0,3113,1,NA,NA,1,"ZERO_EVENTS",1,5
3000060,"B lymphocytes [#/volume] in Blood","Measurement",0,0,3113,1,NA,NA,1,"ZERO_EVENTS",1,5
3000067,"Parathyrin.intact [Mass/volume] in Serum or Plasma","Measurement",0,0,3113,1,NA,NA,1,"ZERO_EVENTS",1,5
3000620,"Complement C3 [Mass/volume] in Serum or Plasma","Measurement",0,0,3113,1,NA,NA,1,"ZERO_EVENTS",1,5
3000659,"Cytokeratin 19 [Mass/volume] in Serum or Plasma","Measurement",0,0,3113,1,NA,NA,1,"ZERO_EVENTS",1,5
3001186,"Copper [Moles/volume] in Serum or Plasma","Measurement",0,0,3113,1,NA,NA,1,"ZERO_EVENTS",1,5
3001405,"CD3+CD8+ (T8 suppressor) cells [#/volume] in Blood","Measurement",0,0,3113,NA,NA,NA,NA,"SUPPRESSED_MINCELL",NA,5
3001582,"Protein/Creatinine [Mass Ratio] in Urine","Measurement",0,0,3113,1,NA,NA,1,"ZERO_EVENTS",1,5
3001643,"Hemoglobin and Hematocrit panel - Blood","Measurement",0,0,3113,1,NA,NA,1,"ZERO_EVENTS",1,5
3002032,"Base excess in Venous blood by calculation","Measurement",0,0,3113,1,NA,NA,1,"ZERO_EVENTS",1,5
3002532,"Iron binding capacity.unsaturated [Moles/volume] in Serum or Plasma","Measurement",0,0,3113,1,NA,NA,1,"ZERO_EVENTS",1,5
3002736,"Platelet distribution width [Entitic volume] in Blood by Automated count","Measurement",0,0,3113,1,NA,NA,1,"ZERO_EVENTS",1,5
3002827,"Microalbumin/Creatinine [Mass Ratio] in 24 hour Urine","Measurement",0,0,3113,1,NA,NA,1,"ZERO_EVENTS",1,5
3002971,"Nuclear Ab [Titer] in Serum by Immunofluorescence","Measurement",0,0,3113,NA,NA,NA,NA,"SUPPRESSED_MINCELL",NA,5
3003185,"Cytomegalovirus IgG Ab [Units/volume] in Serum or Plasma by Immunofluorescence","Measurement",0,0,3113,1,NA,NA,1,"ZERO_EVENTS",1,5
3003260,"Angiotensin II [Mass/volume] in Plasma","Measurement",0,0,3113,1,NA,NA,1,"ZERO_EVENTS",1,5
3003403,"Glucose [Mass/volume] in Pleural fluid","Measurement",0,0,3113,1,NA,NA,1,"ZERO_EVENTS",1,5
3003745,"Microscopic observation [Identifier] in Urine by Gram stain","Measurement",0,0,3113,1,NA,NA,1,"ZERO_EVENTS",1,5
3004200,"Lactate dehydrogenase 1 [Enzymatic activity/volume] in Serum or Plasma by Chemical separation","Measurement",0,0,3113,1,NA,NA,1,"ZERO_EVENTS",1,5
3004327,"Lymphocytes [#/volume] in Blood by Automated count","Measurement",0,0,3113,1,NA,NA,1,"ZERO_EVENTS",1,5
3004789,"Transferrin [Mass/volume] in Serum or Plasma","Measurement",0,0,3113,1,NA,NA,1,"ZERO_EVENTS",1,5
3004905,"Lipase [Enzymatic activity/volume] in Serum or Plasma","Measurement",0,0,3113,1,NA,NA,1,"ZERO_EVENTS",1,5
3005044,"Rubella virus IgG Ab [Interpretation] in Serum","Measurement",0,0,3113,1,NA,NA,1,"ZERO_EVENTS",1,5
3005411,"Squamous cell carcinoma Ag [Mass/volume] in Serum or Plasma","Measurement",0,0,3113,1,NA,NA,1,"ZERO_EVENTS",1,5
3005785,"Creatine kinase.MB [Mass/volume] in Serum or Plasma","Measurement",0,0,3113,1,NA,NA,1,"ZERO_EVENTS",1,5
3005895,"Myoglobin [Mass/volume] in Serum or Plasma","Measurement",0,0,3113,1,NA,NA,1,"ZERO_EVENTS",1,5
3006297,"Platelets [#/volume] in Plasma","Measurement",0,0,3113,1,NA,NA,1,"ZERO_EVENTS",1,5
3006308,"Cancer Ag 50 [Presence] in Serum or Plasma","Measurement",0,0,3113,1,NA,NA,1,"ZERO_EVENTS",1,5
3006453,"Hepatitis B virus surface Ab [Presence] in Serum by Immunoassay","Measurement",0,0,3113,1,NA,NA,1,"ZERO_EVENTS",1,5
3006576,"Bicarbonate [Moles/volume] in Blood","Measurement",0,0,3113,NA,NA,NA,NA,"SUPPRESSED_MINCELL",NA,5
3006588,"Cancer Ag 15-3 [Units/volume] in Serum or Plasma","Measurement",0,0,3113,1,NA,NA,1,"ZERO_EVENTS",1,5
3007210,"Streptococcus pyogenes enzyme Ab [Presence] in Serum by Sheep Cell Agglutination","Measurement",0,0,3113,1,NA,NA,1,"ZERO_EVENTS",1,5
3008304,"Triiodothyronine (T3) [Moles/volume] in Serum or Plasma","Measurement",0,0,3113,1,NA,NA,1,"ZERO_EVENTS",1,5
3008486,"Thyroxine (T4) free [Moles/volume] in Serum or Plasma","Measurement",0,0,3113,1,NA,NA,1,"ZERO_EVENTS",1,5
3008641,"Thyroperoxidase Ab [Titer] in Serum or Plasma by Latex agglutination","Measurement",0,0,3113,1,NA,NA,1,"ZERO_EVENTS",1,5
3008877,"Alpha-1-acid glycoprotein [Mass/volume] in Serum or Plasma","Measurement",0,0,3113,1,NA,NA,1,"ZERO_EVENTS",1,5
3008893,"Testosterone [Mass/volume] in Serum or Plasma","Measurement",0,0,3113,1,NA,NA,1,"ZERO_EVENTS",1,5
3009105,"Erythrocytes [#/volume] in Urine by Test strip","Measurement",0,0,3113,NA,NA,NA,NA,"SUPPRESSED_MINCELL",NA,5
3009214,"Lutropin [Units/volume] in Serum or Plasma","Measurement",0,0,3113,NA,NA,NA,NA,"SUPPRESSED_MINCELL",NA,5
3009577,"Iron binding capacity [Moles/volume] in Serum or Plasma","Measurement",0,0,3113,1,NA,NA,1,"ZERO_EVENTS",1,5
3009609,"Carbon dioxide, total [Moles/volume] in Arterial blood","Measurement",0,0,3113,1,NA,NA,1,"ZERO_EVENTS",1,5
3009759,"Haptoglobin [Mass/volume] in Serum or Plasma by Electrophoresis","Measurement",0,0,3113,1,NA,NA,1,"ZERO_EVENTS",1,5
3010084,"C peptide [Mass/volume] in Serum or Plasma","Measurement",0,0,3113,1,NA,NA,1,"ZERO_EVENTS",1,5
3010963,"Hepatitis B virus e Ab [Units/volume] in Serum by Radioimmunoassay (RIA)","Measurement",0,0,3113,NA,NA,NA,NA,"SUPPRESSED_MINCELL",NA,5
3011337,"Aldosterone [Mass/volume] in Serum or Plasma","Measurement",0,0,3113,1,NA,NA,1,"ZERO_EVENTS",1,5
3011412,"CD3 cells [#/volume] in Blood","Measurement",0,0,3113,1,NA,NA,1,"ZERO_EVENTS",1,5
3011516,"Hepatitis B virus e Ag [Units/volume] in Serum by Immunoassay","Measurement",0,0,3113,1,NA,NA,1,"ZERO_EVENTS",1,5
3011544,"Albumin [Mass/volume] in Pleural fluid","Measurement",0,0,3113,1,NA,NA,1,"ZERO_EVENTS",1,5
3011648,"Oxygen content in Venous blood","Measurement",0,0,3113,1,NA,NA,1,"ZERO_EVENTS",1,5
3011705,"Protein [Mass/volume] in 24 hour Urine","Measurement",0,0,3113,1,NA,NA,1,"ZERO_EVENTS",1,5
3011958,"Ammonia [Moles/volume] in Plasma","Measurement",0,0,3113,NA,NA,NA,NA,"SUPPRESSED_MINCELL",NA,5
3011960,"Natriuretic peptide B [Mass/volume] in Serum or Plasma","Measurement",0,0,3113,1,NA,NA,1,"ZERO_EVENTS",1,5
3012516,"Albumin [Mass/volume] in Urine","Measurement",0,0,3113,1,NA,NA,1,"ZERO_EVENTS",1,5
3012887,"Cytomegalovirus IgG Ab [Presence] in Serum or Plasma by Immunoassay","Measurement",0,0,3113,1,NA,NA,1,"ZERO_EVENTS",1,5
3013201,"Beta-2-Microglobulin [Mass/volume] in Serum or Plasma","Measurement",0,0,3113,1,NA,NA,1,"ZERO_EVENTS",1,5
3013603,"Prostate specific Ag [Mass/volume] in Serum or Plasma","Measurement",0,0,3113,1,NA,NA,1,"ZERO_EVENTS",1,5
3014323,"Glucose [Interpretation] in Serum or Plasma--1 hour post dose glucose","Measurement",0,0,3113,1,NA,NA,1,"ZERO_EVENTS",1,5
3014749,"Leukocytes [#/volume] in Urine by Test strip","Measurement",0,0,3113,1,NA,NA,1,"ZERO_EVENTS",1,5
3015164,"Cefepime [Susceptibility] by Minimum lethal concentration (MLC)","Measurement",0,0,3113,1,NA,NA,1,"ZERO_EVENTS",1,5
3015242,"Ferritin [Mass/volume] in Serum or Plasma by Immunoassay","Measurement",0,0,3113,1,NA,NA,1,"ZERO_EVENTS",1,5
3015774,"Calcium.ionized [Moles/volume] in Serum or Plasma by calculation","Measurement",0,0,3113,1,NA,NA,1,"ZERO_EVENTS",1,5
3016228,"CD19 cells/100 cells in Blood","Measurement",0,0,3113,1,NA,NA,1,"ZERO_EVENTS",1,5
3016523,"Insulin [Moles/volume] in Serum or Plasma","Measurement",0,0,3113,1,NA,NA,1,"ZERO_EVENTS",1,5
3016724,"Homocysteine [Moles/volume] in Serum or Plasma","Measurement",0,0,3113,1,NA,NA,1,"ZERO_EVENTS",1,5
3016771,"Amylase [Enzymatic activity/volume] in Serum or Plasma","Measurement",0,0,3113,NA,NA,NA,NA,"SUPPRESSED_MINCELL",NA,5
3016906,"Vancomycin [Mass/volume] in Body fluid","Measurement",0,0,3113,1,NA,NA,1,"ZERO_EVENTS",1,5
3017024,"Kappa light chains [Presence] in Serum by Immunoassay","Measurement",0,0,3113,1,NA,NA,1,"ZERO_EVENTS",1,5
3017315,"Amylase [Enzymatic activity/volume] in Urine","Measurement",0,0,3113,1,NA,NA,1,"ZERO_EVENTS",1,5
3017572,"Hemoglobin A2 [Presence] in Blood","Measurement",0,0,3113,1,NA,NA,1,"ZERO_EVENTS",1,5
3017855,"Kappa light chains/Lambda light chains [Mass Ratio] in Serum by Immunoassay","Measurement",0,0,3113,1,NA,NA,1,"ZERO_EVENTS",1,5
3018163,"Specimen specific gravity acceptable [Presence] in Urine","Measurement",0,0,3113,1,NA,NA,1,"ZERO_EVENTS",1,5
3018171,"Choriogonadotropin [Units/volume] in Serum or Plasma","Measurement",0,0,3113,1,NA,NA,1,"ZERO_EVENTS",1,5
3018387,"Mycoplasma pneumoniae IgG Ab [Units/volume] in Serum","Measurement",0,0,3113,1,NA,NA,1,"ZERO_EVENTS",1,5
3018731,"Cancer Ag 72-4 [Units/volume] in Serum or Plasma","Measurement",0,0,3113,1,NA,NA,1,"ZERO_EVENTS",1,5
3019231,"Epstein Barr virus capsid IgG Ab [Presence] in Serum by Immunoassay","Measurement",0,0,3113,1,NA,NA,1,"ZERO_EVENTS",1,5
3019446,"Platelet mean diameter [Entitic length] in Blood","Measurement",0,0,3113,1,NA,NA,1,"ZERO_EVENTS",1,5
3019897,"Erythrocyte distribution width [Ratio] by Automated count","Measurement",0,0,3113,1,NA,NA,1,"ZERO_EVENTS",1,5
3019930,"Urea nitrogen [Mass/volume] in Body fluid","Measurement",0,0,3113,NA,NA,NA,NA,"SUPPRESSED_MINCELL",NA,5
3019977,"pH of Arterial blood","Measurement",0,0,3113,1,NA,NA,1,"ZERO_EVENTS",1,5
3020410,"Lactate [Moles/volume] in Arterial plasma","Measurement",0,0,3113,1,NA,NA,1,"ZERO_EVENTS",1,5
3021082,"Mycoplasma pneumoniae IgM Ab [Presence] in Serum","Measurement",0,0,3113,1,NA,NA,1,"ZERO_EVENTS",1,5
3021200,"Thyroglobulin Ab [Units/volume] in Serum by Radioimmunoassay (RIA)","Measurement",0,0,3113,1,NA,NA,1,"ZERO_EVENTS",1,5
3021329,"Hemoglobin F [Presence] in Specimen","Measurement",0,0,3113,1,NA,NA,1,"ZERO_EVENTS",1,5
3021614,"Rheumatoid factor [Units/volume] in Serum or Plasma","Measurement",0,0,3113,1,NA,NA,1,"ZERO_EVENTS",1,5
3021797,"Glucose-6-Phosphate dehydrogenase [Enzymatic activity/volume] in Serum","Measurement",0,0,3113,1,NA,NA,1,"ZERO_EVENTS",1,5
3022466,"Insulin [Mass/volume] in Serum or Plasma","Measurement",0,0,3113,1,NA,NA,1,"ZERO_EVENTS",1,5
3022533,"CD3 cells/100 cells in Blood","Measurement",0,0,3113,1,NA,NA,1,"ZERO_EVENTS",1,5
3022547,"Leukocytes [Presence] in Urine sediment by Light microscopy","Measurement",0,0,3113,1,NA,NA,1,"ZERO_EVENTS",1,5
3022948,"Iron [Moles/volume] in Serum or Plasma","Measurement",0,0,3113,1,NA,NA,1,"ZERO_EVENTS",1,5
3022976,"Prolactin [Units/volume] in Serum or Plasma by 3rd IS","Measurement",0,0,3113,1,NA,NA,1,"ZERO_EVENTS",1,5
3023314,"Hematocrit [Volume Fraction] of Blood by Automated count","Measurement",0,0,3113,1,NA,NA,1,"ZERO_EVENTS",1,5
3023323,"Follitropin [Units/volume] in Serum or Plasma","Measurement",0,0,3113,1,NA,NA,1,"ZERO_EVENTS",1,5
3023520,"Reticulocytes [#/volume] in Blood","Measurement",0,0,3113,1,NA,NA,1,"ZERO_EVENTS",1,5
3023608,"Herpes simplex virus 2 IgM Ab [Titer] in Serum","Measurement",0,0,3113,1,NA,NA,1,"ZERO_EVENTS",1,5
3024731,"MCV [Entitic volume]","Measurement",0,0,3113,1,NA,NA,1,"ZERO_EVENTS",1,5
3025271,"CD3-CD16+CD56+ (Natural killer) cells [#/volume] in Blood","Measurement",0,0,3113,1,NA,NA,1,"ZERO_EVENTS",1,5
3025285,"Estradiol (E2) [Mass/volume] in Serum or Plasma","Measurement",0,0,3113,1,NA,NA,1,"ZERO_EVENTS",1,5
3025678,"Hemoglobin H [Presence] in Blood by Heat denaturation","Measurement",0,0,3113,1,NA,NA,1,"ZERO_EVENTS",1,5
3025887,"Neutrophils.hypersegmented/100 leukocytes in Blood by Manual count","Measurement",0,0,3113,1,NA,NA,1,"ZERO_EVENTS",1,5
3026692,"Albumin [Mass/volume] in Peritoneal fluid","Measurement",0,0,3113,NA,NA,NA,NA,"SUPPRESSED_MINCELL",NA,5
3027144,"Progesterone [Mass/volume] in Serum or Plasma","Measurement",0,0,3113,1,NA,NA,1,"ZERO_EVENTS",1,5
3027206,"Corticotropin [Mass/volume] in Plasma by Radioimmunoassay (RIA)","Measurement",0,0,3113,1,NA,NA,1,"ZERO_EVENTS",1,5
3027215,"Base excess standard in Venous blood by calculation","Measurement",0,0,3113,1,NA,NA,1,"ZERO_EVENTS",1,5
3027801,"Oxygen [Partial pressure] in Arterial blood","Measurement",0,0,3113,1,NA,NA,1,"ZERO_EVENTS",1,5
3027828,"Triiodothyronine (T3).reverse [Moles/volume] in Serum or Plasma","Measurement",0,0,3113,1,NA,NA,1,"ZERO_EVENTS",1,5
3028167,"CD3+CD4+ (T4 helper) cells [#/volume] in Blood","Measurement",0,0,3113,1,NA,NA,1,"ZERO_EVENTS",1,5
3028531,"Enolase.neuron specific [Mass/volume] in Serum or Plasma","Measurement",0,0,3113,1,NA,NA,1,"ZERO_EVENTS",1,5
3029187,"Natriuretic peptide.B prohormone N-Terminal [Mass/volume] in Serum or Plasma","Measurement",0,0,3113,1,NA,NA,1,"ZERO_EVENTS",1,5
3029213,"Adenosine deaminase [Enzymatic activity/volume] in Pericardial fluid","Measurement",0,0,3113,1,NA,NA,1,"ZERO_EVENTS",1,5
3030306,"Epithelial cells.non-squamous [#/volume] in Urine by Automated count","Measurement",0,0,3113,1,NA,NA,1,"ZERO_EVENTS",1,5
3030511,"Albumin [Mass/volume] in 24 hour Urine by Electrophoresis","Measurement",0,0,3113,1,NA,NA,1,"ZERO_EVENTS",1,5
3030929,"Transferrin.carbohydrate deficient.XXX/Transferrin.total in Serum or Plasma","Measurement",0,0,3113,1,NA,NA,1,"ZERO_EVENTS",1,5
3031780,"Promyelocytes [#/volume] in Body fluid","Measurement",0,0,3113,1,NA,NA,1,"ZERO_EVENTS",1,5
3031987,"Alpha-1-Fetoprotein L3/Alpha-1-fetoprotein.total in Serum or Plasma","Measurement",0,0,3113,NA,NA,NA,NA,"SUPPRESSED_MINCELL",NA,5
3032360,"Lymphocytes+Monocytes [#/volume] in Blood","Measurement",0,0,3113,1,NA,NA,1,"ZERO_EVENTS",1,5
3032488,"Lactate dehydrogenase in pleural fluid/Lactate dehydrogenase in serum","Measurement",0,0,3113,1,NA,NA,1,"ZERO_EVENTS",1,5
3032893,"Mononuclear cells [#/volume] in Pleural fluid","Measurement",0,0,3113,1,NA,NA,1,"ZERO_EVENTS",1,5
3033252,"Adenosine deaminase [Enzymatic activity/volume] in Peritoneal fluid","Measurement",0,0,3113,1,NA,NA,1,"ZERO_EVENTS",1,5
3033888,"Pepsinogen I [Mass/volume] in Serum or Plasma","Measurement",0,0,3113,1,NA,NA,1,"ZERO_EVENTS",1,5
3034485,"Albumin/Creatinine [Mass Ratio] in Urine","Measurement",0,0,3113,1,NA,NA,1,"ZERO_EVENTS",1,5
3034780,"Angiotensin converting enzyme [Enzymatic activity/volume] in Serum or Plasma","Measurement",0,0,3113,1,NA,NA,1,"ZERO_EVENTS",1,5
3035529,"Creatinine renal clearance predicted by Cockcroft-Gault formula","Measurement",0,0,3113,1,NA,NA,1,"ZERO_EVENTS",1,5
3036078,"Lutropin [Moles/volume] in Serum or Plasma","Measurement",0,0,3113,1,NA,NA,1,"ZERO_EVENTS",1,5
3036428,"Adenosine deaminase [Enzymatic activity/volume] in Pleural fluid","Measurement",0,0,3113,1,NA,NA,1,"ZERO_EVENTS",1,5
3036677,"Immunoglobulin light chains [Mass/volume] in Urine","Measurement",0,0,3113,1,NA,NA,1,"ZERO_EVENTS",1,5
3037121,"Protein [Mass/volume] in Urine","Measurement",0,0,3113,1,NA,NA,1,"ZERO_EVENTS",1,5
3037202,"Fibrin+Fibrinogen fragments [Mass/volume] in Serum","Measurement",0,0,3113,NA,NA,NA,NA,"SUPPRESSED_MINCELL",NA,5
3037524,"Glucose-6-Phosphate dehydrogenase [Enzymatic activity/volume] in Red Blood Cells","Measurement",0,0,3113,1,NA,NA,1,"ZERO_EVENTS",1,5
3038086,"cefTAZidime [Susceptibility] by Disk diffusion (KB)","Measurement",0,0,3113,1,NA,NA,1,"ZERO_EVENTS",1,5
3038315,"Erythrocytes.dysmorphic/100 erythrocytes in Urine sediment by Light microscopy","Measurement",0,0,3113,1,NA,NA,1,"ZERO_EVENTS",1,5
3038371,"Herpes simplex virus IgG Ab [Presence] in Serum by Immunoassay","Measurement",0,0,3113,1,NA,NA,1,"ZERO_EVENTS",1,5
3039426,"Oxygen saturation Calculated from oxygen partial pressure in Arterial blood","Measurement",0,0,3113,1,NA,NA,1,"ZERO_EVENTS",1,5
3039720,"Glucose mean value [Moles/volume] in Blood Estimated from glycated hemoglobin","Measurement",0,0,3113,1,NA,NA,1,"ZERO_EVENTS",1,5
3041522,"Reticulocytes.high light scatter/Reticulocytes.total in Blood","Measurement",0,0,3113,1,NA,NA,1,"ZERO_EVENTS",1,5
3042968,"Herpes simplex virus 1 and 2 IgM Ab [Interpretation] in Serum","Measurement",0,0,3113,1,NA,NA,1,"ZERO_EVENTS",1,5
3043387,"Monocytes/100 leukocytes in Pleural fluid","Measurement",0,0,3113,1,NA,NA,1,"ZERO_EVENTS",1,5
3044169,"IgA Ab [Presence] in Serum or Plasma","Measurement",0,0,3113,1,NA,NA,1,"ZERO_EVENTS",1,5
3045716,"Anion gap in Serum or Plasma","Measurement",0,0,3113,1,NA,NA,1,"ZERO_EVENTS",1,5
3046279,"Procalcitonin [Mass/volume] in Serum or Plasma","Measurement",0,0,3113,NA,NA,NA,NA,"SUPPRESSED_MINCELL",NA,5
3046743,"Choriogonadotropin [Presence] in Control Serum","Measurement",0,0,3113,1,NA,NA,1,"ZERO_EVENTS",1,5
3048516,"Microalbumin/Protein.total in 24 hour Urine","Measurement",0,0,3113,1,NA,NA,1,"ZERO_EVENTS",1,5
3051714,"Fibrin D-dimer FEU [Mass/volume] in Platelet poor plasma","Measurement",0,0,3113,NA,NA,NA,NA,"SUPPRESSED_MINCELL",NA,5
3052007,"Protein Fractions [Interpretation] in Body fluid","Measurement",0,0,3113,1,NA,NA,1,"ZERO_EVENTS",1,5
4263457,"Aspartate aminotransferase measurement","Measurement",0,0,3113,1,NA,NA,1,"ZERO_EVENTS",1,5
21491346,"Pathologic casts [#/volume] in Urine by Automated count","Measurement",0,0,3113,1,NA,NA,1,"ZERO_EVENTS",1,5
21491865,"Prolactin.dimeric/Prolactin in Serum or Plasma","Measurement",0,0,3113,1,NA,NA,1,"ZERO_EVENTS",1,5
36031203,"Mononuclear cells [#] in Blood product unit","Measurement",0,0,3113,1,NA,NA,1,"ZERO_EVENTS",1,5
36032009,"pH of Prostatic fluid","Measurement",0,0,3113,1,NA,NA,1,"ZERO_EVENTS",1,5
36203209,"Erythrocytes.EMA mean fluorescence intensity actual/normal in Blood by Flow cytometry (FC)","Measurement",0,0,3113,1,NA,NA,1,"ZERO_EVENTS",1,5
36305091,"Oxyhemoglobin [Mass/volume] in Plasma","Measurement",0,0,3113,1,NA,NA,1,"ZERO_EVENTS",1,5
40758521,"Insulin [Moles/volume] in Serum or Plasma --1 minute post XXX challenge","Measurement",0,0,3113,1,NA,NA,1,"ZERO_EVENTS",1,5
40759718,"Epstein Barr virus early IgM Ab [Units/volume] in Serum by Immunoassay","Measurement",0,0,3113,NA,NA,NA,NA,"SUPPRESSED_MINCELL",NA,5
40760007,"HIV 1+2 Ab+HIV1 p24 Ag [Presence] in Serum or Plasma by Immunoassay","Measurement",0,0,3113,1,NA,NA,1,"ZERO_EVENTS",1,5
40760528,"Thyrotropin receptor Ab [Units/volume] in Serum by Immunoassay","Measurement",0,0,3113,1,NA,NA,1,"ZERO_EVENTS",1,5
40760909,"Oxygen content in Blood by calculation","Measurement",0,0,3113,1,NA,NA,1,"ZERO_EVENTS",1,5
40763081,"Lactate dehydrogenase [Enzymatic activity/volume] in Pleural fluid by Pyruvate to lactate reaction","Measurement",0,0,3113,1,NA,NA,1,"ZERO_EVENTS",1,5
40765011,"Immature reticulocytes/Reticulocytes.total in Blood from Fetus by Automated count","Measurement",0,0,3113,1,NA,NA,1,"ZERO_EVENTS",1,5
40768035,"Tr sup(a) Ab [Presence] in Serum or Plasma","Measurement",0,0,3113,1,NA,NA,1,"ZERO_EVENTS",1,5
40768039,"Oxygen [Partial pressure] saturation adjusted to 0.5 in Blood","Measurement",0,0,3113,1,NA,NA,1,"ZERO_EVENTS",1,5
40769783,"Troponin T.cardiac [Mass/volume] in Serum or Plasma by High sensitivity method","Measurement",0,0,3113,1,NA,NA,1,"ZERO_EVENTS",1,5
40770975,"Lactate dehydrogenase [Enzymatic activity/volume] in Peritoneal fluid by Lactate to pyruvate reaction","Measurement",0,0,3113,1,NA,NA,1,"ZERO_EVENTS",1,5
