concept_id,concept_name,domain,occurrence_count,patient_count,avg_days_to_onset
37116804,Improved dentition,Condition,59,25,2.0
4225273,Chronic gastritis,Condition,17,15,3.3
4064161,Cirrhosis of liver,Condition,14,13,11.4
194574,Chronic type B viral hepatitis,Condition,13,13,6.6
4001171,Liver cell carcinoma,Condition,15,12,11.3
4296301,Hepatic congestion,Condition,13,10,17.0
4228222,Hypoproteinemia,Condition,11,10,13.5
45772057,Cirrhosis of liver due to hepatitis B,Condition,10,9,14.0
201519,Primary malignant neoplasm of liver,Condition,9,9,6.3
201340,Gastritis,Condition,14,8,11.3
4094864,Primary carcinoma of liver,Condition,10,8,11.5
37396401,Decompensated cirrhosis of liver,Condition,8,8,9.1
192680,Portal hypertension,Condition,8,8,10.4
4177611,Finding of wound healing,Condition,11,7,2.7
4247651,Bile-induced gastritis,Condition,8,7,7.8
3013721,Aspartate aminotransferase [Enzymatic activity/volume] in Serum or Plasma,Measurement,1946,338,10.6
3024128,Bilirubin.total [Mass/volume] in Serum or Plasma,Measurement,1894,336,10.6
3028638,Bilirubin.direct [Moles/volume] in Serum or Plasma,Measurement,1894,336,10.6
3007242,Bilirubin.indirect [Moles/volume] in Serum or Plasma,Measurement,1894,336,10.6
3043688,Hemoglobin [Mass/volume] in Body fluid,Measurement,2066,325,11.1
3020416,Erythrocytes [#/volume] in Blood by Automated count,Measurement,2019,324,11.0
3037511,Lymphocytes/100 leukocytes in Blood by Automated count,Measurement,2017,324,11.0
3010457,Eosinophils/100 leukocytes in Blood by Automated count,Measurement,2017,324,11.0
3017732,Neutrophils [#/volume] in Blood,Measurement,2017,324,11.0
3039417,Platelet distribution width [Ratio] in Blood,Measurement,2017,324,11.0
3002888,Erythrocyte distribution width [Entitic volume],Measurement,2017,324,11.0
3964927,Monocytes/100 leukocytes in Blood by Flow cytometry (FC),Measurement,2017,324,11.0
3016682,Platelets [#/volume] in Plasma by Automated count,Measurement,2017,324,11.0
3001604,Monocytes [#/volume] in Blood,Measurement,2017,324,11.0
3024386,Platelet mean volume [Entitic volume] in Blood by Rees-Ecker,Measurement,2017,324,11.0
3039312,Plateletcrit [Volume Fraction] in Blood,Measurement,2017,324,11.0
3026710,Lymphocytes [#/volume] in Blood by Flow cytometry (FC),Measurement,2017,324,11.0
3009932,Eosinophils [#/volume] in Blood by Manual count,Measurement,2017,324,11.0
3027651,Basophils [#/volume] in Blood by Manual count,Measurement,2017,324,11.0
3009744,MCHC [Mass/volume] by Automated count,Measurement,2017,324,11.0
3022096,Basophils/100 leukocytes in Blood,Measurement,2017,324,11.0
3010568,Globulin [Mass/volume] in Plasma,Measurement,1806,319,10.8
3020509,Albumin/Globulin [Mass Ratio] in Serum or Plasma,Measurement,1806,319,10.8
3035995,Alkaline phosphatase [Enzymatic activity/volume] in Serum or Plasma,Measurement,1806,319,10.8
40766836,Hemoglobins that can be presumptively identified based on available controls in DBS,Measurement,1844,310,10.9
3028110,Bile acid [Moles/volume] in Serum or Plasma,Measurement,1621,303,10.6
3010866,Cholinesterase [Enzymatic activity/volume] in Serum or Plasma,Measurement,1602,303,10.6
3003805,Alpha fucosidase [Enzymatic activity/volume] in Serum or Plasma,Measurement,1602,303,10.6
3052649,Adenosine deaminase [Enzymatic activity/volume] in Serum or Plasma,Measurement,1602,303,10.6
3002590,Prealbumin [Mass/volume] in Serum or Plasma by Electrophoresis,Measurement,1602,303,10.6
46235784,Sodium [Moles/volume] in Serum  Plasma or Blood,Measurement,1856,300,11.0
3014576,Chloride [Moles/volume] in Serum or Plasma,Measurement,1856,300,11.0
46235078,Potassium [Moles/volume] in Serum  Plasma or Blood,Measurement,1856,300,11.0
3018010,Neutrophils/100 leukocytes in Blood,Measurement,1659,285,10.8
3016723,Creatinine [Mass/volume] in Serum or Plasma,Measurement,1403,280,11.5
