concept_id,concept_name,domain,occurrence_count,patient_count,avg_days_to_onset
37116804,Improved dentition,Condition,338,168,1.3
4225273,Chronic gastritis,Condition,116,115,1.1
4303233,Gastric polyp,Condition,46,42,0.3
194574,Chronic type B viral hepatitis,Condition,44,41,4.2
195562,Hemorrhoids,Condition,42,41,1.6
4059290,Steatosis of liver,Condition,30,30,0.0
201340,Gastritis,Condition,41,25,8.4
45757242,Erosive gastritis,Condition,25,25,0.0
36717498,Infection caused by Helicobacter pylori,Condition,33,24,4.8
4064161,Cirrhosis of liver,Condition,30,23,7.5
320128,Essential hypertension,Condition,26,22,3.0
36716270,Cyst of kidney,Condition,22,21,2.4
4247651,Bile-induced gastritis,Condition,21,20,2.5
4225905,Liver cyst,Condition,20,20,0.0
196456,Gallstone,Condition,20,20,1.2
3013721,Aspartate aminotransferase [Enzymatic activity/volume] in Serum or Plasma,Measurement,3182,703,8.0
3024128,Bilirubin.total [Mass/volume] in Serum or Plasma,Measurement,3110,698,8.0
3028638,Bilirubin.direct [Moles/volume] in Serum or Plasma,Measurement,3110,698,8.0
3007242,Bilirubin.indirect [Moles/volume] in Serum or Plasma,Measurement,3110,698,8.0
3043688,Hemoglobin [Mass/volume] in Body fluid,Measurement,3324,684,8.2
3027651,Basophils [#/volume] in Blood by Manual count,Measurement,3232,684,8.1
3037511,Lymphocytes/100 leukocytes in Blood by Automated count,Measurement,3232,684,8.1
3009932,Eosinophils [#/volume] in Blood by Manual count,Measurement,3232,684,8.1
3002888,Erythrocyte distribution width [Entitic volume],Measurement,3232,684,8.1
3039417,Platelet distribution width [Ratio] in Blood,Measurement,3232,684,8.1
3039312,Plateletcrit [Volume Fraction] in Blood,Measurement,3232,684,8.1
3020416,Erythrocytes [#/volume] in Blood by Automated count,Measurement,3232,684,8.1
3001604,Monocytes [#/volume] in Blood,Measurement,3232,684,8.1
3010457,Eosinophils/100 leukocytes in Blood by Automated count,Measurement,3232,684,8.1
3022096,Basophils/100 leukocytes in Blood,Measurement,3232,684,8.1
3017732,Neutrophils [#/volume] in Blood,Measurement,3232,684,8.1
3009744,MCHC [Mass/volume] by Automated count,Measurement,3232,684,8.1
3024386,Platelet mean volume [Entitic volume] in Blood by Rees-Ecker,Measurement,3232,684,8.1
3016682,Platelets [#/volume] in Plasma by Automated count,Measurement,3232,684,8.1
3964927,Monocytes/100 leukocytes in Blood by Flow cytometry (FC),Measurement,3232,684,8.1
3026710,Lymphocytes [#/volume] in Blood by Flow cytometry (FC),Measurement,3232,684,8.1
40766836,Hemoglobins that can be presumptively identified based on available controls in DBS,Measurement,3152,676,8.0
3010568,Globulin [Mass/volume] in Plasma,Measurement,2956,673,8.0
3035995,Alkaline phosphatase [Enzymatic activity/volume] in Serum or Plasma,Measurement,2956,673,8.0
3020509,Albumin/Globulin [Mass Ratio] in Serum or Plasma,Measurement,2956,673,8.0
3028110,Bile acid [Moles/volume] in Serum or Plasma,Measurement,2857,663,8.0
3010866,Cholinesterase [Enzymatic activity/volume] in Serum or Plasma,Measurement,2854,663,8.0
3052649,Adenosine deaminase [Enzymatic activity/volume] in Serum or Plasma,Measurement,2854,663,8.0
3002590,Prealbumin [Mass/volume] in Serum or Plasma by Electrophoresis,Measurement,2854,663,8.0
3003805,Alpha fucosidase [Enzymatic activity/volume] in Serum or Plasma,Measurement,2854,663,8.0
46235078,Potassium [Moles/volume] in Serum  Plasma or Blood,Measurement,2962,646,7.8
46235784,Sodium [Moles/volume] in Serum  Plasma or Blood,Measurement,2962,646,7.8
3014576,Chloride [Moles/volume] in Serum or Plasma,Measurement,2962,646,7.8
3018010,Neutrophils/100 leukocytes in Blood,Measurement,2905,642,7.9
3006923,Alanine aminotransferase [Enzymatic activity/volume] in Serum or Plasma,Measurement,2641,618,7.8
