"outcome_concept_id","or","ci95l","ci95u","p","p_adj"
3028286,NA,NA,NA,NA,NA
4173584,NA,NA,NA,NA,NA
4281232,NA,NA,NA,NA,NA
194574,NA,NA,NA,NA,NA
37172783,NA,NA,NA,NA,NA
3028638,NA,NA,NA,NA,NA
3028465,NA,NA,NA,NA,NA
4064161,NA,NA,NA,NA,NA
4296301,NA,NA,NA,NA,NA
4318541,NA,NA,NA,NA,NA
45772057,NA,NA,NA,NA,NA
37116804,NA,NA,NA,NA,NA
4225273,NA,NA,NA,NA,NA
24966,NA,NA,NA,NA,NA
3039417,NA,NA,NA,NA,NA
4225905,NA,NA,NA,NA,NA
196456,NA,NA,NA,NA,NA
3006923,NA,NA,NA,NA,NA
3024386,NA,NA,NA,NA,NA
3025839,NA,NA,NA,NA,NA
3009596,NA,NA,NA,NA,NA
3013721,NA,NA,NA,NA,NA
3020416,NA,NA,NA,NA,NA
3010866,NA,NA,NA,NA,NA
3002590,NA,NA,NA,NA,NA
46235078,NA,NA,NA,NA,NA
3964927,NA,NA,NA,NA,NA
3001127,NA,NA,NA,NA,NA
3037511,NA,NA,NA,NA,NA
3028437,NA,NA,NA,NA,NA
