concept_id,concept_name,domain,occurrence_count,patient_count,avg_days_to_onset
194574,Chronic type B viral hepatitis,Condition,119,90,133.4
4296301,Hepatic congestion,Condition,253,88,165.0
37116804,Improved dentition,Condition,198,85,160.9
4173584,Chronic active type B viral hepatitis,Condition,305,84,155.5
4064161,Cirrhosis of liver,Condition,115,60,158.8
4318541,Cholestatic hepatitis,Condition,165,52,140.4
4281232,Type B viral hepatitis,Condition,127,44,161.4
45772057,Cirrhosis of liver due to hepatitis B,Condition,95,41,190.6
196951,Chronic congestive splenomegaly,Condition,54,36,158.9
443392,Malignant neoplastic disease,Condition,69,34,159.6
45771255,Compensated liver disease,Condition,45,28,118.8
4225905,Liver cyst,Condition,44,27,163.3
4225273,Chronic gastritis,Condition,34,27,171.3
24966,Esophageal varices,Condition,40,22,205.5
196456,Gallstone,Condition,38,21,172.5
3013721,Aspartate aminotransferase [Enzymatic activity/volume] in Serum or Plasma,Measurement,7104,1296,154.9
3032567,Hepatitis B virus DNA [Units/volume] (viral load) in Serum or Plasma by NAA with probe detection,Measurement,5178,1295,152.4
3007242,Bilirubin.indirect [Moles/volume] in Serum or Plasma,Measurement,6982,1292,154.7
3024128,Bilirubin.total [Mass/volume] in Serum or Plasma,Measurement,6982,1292,154.7
3028638,Bilirubin.direct [Moles/volume] in Serum or Plasma,Measurement,6982,1292,154.7
3035995,Alkaline phosphatase [Enzymatic activity/volume] in Serum or Plasma,Measurement,6505,1210,153.7
3020509,Albumin/Globulin [Mass Ratio] in Serum or Plasma,Measurement,6505,1210,153.7
3010568,Globulin [Mass/volume] in Plasma,Measurement,6505,1210,153.7
3028110,Bile acid [Moles/volume] in Serum or Plasma,Measurement,6097,1163,151.2
3002590,Prealbumin [Mass/volume] in Serum or Plasma by Electrophoresis,Measurement,6084,1163,151.2
3003805,Alpha fucosidase [Enzymatic activity/volume] in Serum or Plasma,Measurement,6084,1163,151.2
3010866,Cholinesterase [Enzymatic activity/volume] in Serum or Plasma,Measurement,6084,1163,151.2
3052649,Adenosine deaminase [Enzymatic activity/volume] in Serum or Plasma,Measurement,6084,1163,151.2
37172783,Alpha-fetoprotein mass concentration in plasma,Measurement,4253,1155,153.6
3001127,Alpha 1 antitrypsin [Mass/volume] in Serum or Plasma by Nephelometry,Measurement,5721,1144,154.7
3016723,Creatinine [Mass/volume] in Serum or Plasma,Measurement,4819,967,156.7
46235079,Carbon dioxide  total [Moles/volume] in Serum  Plasma or Blood,Measurement,4573,934,154.5
3030366,Cystatin C [Mass/volume] in Serum or Plasma,Measurement,4537,931,154.6
43534077,Urea [Moles/volume] in Blood,Measurement,4130,905,150.1
3006923,Alanine aminotransferase [Enzymatic activity/volume] in Serum or Plasma,Measurement,4531,890,136.4
3024561,Albumin [Mass/volume] in Serum or Plasma,Measurement,4231,830,134.6
3020630,Protein [Mass/volume] in Serum or Plasma,Measurement,4225,829,134.6
3025839,Triglyceride [Moles/volume] in Serum or Plasma,Measurement,2902,802,156.7
3028437,Cholesterol in LDL [Mass/volume] in Serum or Plasma,Measurement,2902,802,156.7
3009596,Cholesterol in VLDL [Mass/volume] in Serum or Plasma by calculation,Measurement,2900,802,156.8
3026910,Gamma glutamyl transferase [Enzymatic activity/volume] in Serum or Plasma,Measurement,3807,799,138.1
3007070,Cholesterol in HDL [Mass/volume] in Serum or Plasma,Measurement,2742,777,159.4
46236948,Glucose [Moles/volume] in Serum  Plasma or Blood,Measurement,2564,740,156.4
3028465,Gamma glutamyl transferase [Enzymatic activity/volume] in Body fluid,Measurement,2698,642,175.7
3020416,Erythrocytes [#/volume] in Blood by Automated count,Measurement,4309,641,163.9
3043688,Hemoglobin [Mass/volume] in Body fluid,Measurement,4304,640,163.7
3001604,Monocytes [#/volume] in Blood,Measurement,4288,640,163.9
3009744,MCHC [Mass/volume] by Automated count,Measurement,4288,640,163.9
3964927,Monocytes/100 leukocytes in Blood by Flow cytometry (FC),Measurement,4288,640,163.9
3039417,Platelet distribution width [Ratio] in Blood,Measurement,4288,640,163.9
