"outcome_concept_id","outcome_name","outcome_domain","post_events","pre_events","n_exposures","irr","ci95l","ci95u","p","reason_code","p_adj","min_cell_count"
4281232,"Type B viral hepatitis","Condition",1346,1187,1689,1.13085291016983,1.04517668730443,1.2236723548366,0.00206671399902495,"OK",0.0997644136874521,5
194574,"Chronic type B viral hepatitis","Condition",1219,1067,1689,1.13933401959429,1.04859595850263,1.23806688397371,0.00195878722926269,"OK",0.0997644136874521,5
4173584,"Chronic active type B viral hepatitis","Condition",1099,941,1689,1.16471548114725,1.06663901860566,1.27200249653329,0.00059748603242649,"OK",0.0599477652534578,5
4064161,"Cirrhosis of liver","Condition",584,521,1689,1.11785867866545,0.991614853627863,1.26043735609943,0.0664811673939214,"OK",1,5
4296301,"Hepatic congestion","Condition",239,207,1689,1.15143475621024,0.951900284037827,1.39373250798176,0.142213801359965,"OK",1,5
4318541,"Cholestatic hepatitis","Condition",225,192,1689,1.1686731557377,0.959669725491044,1.4243296814608,0.117140051162489,"OK",1,5
45772057,"Cirrhosis of liver due to hepatitis B","Condition",196,165,1689,1.1846332174201,0.958125223575913,1.4661654156914,0.114345548679093,"OK",1,5
37116804,"Improved dentition","Condition",190,169,1689,1.12118860542568,0.906509682679108,1.38766097426437,0.291319171697385,"OK",1,5
443392,"Malignant neoplastic disease","Condition",141,141,1689,0.997267759562841,0.784005683239487,1.26854052913758,1,"OK",1,5
196951,"Chronic congestive splenomegaly","Condition",82,84,1689,0.97352328909706,0.709276182088903,1.33579147184463,0.87691853675949,"OK",1,5
45771255,"Compensated liver disease","Condition",77,85,1689,0.903407264545162,0.654951300717801,1.24443839765185,0.530544653321112,"OK",1,5
4225273,"Chronic gastritis","Condition",77,64,1689,1.19983777322404,0.850061204903887,1.69851814701536,0.312276844102254,"OK",1,5
24966,"Esophageal varices","Condition",56,50,1689,1.11693989071038,0.749091353545403,1.66949101990097,0.627465212174593,"OK",1,5
3039417,"Platelet distribution width [Ratio] in Blood","Measurement",55,48,1689,1.14270264116576,0.761711296305591,1.71945228886022,0.554639326615683,"OK",1,5
4225905,"Liver cyst","Condition",54,40,1689,1.34631147540984,0.878034013835733,2.07980523638551,0.179703305055497,"OK",1,5
196456,"Gallstone","Condition",47,36,1689,1.30198846387371,0.825625221006629,2.06880707223854,0.272306242267568,"OK",1,5
3006923,"Alanine aminotransferase [Enzymatic activity/volume] in Serum or Plasma","Measurement",47,34,1689,1.37857602057216,0.868042093529277,2.21028682552848,0.182109889719884,"OK",1,5
3024386,"Platelet mean volume [Entitic volume] in Blood by Rees-Ecker","Measurement",46,35,1689,1.31069476971116,0.826191789369039,2.09597784259772,0.266448608656435,"OK",1,5
3025839,"Triglyceride [Moles/volume] in Serum or Plasma","Measurement",45,41,1689,1.09456217512995,0.700847907315672,1.71375455161048,0.746554150320588,"OK",1,5
3009596,"Cholesterol in VLDL [Mass/volume] in Serum or Plasma by calculation","Measurement",41,34,1689,1.20258759241401,0.744620488095948,1.95371505569645,0.488713580415557,"OK",1,5
3002888,"Erythrocyte distribution width [Entitic volume]","Measurement",40,40,1689,0.997267759562842,0.627073508333754,1.58600701679484,1,"OK",1,5
3043688,"Hemoglobin [Mass/volume] in Body fluid","Measurement",40,47,1689,0.848738518776886,0.542518612908509,1.32208633881339,0.455159550418492,"OK",1,5
3013721,"Aspartate aminotransferase [Enzymatic activity/volume] in Serum or Plasma","Measurement",39,28,1689,1.38905152224824,0.833160510566174,2.34378131137816,0.221577732231582,"OK",1,5
3020416,"Erythrocytes [#/volume] in Blood by Automated count","Measurement",39,32,1689,1.21542008196721,0.742007131406661,2.00411729995006,0.476717179830003,"OK",1,5
37172783,"Alpha-fetoprotein mass concentration in plasma","Measurement",38,20,1689,1.8948087431694,1.07520381959956,3.43698575909267,0.0247537838965218,"OK",0.745088895285306,5
3009744,"MCHC [Mass/volume] by Automated count","Measurement",36,39,1689,0.920554854981084,0.56863420983234,1.48654002922049,0.730671705167405,"OK",1,5
3028638,"Bilirubin.direct [Moles/volume] in Serum or Plasma","Measurement",36,19,1689,1.88955996548749,1.05550512779815,3.48735644456006,0.0300373399230465,"OK",0.753436609736417,5
3020630,"Protein [Mass/volume] in Serum or Plasma","Measurement",35,42,1689,0.831056466302368,0.515115248159616,1.3333147880093,0.427606322809318,"OK",1,5
3010866,"Cholinesterase [Enzymatic activity/volume] in Serum or Plasma","Measurement",35,32,1689,1.09076161202186,0.655886194134617,1.81975441020545,0.807206597895903,"OK",1,5
3002590,"Prealbumin [Mass/volume] in Serum or Plasma by Electrophoresis","Measurement",35,26,1689,1.34247583018075,0.78532308332738,2.32234463485475,0.305705098126022,"OK",1,5
46235078,"Potassium [Moles/volume] in Serum, Plasma or Blood","Measurement",34,19,1689,1.7845844118493,0.989452890538711,3.311869687459,0.0534505825392358,"OK",1,5
3964927,"Monocytes/100 leukocytes in Blood by Flow cytometry (FC)","Measurement",34,23,1689,1.47422190544072,0.843434395390329,2.62109841787539,0.184873925487348,"OK",1,5
3001127,"Alpha 1 antitrypsin [Mass/volume] in Serum or Plasma by Nephelometry","Measurement",33,31,1689,1.06160761501851,0.630283599709235,1.7922768267981,0.900659195421051,"OK",1,5
3037511,"Lymphocytes/100 leukocytes in Blood by Automated count","Measurement",32,28,1689,1.13973458235753,0.664747952281337,1.96462804649301,0.698899589347375,"OK",1,5
3028286,"Albumin [Mass/volume] in Serum or Plasma by Electrophoresis","Measurement",31,5,1689,6.18306010928962,2.383588024803,20.3677224022795,1.29214430848775e-05,"OK",0.00388935436854812,5
3028437,"Cholesterol in LDL [Mass/volume] in Serum or Plasma","Measurement",31,22,1689,1.40524093392946,0.787838429483049,2.54721262454699,0.271702997871882,"OK",1,5
3052649,"Adenosine deaminase [Enzymatic activity/volume] in Serum or Plasma","Measurement",31,20,1689,1.5457650273224,0.853434818065378,2.86147597956608,0.160799577078067,"OK",1,5
3010568,"Globulin [Mass/volume] in Plasma","Measurement",31,23,1689,1.34414350201948,0.758740855738118,2.41397590417691,0.340915420561195,"OK",1,5
3017732,"Neutrophils [#/volume] in Blood","Measurement",30,23,1689,1.3007840342124,0.730577690751467,2.34487062510152,0.410126029996521,"OK",1,5
3001604,"Monocytes [#/volume] in Blood","Measurement",29,21,1689,1.37717928701535,0.758672169851956,2.54062010306847,0.322259037156766,"OK",1,5
3024561,"Albumin [Mass/volume] in Serum or Plasma","Measurement",29,30,1689,0.964025500910747,0.558320383906886,1.66223669009134,0.89728707560417,"OK",1,5
3018010,"Neutrophils/100 leukocytes in Blood","Measurement",28,27,1689,1.03420360250961,0.58747120461881,1.82356855268696,1,"OK",1,5
3022096,"Basophils/100 leukocytes in Blood","Measurement",28,17,1689,1.64255866280939,0.868214141899234,3.19860536590965,0.135172878439798,"OK",1,5
3028110,"Bile acid [Moles/volume] in Serum or Plasma","Measurement",28,27,1689,1.03420360250961,0.58747120461881,1.82356855268696,1,"OK",1,5
46236948,"Glucose [Moles/volume] in Serum, Plasma or Blood","Measurement",27,15,1689,1.79508196721311,0.921516307439832,3.63025862517384,0.0884420167361478,"OK",1,5
3020509,"Albumin/Globulin [Mass Ratio] in Serum or Plasma","Measurement",27,20,1689,1.34631147540984,0.72746667994043,2.53189660021888,0.381714426915657,"OK",1,5
3009542,"Hematocrit [Volume Fraction] of Blood","Measurement",27,25,1689,1.07704918032787,0.601721063624291,1.9348451669725,0.889889322984023,"OK",1,5
3026710,"Lymphocytes [#/volume] in Blood by Flow cytometry (FC)","Measurement",26,24,1689,1.08037340619308,0.596198500692414,1.96545557540584,0.887730080000098,"OK",1,5
3005029,"Protein [Mass/volume] in Body fluid","Measurement",0,0,1689,NA,NA,NA,NA,"SUPPRESSED_MINCELL",NA,5
40766836,"Hemoglobins that can be presumptively identified based on available controls in DBS","Measurement",24,20,1689,1.19672131147541,0.633512775897983,2.28422094277847,0.651601314943203,"OK",1,5
3039312,"Plateletcrit [Volume Fraction] in Blood","Measurement",23,16,1689,1.43357240437158,0.725125103572317,2.90337116214933,0.336801350159428,"OK",1,5
3010457,"Eosinophils/100 leukocytes in Blood by Automated count","Measurement",23,16,1689,1.43357240437158,0.725125103572317,2.90337116214933,0.336801350159428,"OK",1,5
3035995,"Alkaline phosphatase [Enzymatic activity/volume] in Serum or Plasma","Measurement",23,26,1689,0.882198402690206,0.480907728922293,1.6083964020453,0.67139968633166,"OK",1,5
3028465,"Gamma glutamyl transferase [Enzymatic activity/volume] in Body fluid","Measurement",22,9,1689,2.43776563448695,1.07881349829822,6.01446023826396,0.0294540115317072,"OK",0.753436609736417,5
3003805,"Alpha fucosidase [Enzymatic activity/volume] in Serum or Plasma","Measurement",22,25,1689,0.8775956284153,0.471711749495336,1.62175972679657,0.665046876412085,"OK",1,5
3007242,"Bilirubin.indirect [Moles/volume] in Serum or Plasma","Measurement",22,10,1689,2.19398907103825,0.99695832893312,5.18984311713001,0.0501092621753338,"OK",1,5
3000905,"Leukocytes [#/volume] in Blood by Automated count","Measurement",22,18,1689,1.21888281724347,0.624060115140837,2.41116514429992,0.635840738821834,"OK",1,5
3023599,"MCV [Entitic volume] by Automated count","Measurement",20,13,1689,1.53425809163514,0.726301092741332,3.35635399929823,0.296221352795622,"OK",1,5
3002656,"Lipoproteins [Mass/volume] in Serum or Plasma","Measurement",20,17,1689,1.17325618772099,0.583738423097711,2.38475543649306,0.742838021408248,"OK",1,5
46235079,"Carbon dioxide, total [Moles/volume] in Serum, Plasma or Blood","Measurement",20,13,1689,1.53425809163514,0.726301092741332,3.35635399929823,0.296221352795622,"OK",1,5
3032567,"Hepatitis B virus DNA [Units/volume] (viral load) in Serum or Plasma by NAA with probe detection","Measurement",19,22,1689,0.861276701440636,0.440876771934023,1.66745354349307,0.643524858597307,"OK",1,5
43534077,"Urea [Moles/volume] in Blood","Measurement",19,18,1689,1.052671523983,0.52295010428023,2.1268666045321,1,"OK",1,5
3007070,"Cholesterol in HDL [Mass/volume] in Serum or Plasma","Measurement",19,17,1689,1.11459337833494,0.548557381394647,2.28267247595328,0.867943848831262,"OK",1,5
46235784,"Sodium [Moles/volume] in Serum, Plasma or Blood","Measurement",19,13,1689,1.45754518705338,0.682904919539545,3.21089539248414,0.377099966231963,"OK",1,5
3014576,"Chloride [Moles/volume] in Serum or Plasma","Measurement",19,10,1689,1.8948087431694,0.83828763545105,4.56214506214733,0.136056560200346,"OK",1,5
3024128,"Bilirubin.total [Mass/volume] in Serum or Plasma","Measurement",19,13,1689,1.45754518705338,0.682904919539545,3.21089539248414,0.377099966231963,"OK",1,5
3016682,"Platelets [#/volume] in Plasma by Automated count","Measurement",18,14,1689,1.28220140515222,0.602521981689484,2.78544675409454,0.596625988010065,"OK",1,5
3027114,"Cholesterol [Mass/volume] in Serum or Plasma","Measurement",17,17,1689,0.997267759562842,0.478568272926472,2.07816322252581,1,"OK",1,5
42529199,"Cancer Ag 125 [Units/volume] in Serum or Plasma by Immunoassay","Measurement",0,0,1689,NA,NA,NA,NA,"SUPPRESSED_MINCELL",NA,5
3010748,"Hematocrit/Hemoglobin [Ratio] of Blood by Automated count","Measurement",15,6,1689,2.4931693989071,0.914118195705033,7.84302147955863,0.0783596925404829,"OK",1,5
3005353,"Prothrombin activity actual/normal in Platelet poor plasma by Coagulation assay","Measurement",14,8,1689,1.74521857923497,0.68326569298831,4.80149384363344,0.286288711753433,"OK",1,5
3016436,"Lactate dehydrogenase [Enzymatic activity/volume] in Serum or Plasma","Measurement",14,7,1689,1.99453551912568,0.753321460950762,5.8390954349529,0.189255847366415,"OK",1,5
3052964,"Fibrinogen [Mass/volume] in Platelet poor plasma by Coagulation.derived","Measurement",13,11,1689,1.17858917039245,0.487221296471623,2.90547153222289,0.838823361746823,"OK",1,5
3006742,"Cancer Ag 15-3 [Presence] in Serum or Plasma","Measurement",13,13,1689,0.997267759562842,0.425920717195692,2.33504251873839,1,"OK",1,5
3026910,"Gamma glutamyl transferase [Enzymatic activity/volume] in Serum or Plasma","Measurement",13,23,1689,0.563673081492041,0.262263261061354,1.16034440116966,0.0984227572232374,"OK",1,5
3031305,"aPTT panel - Platelet poor plasma","Measurement",13,5,1689,2.59289617486339,0.867474376295975,9.28922899047446,0.0962580074443433,"OK",1,5
3009932,"Eosinophils [#/volume] in Blood by Manual count","Measurement",13,12,1689,1.08037340619308,0.454479800428642,2.59043918825096,1,"OK",1,5
3016070,"Creatine kinase.MB [Enzymatic activity/volume] in Serum or Plasma by Electrophoresis","Measurement",13,14,1689,0.926034348165496,0.400782682700665,2.12410482374672,0.850353219419467,"OK",1,5
3019900,"Cholesterol [Moles/volume] in Serum or Plasma","Measurement",0,0,1689,NA,NA,NA,NA,"SUPPRESSED_MINCELL",NA,5
3034426,"Prothrombin time (PT)","Measurement",12,7,1689,1.7096018735363,0.620564886738528,5.12522614594448,0.359292080255833,"OK",1,5
46236949,"Alanine aminotransferase [Enzymatic activity/volume] in Serum, Plasma or Blood","Measurement",12,6,1689,1.99453551912568,0.692802421499502,6.47696722389247,0.237892472937605,"OK",1,5
3008342,"Neutrophils/100 leukocytes in Blood by Automated count","Measurement",0,0,1689,NA,NA,NA,NA,"SUPPRESSED_MINCELL",NA,5
3027651,"Basophils [#/volume] in Blood by Manual count","Measurement",11,10,1689,1.09699453551913,0.42295079943786,2.88118022425148,1,"OK",1,5
3026076,"Alpha hydroxybutyrate dehydrogenase [Enzymatic activity/volume] in Serum or Plasma","Measurement",0,0,1689,NA,NA,NA,NA,"SUPPRESSED_MINCELL",NA,5
3015736,"pH of Urine","Measurement",0,0,1689,NA,NA,NA,NA,"SUPPRESSED_MINCELL",NA,5
3032080,"INR in Blood by Coagulation assay","Measurement",10,7,1689,1.42466822794692,0.489520951705155,4.40982499406353,0.629064391270943,"OK",1,5
3016723,"Creatinine [Mass/volume] in Serum or Plasma","Measurement",10,15,1689,0.664845173041894,0.267104775112729,1.58196085007682,0.326284206538027,"OK",1,5
3005162,"Calcium [Moles/volume] in Blood","Measurement",10,6,1689,1.66211293260474,0.547317893465682,5.56440907204782,0.454505151082223,"OK",1,5
1002070,"Acarboxyprothrombin [Units/volume] in Serum or Plasma","Measurement",9,10,1689,0.897540983606557,0.322698290096353,2.45775073388763,0.823564884003647,"OK",1,5
3014791,"Apolipoprotein B [Mass/volume] in Serum or Plasma","Measurement",9,7,1689,1.28220140515222,0.424915506018329,4.05131653515008,0.8036223247905,"OK",1,5
3036887,"Ammonia [Mass/volume] in Plasma","Measurement",0,0,1689,NA,NA,NA,NA,"SUPPRESSED_MINCELL",NA,5
3022177,"Hepatitis B virus core Ab [Units/volume] in Serum by Radioimmunoassay (RIA)","Measurement",9,10,1689,0.897540983606557,0.322698290096353,2.45775073388763,0.823564884003647,"OK",1,5
3010813,"Leukocytes [#/volume] in Blood","Measurement",0,0,1689,NA,NA,NA,NA,"SUPPRESSED_MINCELL",NA,5
3024552,"Cancer Ag 19-9 [Presence] in Serum or Plasma","Measurement",0,0,1689,NA,NA,NA,NA,"SUPPRESSED_MINCELL",NA,5
3010156,"C reactive protein [Mass/volume] in Serum or Plasma by High sensitivity method","Measurement",0,0,1689,NA,NA,NA,NA,"SUPPRESSED_MINCELL",NA,5
3031767,"Vascular endothelial growth factor [Mass/volume] in Serum or Plasma","Measurement",0,0,1689,NA,NA,NA,NA,"SUPPRESSED_MINCELL",NA,5
3015377,"Calcium [Moles/volume] in Serum or Plasma","Measurement",0,0,1689,NA,NA,NA,NA,"SUPPRESSED_MINCELL",NA,5
3030366,"Cystatin C [Mass/volume] in Serum or Plasma","Measurement",8,8,1689,0.997267759562842,0.326263949051942,3.04827728332668,1,"OK",1,5
3009201,"Thyrotropin [Units/volume] in Serum or Plasma","Measurement",6,5,1689,1.19672131147541,0.304297662647579,4.95699284109521,1,"OK",1,5
42869583,"Hematocrit [Pure volume fraction] of Body fluid","Measurement",6,11,1689,0.543964232488823,0.165181050097158,1.60463744715386,0.237245757162104,"OK",1,5
3039902,"Granular casts [#/volume] in Urine by Computer assisted method","Measurement",0,0,1689,NA,NA,NA,NA,"SUPPRESSED_MINCELL",NA,5
3001019,"Free T4 and TSH panel - Serum or Plasma","Measurement",0,0,1689,NA,NA,NA,NA,"SUPPRESSED_MINCELL",NA,5
40760213,"Phenol [Mass/volume] adjusted to specific gravity 1.024 in Urine","Measurement",0,0,1689,NA,NA,NA,NA,"SUPPRESSED_MINCELL",NA,5
3007220,"Creatine kinase [Enzymatic activity/volume] in Serum or Plasma","Measurement",6,9,1689,0.664845173041894,0.194729890075257,2.0914939144729,0.453877458316711,"OK",1,5
3029879,"Epithelial cells.squamous [#/volume] in Urine by Automated count","Measurement",6,8,1689,0.747950819672131,0.213906871804471,2.45815593568226,0.606741760680426,"OK",1,5
3019284,"Hepatitis B virus surface Ag [Presence] in Serum","Measurement",0,0,1689,NA,NA,NA,NA,"SUPPRESSED_MINCELL",NA,5
3018913,"Phosphate [Moles/volume] in Blood","Measurement",0,0,1689,NA,NA,NA,NA,"SUPPRESSED_MINCELL",NA,5
3018095,"Leukocytes [#/volume] in Urine","Measurement",5,8,1689,0.623292349726776,0.160433471190063,2.16086552905498,0.423310741325463,"OK",1,5
3011724,"Hepatitis B virus e Ag [Presence] in Serum by Radioimmunoassay (RIA)","Measurement",5,8,1689,0.623292349726776,0.160433471190063,2.16086552905498,0.423310741325463,"OK",1,5
36304079,"Mucus [Presence] in Urine sediment","Measurement",0,0,1689,NA,NA,NA,NA,"SUPPRESSED_MINCELL",NA,5
3012898,"Urea [Moles/volume] in Urine","Measurement",5,0,1689,Inf,0.913852152787276,Inf,0.0625011696223804,"OK",1,5
3966438,"CE Ab [Presence] in Serum or Plasma","Measurement",0,0,1689,NA,NA,NA,NA,"SUPPRESSED_MINCELL",NA,5
3030981,"Hyaline casts [#/volume] in Urine by Automated count","Measurement",0,0,1689,NA,NA,NA,NA,"SUPPRESSED_MINCELL",NA,5
3012413,"Glucose [Moles/volume] in Serum or Plasma --2 hours post meal","Measurement",0,0,1689,NA,NA,NA,NA,"SUPPRESSED_MINCELL",NA,5
42529230,"Thyroxine (T4) [Mass/volume] in Serum or Plasma by Immunoassay","Measurement",0,0,1689,NA,NA,NA,NA,"SUPPRESSED_MINCELL",NA,5
3016407,"Fibrinogen [Mass/volume] in Platelet poor plasma by Coagulation assay","Measurement",0,0,1689,NA,NA,NA,NA,"SUPPRESSED_MINCELL",NA,5
3017250,"Creatinine [Mass/volume] in Urine","Measurement",0,0,1689,NA,NA,NA,NA,"SUPPRESSED_MINCELL",NA,5
3018677,"aPTT in Platelet poor plasma by Coagulation assay","Measurement",0,0,1689,NA,NA,NA,NA,"SUPPRESSED_MINCELL",NA,5
3005673,"Hemoglobin A1c/Hemoglobin.total in Blood by HPLC","Measurement",0,0,1689,NA,NA,NA,NA,"SUPPRESSED_MINCELL",NA,5
42869547,"Procollagen type III.N-terminal propeptide [Mass/volume] in Serum","Measurement",0,0,1689,NA,NA,NA,NA,"SUPPRESSED_MINCELL",NA,5
3029790,"Creatine kinase.MB [Enzymatic activity/volume] in Serum or Plasma","Measurement",0,0,1689,NA,NA,NA,NA,"SUPPRESSED_MINCELL",NA,5
3003785,"Carcinoembryonic Ag [Mass/volume] in Serum or Plasma","Measurement",0,0,1689,NA,NA,NA,NA,"SUPPRESSED_MINCELL",NA,5
3037121,"Protein [Mass/volume] in Urine","Measurement",0,0,1689,NA,NA,NA,NA,"SUPPRESSED_MINCELL",NA,5
3007835,"Cancer Ag 125 [Presence] in Serum or Plasma","Measurement",0,0,1689,NA,NA,NA,NA,"SUPPRESSED_MINCELL",NA,5
3052318,"Alpha-1-Microglobulin [Mass/volume] in Urine","Measurement",0,0,1689,NA,NA,NA,NA,"SUPPRESSED_MINCELL",NA,5
3012095,"Magnesium [Moles/volume] in Serum or Plasma","Measurement",0,0,1689,NA,NA,NA,NA,"SUPPRESSED_MINCELL",NA,5
3023202,"Hepatitis B virus e Ab [Units/volume] in Serum by Immunoassay","Measurement",0,0,1689,NA,NA,NA,NA,"SUPPRESSED_MINCELL",NA,5
3018853,"Superoxide dismutase [Enzymatic activity/volume] in Plasma","Measurement",0,0,1689,NA,NA,NA,NA,"SUPPRESSED_MINCELL",NA,5
46234929,"Hepatitis B virus e Ag [Presence] in Serum, Plasma or Blood by Rapid immunoassay","Measurement",0,0,1689,NA,NA,NA,NA,"SUPPRESSED_MINCELL",NA,5
3008143,"IgG [Presence] in Serum","Measurement",0,0,1689,NA,NA,NA,NA,"SUPPRESSED_MINCELL",NA,5
3014749,"Leukocytes [#/volume] in Urine by Test strip","Measurement",0,0,1689,NA,NA,NA,NA,"SUPPRESSED_MINCELL",NA,5
1989123,"Erythrocytes.ghost cells [#/volume] in Urine sediment by Computer assisted method","Measurement",0,0,1689,NA,NA,NA,NA,"SUPPRESSED_MINCELL",NA,5
3012516,"Albumin [Mass/volume] in Urine","Measurement",0,0,1689,NA,NA,NA,NA,"SUPPRESSED_MINCELL",NA,5
3022764,"Mononuclear cells/100 leukocytes in Peritoneal fluid","Measurement",0,0,1689,NA,NA,NA,NA,"SUPPRESSED_MINCELL",NA,5
3023323,"Follitropin [Units/volume] in Serum or Plasma","Measurement",0,0,1689,NA,NA,NA,NA,"SUPPRESSED_MINCELL",NA,5
3011904,"Phosphate [Mass/volume] in Serum or Plasma","Measurement",0,0,1689,NA,NA,NA,NA,"SUPPRESSED_MINCELL",NA,5
3050146,"Prolactin [Mass/volume] in Serum or Plasma by 3rd IS","Measurement",0,0,1689,NA,NA,NA,NA,"SUPPRESSED_MINCELL",NA,5
3045975,"IgA [Presence] in Serum","Measurement",0,0,1689,NA,NA,NA,NA,"SUPPRESSED_MINCELL",NA,5
3044042,"Cancer Ag 50 [Units/volume] in Serum or Plasma","Measurement",0,0,1689,NA,NA,NA,NA,"SUPPRESSED_MINCELL",NA,5
3027144,"Progesterone [Mass/volume] in Serum or Plasma","Measurement",0,0,1689,NA,NA,NA,NA,"SUPPRESSED_MINCELL",NA,5
3027206,"Corticotropin [Mass/volume] in Plasma by Radioimmunoassay (RIA)","Measurement",0,0,1689,NA,NA,NA,NA,"SUPPRESSED_MINCELL",NA,5
3027828,"Triiodothyronine (T3).reverse [Moles/volume] in Serum or Plasma","Measurement",0,0,1689,NA,NA,NA,NA,"SUPPRESSED_MINCELL",NA,5
3040139,"Yeast.hyphae [#/volume] in Urine by Computer assisted method","Measurement",0,0,1689,NA,NA,NA,NA,"SUPPRESSED_MINCELL",NA,5
3009931,"Hyaluronate [Mass/volume] in Serum or Plasma","Measurement",0,0,1689,NA,NA,NA,NA,"SUPPRESSED_MINCELL",NA,5
3029707,"Crystals [#/volume] in Urine by Automated count","Measurement",0,0,1689,NA,NA,NA,NA,"SUPPRESSED_MINCELL",NA,5
3029991,"Specific gravity of Urine by Refractometry automated","Measurement",0,0,1689,NA,NA,NA,NA,"SUPPRESSED_MINCELL",NA,5
3004391,"Epithelial cells [#/volume] in Urine by Manual count","Measurement",0,0,1689,NA,NA,NA,NA,"SUPPRESSED_MINCELL",NA,5
3022533,"CD3 cells/100 cells in Blood","Measurement",0,0,1689,NA,NA,NA,NA,"SUPPRESSED_MINCELL",NA,5
3008641,"Thyroperoxidase Ab [Titer] in Serum or Plasma by Latex agglutination","Measurement",0,0,1689,NA,NA,NA,NA,"SUPPRESSED_MINCELL",NA,5
3022893,"Aspartate aminotransferase/Alanine aminotransferase [Enzymatic activity ratio] in Serum or Plasma","Measurement",0,0,1689,NA,NA,NA,NA,"SUPPRESSED_MINCELL",NA,5
40759718,"Epstein Barr virus early IgM Ab [Units/volume] in Serum by Immunoassay","Measurement",0,0,1689,NA,NA,NA,NA,"SUPPRESSED_MINCELL",NA,5
3001405,"CD3+CD8+ (T8 suppressor) cells [#/volume] in Blood","Measurement",0,0,1689,NA,NA,NA,NA,"SUPPRESSED_MINCELL",NA,5
3009105,"Erythrocytes [#/volume] in Urine by Test strip","Measurement",0,0,1689,NA,NA,NA,NA,"SUPPRESSED_MINCELL",NA,5
3001582,"Protein/Creatinine [Mass Ratio] in Urine","Measurement",0,0,1689,NA,NA,NA,NA,"SUPPRESSED_MINCELL",NA,5
3037850,"Specific gravity of Body fluid","Measurement",0,0,1689,NA,NA,NA,NA,"SUPPRESSED_MINCELL",NA,5
40759253,"Cholesterol in HDL 2a [Moles/volume] in Serum or Plasma","Measurement",0,0,1689,NA,NA,NA,NA,"SUPPRESSED_MINCELL",NA,5
3018387,"Mycoplasma pneumoniae IgG Ab [Units/volume] in Serum","Measurement",0,0,1689,NA,NA,NA,NA,"SUPPRESSED_MINCELL",NA,5
3011958,"Ammonia [Moles/volume] in Plasma","Measurement",0,0,1689,NA,NA,NA,NA,"SUPPRESSED_MINCELL",NA,5
3037524,"Glucose-6-Phosphate dehydrogenase [Enzymatic activity/volume] in Red Blood Cells","Measurement",0,0,1689,NA,NA,NA,NA,"SUPPRESSED_MINCELL",NA,5
36031203,"Mononuclear cells [#] in Blood product unit","Measurement",0,0,1689,NA,NA,NA,NA,"SUPPRESSED_MINCELL",NA,5
1988606,"C reactive protein [Units/volume] in Body fluid","Measurement",0,0,1689,NA,NA,NA,NA,"SUPPRESSED_MINCELL",NA,5
3008893,"Testosterone [Mass/volume] in Serum or Plasma","Measurement",0,0,1689,NA,NA,NA,NA,"SUPPRESSED_MINCELL",NA,5
3000060,"B lymphocytes [#/volume] in Blood","Measurement",0,0,1689,NA,NA,NA,NA,"SUPPRESSED_MINCELL",NA,5
3007210,"Streptococcus pyogenes enzyme Ab [Presence] in Serum by Sheep Cell Agglutination","Measurement",0,0,1689,NA,NA,NA,NA,"SUPPRESSED_MINCELL",NA,5
3051714,"Fibrin D-dimer FEU [Mass/volume] in Platelet poor plasma","Measurement",0,0,1689,NA,NA,NA,NA,"SUPPRESSED_MINCELL",NA,5
3018133,"Calcium [Moles/volume] in Urine","Measurement",0,0,1689,NA,NA,NA,NA,"SUPPRESSED_MINCELL",NA,5
3049408,"Hepatitis B virus surface Ag [Presence] in Serum from Donor by Immunoassay","Measurement",0,0,1689,NA,NA,NA,NA,"SUPPRESSED_MINCELL",NA,5
3046279,"Procalcitonin [Mass/volume] in Serum or Plasma","Measurement",0,0,1689,NA,NA,NA,NA,"SUPPRESSED_MINCELL",NA,5
46236951,"Amylase [Enzymatic activity/volume] in Serum, Plasma or Blood","Measurement",0,0,1689,NA,NA,NA,NA,"SUPPRESSED_MINCELL",NA,5
3009214,"Lutropin [Units/volume] in Serum or Plasma","Measurement",0,0,1689,NA,NA,NA,NA,"SUPPRESSED_MINCELL",NA,5
3010340,"Triiodothyronine (T3) [Mass/volume] in Serum or Plasma","Measurement",0,0,1689,NA,NA,NA,NA,"SUPPRESSED_MINCELL",NA,5
3034639,"Hemoglobin A1c [Mass/volume] in Blood","Measurement",0,0,1689,NA,NA,NA,NA,"SUPPRESSED_MINCELL",NA,5
3004327,"Lymphocytes [#/volume] in Blood by Automated count","Measurement",0,0,1689,NA,NA,NA,NA,"SUPPRESSED_MINCELL",NA,5
3016523,"Insulin [Moles/volume] in Serum or Plasma","Measurement",0,0,1689,NA,NA,NA,NA,"SUPPRESSED_MINCELL",NA,5
3016771,"Amylase [Enzymatic activity/volume] in Serum or Plasma","Measurement",0,0,1689,NA,NA,NA,NA,"SUPPRESSED_MINCELL",NA,5
1988277,"Alpha-1-Fetoprotein L3 [Mass/volume] in Serum or Plasma by Immunoassay","Measurement",0,0,1689,NA,NA,NA,NA,"SUPPRESSED_MINCELL",NA,5
43534062,"3-epi-25-Hydroxyvitamin D3/25-hydroxyvitamin D.total in Serum or Plasma","Measurement",0,0,1689,NA,NA,NA,NA,"SUPPRESSED_MINCELL",NA,5
3003470,"Hepatitis C virus Ab [Units/volume] in Serum by Immunoassay","Measurement",0,0,1689,NA,NA,NA,NA,"SUPPRESSED_MINCELL",NA,5
43055483,"Glucose in serum - glucose in peritoneal fluid [Molar concentration difference]","Measurement",0,0,1689,NA,NA,NA,NA,"SUPPRESSED_MINCELL",NA,5
43055410,"Prostate Specific Ag Free/Prostate specific Ag.total [Pure mass fraction] in Serum or Plasma","Measurement",0,0,1689,NA,NA,NA,NA,"SUPPRESSED_MINCELL",NA,5
3015759,"IgM [Presence] in Serum","Measurement",0,0,1689,NA,NA,NA,NA,"SUPPRESSED_MINCELL",NA,5
3030511,"Albumin [Mass/volume] in 24 hour Urine by Electrophoresis","Measurement",0,0,1689,NA,NA,NA,NA,"SUPPRESSED_MINCELL",NA,5
3019977,"pH of Arterial blood","Measurement",0,0,1689,NA,NA,NA,NA,"SUPPRESSED_MINCELL",NA,5
3019209,"Epstein Barr virus capsid IgM Ab [Presence] in Serum by Immunoassay","Measurement",0,0,1689,NA,NA,NA,NA,"SUPPRESSED_MINCELL",NA,5
3000034,"Microalbumin [Mass/volume] in Urine","Measurement",0,0,1689,NA,NA,NA,NA,"SUPPRESSED_MINCELL",NA,5
3008304,"Triiodothyronine (T3) [Moles/volume] in Serum or Plasma","Measurement",0,0,1689,NA,NA,NA,NA,"SUPPRESSED_MINCELL",NA,5
3021082,"Mycoplasma pneumoniae IgM Ab [Presence] in Serum","Measurement",0,0,1689,NA,NA,NA,NA,"SUPPRESSED_MINCELL",NA,5
3021200,"Thyroglobulin Ab [Units/volume] in Serum by Radioimmunoassay (RIA)","Measurement",0,0,1689,NA,NA,NA,NA,"SUPPRESSED_MINCELL",NA,5
3008486,"Thyroxine (T4) free [Moles/volume] in Serum or Plasma","Measurement",0,0,1689,NA,NA,NA,NA,"SUPPRESSED_MINCELL",NA,5
40770975,"Lactate dehydrogenase [Enzymatic activity/volume] in Peritoneal fluid by Lactate to pyruvate reaction","Measurement",0,0,1689,NA,NA,NA,NA,"SUPPRESSED_MINCELL",NA,5
3013201,"Beta-2-Microglobulin [Mass/volume] in Serum or Plasma","Measurement",0,0,1689,NA,NA,NA,NA,"SUPPRESSED_MINCELL",NA,5
3034485,"Albumin/Creatinine [Mass Ratio] in Urine","Measurement",0,0,1689,NA,NA,NA,NA,"SUPPRESSED_MINCELL",NA,5
40760528,"Thyrotropin receptor Ab [Units/volume] in Serum by Immunoassay","Measurement",0,0,1689,NA,NA,NA,NA,"SUPPRESSED_MINCELL",NA,5
40760007,"HIV 1+2 Ab+HIV1 p24 Ag [Presence] in Serum or Plasma by Immunoassay","Measurement",0,0,1689,NA,NA,NA,NA,"SUPPRESSED_MINCELL",NA,5
1175715,"Chlamydophila pneumoniae IgM Ab [Presence] in Serum by Immunoassay","Measurement",0,0,1689,1,NA,NA,1,"ZERO_EVENTS",1,5
1259742,"Aldosterone/Renin [Ratio] in Serum or Plasma","Measurement",0,0,1689,1,NA,NA,1,"ZERO_EVENTS",1,5
1617274,"Carbon dioxide, total [Moles/volume] in Central venous blood","Measurement",0,0,1689,NA,NA,NA,NA,"SUPPRESSED_MINCELL",NA,5
1617538,"24 hour predicted protein [Mass/time] based on random Urine by calculation","Measurement",0,0,1689,NA,NA,NA,NA,"SUPPRESSED_MINCELL",NA,5
1988100,"Leukocytes [#/volume] in Peritoneal dialysis fluid by Automated count","Measurement",0,0,1689,NA,NA,NA,NA,"SUPPRESSED_MINCELL",NA,5
3000067,"Parathyrin.intact [Mass/volume] in Serum or Plasma","Measurement",0,0,1689,1,NA,NA,1,"ZERO_EVENTS",1,5
3000659,"Cytokeratin 19 [Mass/volume] in Serum or Plasma","Measurement",0,0,1689,NA,NA,NA,NA,"SUPPRESSED_MINCELL",NA,5
3001186,"Copper [Moles/volume] in Serum or Plasma","Measurement",0,0,1689,1,NA,NA,1,"ZERO_EVENTS",1,5
3001643,"Hemoglobin and Hematocrit panel - Blood","Measurement",0,0,1689,1,NA,NA,1,"ZERO_EVENTS",1,5
3002032,"Base excess in Venous blood by calculation","Measurement",0,0,1689,NA,NA,NA,NA,"SUPPRESSED_MINCELL",NA,5
3002532,"Iron binding capacity.unsaturated [Moles/volume] in Serum or Plasma","Measurement",0,0,1689,1,NA,NA,1,"ZERO_EVENTS",1,5
3002736,"Platelet distribution width [Entitic volume] in Blood by Automated count","Measurement",0,0,1689,1,NA,NA,1,"ZERO_EVENTS",1,5
3002971,"Nuclear Ab [Titer] in Serum by Immunofluorescence","Measurement",0,0,1689,NA,NA,NA,NA,"SUPPRESSED_MINCELL",NA,5
3003185,"Cytomegalovirus IgG Ab [Units/volume] in Serum or Plasma by Immunofluorescence","Measurement",0,0,1689,1,NA,NA,1,"ZERO_EVENTS",1,5
3003745,"Microscopic observation [Identifier] in Urine by Gram stain","Measurement",0,0,1689,1,NA,NA,1,"ZERO_EVENTS",1,5
3004789,"Transferrin [Mass/volume] in Serum or Plasma","Measurement",0,0,1689,1,NA,NA,1,"ZERO_EVENTS",1,5
3004905,"Lipase [Enzymatic activity/volume] in Serum or Plasma","Measurement",0,0,1689,1,NA,NA,1,"ZERO_EVENTS",1,5
3005895,"Myoglobin [Mass/volume] in Serum or Plasma","Measurement",0,0,1689,1,NA,NA,1,"ZERO_EVENTS",1,5
3005996,"Glucose [Mass/volume] in Serum or Plasma --3 hours post 1.2 g/kg lactose PO","Measurement",0,0,1689,1,NA,NA,1,"ZERO_EVENTS",1,5
3006297,"Platelets [#/volume] in Plasma","Measurement",0,0,1689,1,NA,NA,1,"ZERO_EVENTS",1,5
3006453,"Hepatitis B virus surface Ab [Presence] in Serum by Immunoassay","Measurement",0,0,1689,1,NA,NA,1,"ZERO_EVENTS",1,5
3006576,"Bicarbonate [Moles/volume] in Blood","Measurement",0,0,1689,NA,NA,NA,NA,"SUPPRESSED_MINCELL",NA,5
3006588,"Cancer Ag 15-3 [Units/volume] in Serum or Plasma","Measurement",0,0,1689,1,NA,NA,1,"ZERO_EVENTS",1,5
3008364,"Apolipoprotein A-I [Mass/volume] in Serum or Plasma","Measurement",0,0,1689,NA,NA,NA,NA,"SUPPRESSED_MINCELL",NA,5
3009577,"Iron binding capacity [Moles/volume] in Serum or Plasma","Measurement",0,0,1689,NA,NA,NA,NA,"SUPPRESSED_MINCELL",NA,5
3009609,"Carbon dioxide, total [Moles/volume] in Arterial blood","Measurement",0,0,1689,NA,NA,NA,NA,"SUPPRESSED_MINCELL",NA,5
3010084,"C peptide [Mass/volume] in Serum or Plasma","Measurement",0,0,1689,1,NA,NA,1,"ZERO_EVENTS",1,5
3010963,"Hepatitis B virus e Ab [Units/volume] in Serum by Radioimmunoassay (RIA)","Measurement",0,9,1689,0,0,0.505245954802059,0.00192920948062116,"OK",0.0997644136874521,5
3011412,"CD3 cells [#/volume] in Blood","Measurement",0,0,1689,1,NA,NA,1,"ZERO_EVENTS",1,5
3011516,"Hepatitis B virus e Ag [Units/volume] in Serum by Immunoassay","Measurement",0,0,1689,1,NA,NA,1,"ZERO_EVENTS",1,5
3011705,"Protein [Mass/volume] in 24 hour Urine","Measurement",0,0,1689,NA,NA,NA,NA,"SUPPRESSED_MINCELL",NA,5
3014323,"Glucose [Interpretation] in Serum or Plasma--1 hour post dose glucose","Measurement",0,0,1689,1,NA,NA,1,"ZERO_EVENTS",1,5
3015242,"Ferritin [Mass/volume] in Serum or Plasma by Immunoassay","Measurement",0,0,1689,1,NA,NA,1,"ZERO_EVENTS",1,5
3015774,"Calcium.ionized [Moles/volume] in Serum or Plasma by calculation","Measurement",0,0,1689,1,NA,NA,1,"ZERO_EVENTS",1,5
3016083,"Glucose [Mass/volume] in 24 hour Peritoneal dialysis fluid","Measurement",0,0,1689,NA,NA,NA,NA,"SUPPRESSED_MINCELL",NA,5
3016228,"CD19 cells/100 cells in Blood","Measurement",0,0,1689,1,NA,NA,1,"ZERO_EVENTS",1,5
3016724,"Homocysteine [Moles/volume] in Serum or Plasma","Measurement",0,0,1689,NA,NA,NA,NA,"SUPPRESSED_MINCELL",NA,5
3016906,"Vancomycin [Mass/volume] in Body fluid","Measurement",0,0,1689,1,NA,NA,1,"ZERO_EVENTS",1,5
3017572,"Hemoglobin A2 [Presence] in Blood","Measurement",0,0,1689,1,NA,NA,1,"ZERO_EVENTS",1,5
3018163,"Specimen specific gravity acceptable [Presence] in Urine","Measurement",0,0,1689,1,NA,NA,1,"ZERO_EVENTS",1,5
3018171,"Choriogonadotropin [Units/volume] in Serum or Plasma","Measurement",0,0,1689,1,NA,NA,1,"ZERO_EVENTS",1,5
3019231,"Epstein Barr virus capsid IgG Ab [Presence] in Serum by Immunoassay","Measurement",0,0,1689,1,NA,NA,1,"ZERO_EVENTS",1,5
3019446,"Platelet mean diameter [Entitic length] in Blood","Measurement",0,0,1689,1,NA,NA,1,"ZERO_EVENTS",1,5
3019897,"Erythrocyte distribution width [Ratio] by Automated count","Measurement",0,0,1689,1,NA,NA,1,"ZERO_EVENTS",1,5
3019930,"Urea nitrogen [Mass/volume] in Body fluid","Measurement",0,0,1689,1,NA,NA,1,"ZERO_EVENTS",1,5
3021329,"Hemoglobin F [Presence] in Specimen","Measurement",0,0,1689,1,NA,NA,1,"ZERO_EVENTS",1,5
3021797,"Glucose-6-Phosphate dehydrogenase [Enzymatic activity/volume] in Serum","Measurement",0,0,1689,NA,NA,NA,NA,"SUPPRESSED_MINCELL",NA,5
3022466,"Insulin [Mass/volume] in Serum or Plasma","Measurement",0,0,1689,NA,NA,NA,NA,"SUPPRESSED_MINCELL",NA,5
3022948,"Iron [Moles/volume] in Serum or Plasma","Measurement",0,0,1689,1,NA,NA,1,"ZERO_EVENTS",1,5
3022976,"Prolactin [Units/volume] in Serum or Plasma by 3rd IS","Measurement",0,0,1689,1,NA,NA,1,"ZERO_EVENTS",1,5
3023314,"Hematocrit [Volume Fraction] of Blood by Automated count","Measurement",0,0,1689,NA,NA,NA,NA,"SUPPRESSED_MINCELL",NA,5
3023608,"Herpes simplex virus 2 IgM Ab [Titer] in Serum","Measurement",0,0,1689,1,NA,NA,1,"ZERO_EVENTS",1,5
3024731,"MCV [Entitic volume]","Measurement",0,0,1689,1,NA,NA,1,"ZERO_EVENTS",1,5
3025271,"CD3-CD16+CD56+ (Natural killer) cells [#/volume] in Blood","Measurement",0,0,1689,1,NA,NA,1,"ZERO_EVENTS",1,5
3025285,"Estradiol (E2) [Mass/volume] in Serum or Plasma","Measurement",0,0,1689,1,NA,NA,1,"ZERO_EVENTS",1,5
3025678,"Hemoglobin H [Presence] in Blood by Heat denaturation","Measurement",0,0,1689,1,NA,NA,1,"ZERO_EVENTS",1,5
3025887,"Neutrophils.hypersegmented/100 leukocytes in Blood by Manual count","Measurement",0,0,1689,1,NA,NA,1,"ZERO_EVENTS",1,5
3026692,"Albumin [Mass/volume] in Peritoneal fluid","Measurement",0,0,1689,1,NA,NA,1,"ZERO_EVENTS",1,5
3027215,"Base excess standard in Venous blood by calculation","Measurement",0,0,1689,NA,NA,NA,NA,"SUPPRESSED_MINCELL",NA,5
3027801,"Oxygen [Partial pressure] in Arterial blood","Measurement",0,0,1689,1,NA,NA,1,"ZERO_EVENTS",1,5
3028167,"CD3+CD4+ (T4 helper) cells [#/volume] in Blood","Measurement",0,0,1689,1,NA,NA,1,"ZERO_EVENTS",1,5
3029187,"Natriuretic peptide.B prohormone N-Terminal [Mass/volume] in Serum or Plasma","Measurement",0,0,1689,1,NA,NA,1,"ZERO_EVENTS",1,5
3029794,"Leukocyte clumps [#/volume] in Urine by Automated count","Measurement",0,0,1689,NA,NA,NA,NA,"SUPPRESSED_MINCELL",NA,5
3030306,"Epithelial cells.non-squamous [#/volume] in Urine by Automated count","Measurement",0,0,1689,NA,NA,NA,NA,"SUPPRESSED_MINCELL",NA,5
3030929,"Transferrin.carbohydrate deficient.XXX/Transferrin.total in Serum or Plasma","Measurement",0,0,1689,1,NA,NA,1,"ZERO_EVENTS",1,5
3031987,"Alpha-1-Fetoprotein L3/Alpha-1-fetoprotein.total in Serum or Plasma","Measurement",0,0,1689,1,NA,NA,1,"ZERO_EVENTS",1,5
3033252,"Adenosine deaminase [Enzymatic activity/volume] in Peritoneal fluid","Measurement",0,0,1689,NA,NA,NA,NA,"SUPPRESSED_MINCELL",NA,5
3035529,"Creatinine renal clearance predicted by Cockcroft-Gault formula","Measurement",0,0,1689,1,NA,NA,1,"ZERO_EVENTS",1,5
3036428,"Adenosine deaminase [Enzymatic activity/volume] in Pleural fluid","Measurement",0,0,1689,1,NA,NA,1,"ZERO_EVENTS",1,5
3036677,"Immunoglobulin light chains [Mass/volume] in Urine","Measurement",0,0,1689,NA,NA,NA,NA,"SUPPRESSED_MINCELL",NA,5
3037202,"Fibrin+Fibrinogen fragments [Mass/volume] in Serum","Measurement",0,0,1689,1,NA,NA,1,"ZERO_EVENTS",1,5
3038315,"Erythrocytes.dysmorphic/100 erythrocytes in Urine sediment by Light microscopy","Measurement",0,0,1689,1,NA,NA,1,"ZERO_EVENTS",1,5
3038334,"Lactate dehydrogenase in peritoneal fluid/Lactate dehydrogenase in serum","Measurement",0,0,1689,NA,NA,NA,NA,"SUPPRESSED_MINCELL",NA,5
3039426,"Oxygen saturation Calculated from oxygen partial pressure in Arterial blood","Measurement",0,0,1689,1,NA,NA,1,"ZERO_EVENTS",1,5
3040208,"Hepatitis E virus IgM Ab [Units/volume] in Serum","Measurement",0,0,1689,1,NA,NA,1,"ZERO_EVENTS",1,5
3040659,"Glucose [Moles/volume] in Serum or Plasma --1 hour post meal","Measurement",0,0,1689,1,NA,NA,1,"ZERO_EVENTS",1,5
3042968,"Herpes simplex virus 1 and 2 IgM Ab [Interpretation] in Serum","Measurement",0,0,1689,1,NA,NA,1,"ZERO_EVENTS",1,5
3044169,"IgA Ab [Presence] in Serum or Plasma","Measurement",0,0,1689,1,NA,NA,1,"ZERO_EVENTS",1,5
3045716,"Anion gap in Serum or Plasma","Measurement",0,0,1689,1,NA,NA,1,"ZERO_EVENTS",1,5
3046044,"N-acetyl-beta-glucosaminidase [Enzymatic activity/volume] in Urine","Measurement",0,0,1689,1,NA,NA,1,"ZERO_EVENTS",1,5
3046743,"Choriogonadotropin [Presence] in Control Serum","Measurement",0,0,1689,NA,NA,NA,NA,"SUPPRESSED_MINCELL",NA,5
3048516,"Microalbumin/Protein.total in 24 hour Urine","Measurement",0,0,1689,NA,NA,NA,NA,"SUPPRESSED_MINCELL",NA,5
3052007,"Protein Fractions [Interpretation] in Body fluid","Measurement",0,0,1689,1,NA,NA,1,"ZERO_EVENTS",1,5
4263457,"Aspartate aminotransferase measurement","Measurement",0,0,1689,1,NA,NA,1,"ZERO_EVENTS",1,5
21491346,"Pathologic casts [#/volume] in Urine by Automated count","Measurement",0,0,1689,NA,NA,NA,NA,"SUPPRESSED_MINCELL",NA,5
21491865,"Prolactin.dimeric/Prolactin in Serum or Plasma","Measurement",0,0,1689,1,NA,NA,1,"ZERO_EVENTS",1,5
21493866,"Erythrocytes [#/volume] in Peritoneal dialysis fluid by Automated count","Measurement",0,0,1689,1,NA,NA,1,"ZERO_EVENTS",1,5
36032009,"pH of Prostatic fluid","Measurement",0,0,1689,1,NA,NA,1,"ZERO_EVENTS",1,5
36203209,"Erythrocytes.EMA mean fluorescence intensity actual/normal in Blood by Flow cytometry (FC)","Measurement",0,0,1689,1,NA,NA,1,"ZERO_EVENTS",1,5
36305091,"Oxyhemoglobin [Mass/volume] in Plasma","Measurement",0,0,1689,1,NA,NA,1,"ZERO_EVENTS",1,5
40758521,"Insulin [Moles/volume] in Serum or Plasma --1 minute post XXX challenge","Measurement",0,0,1689,1,NA,NA,1,"ZERO_EVENTS",1,5
40760909,"Oxygen content in Blood by calculation","Measurement",0,0,1689,NA,NA,NA,NA,"SUPPRESSED_MINCELL",NA,5
40762352,"Hemoglobin A1c/Hemoglobin.total in Blood by IFCC protocol","Measurement",0,0,1689,1,NA,NA,1,"ZERO_EVENTS",1,5
40768035,"Tr sup(a) Ab [Presence] in Serum or Plasma","Measurement",0,0,1689,1,NA,NA,1,"ZERO_EVENTS",1,5
40768039,"Oxygen [Partial pressure] saturation adjusted to 0.5 in Blood","Measurement",0,0,1689,1,NA,NA,1,"ZERO_EVENTS",1,5
40769783,"Troponin T.cardiac [Mass/volume] in Serum or Plasma by High sensitivity method","Measurement",0,0,1689,1,NA,NA,1,"ZERO_EVENTS",1,5
42529190,"Alpha-1-Fetoprotein [Mass/volume] in Serum or Plasma by Immunoassay","Measurement",0,0,1689,1,NA,NA,1,"ZERO_EVENTS",1,5
42529194,"Beta-2-Microglobulin [Mass/volume] in Urine by Immunoassay","Measurement",0,0,1689,NA,NA,NA,NA,"SUPPRESSED_MINCELL",NA,5
42529205,"Cortisol [Mass/volume] in Serum or Plasma by Immunoassay","Measurement",0,0,1689,NA,NA,NA,NA,"SUPPRESSED_MINCELL",NA,5
42529231,"Thyroxine (T4) [Moles/volume] in Serum or Plasma by Immunoassay","Measurement",0,0,1689,1,NA,NA,1,"ZERO_EVENTS",1,5
42529254,"Triiodothyronine (T3) [Moles/volume] in Serum or Plasma by Immunoassay","Measurement",0,0,1689,1,NA,NA,1,"ZERO_EVENTS",1,5
42868453,"Bicarbonate [Moles/volume] standard in Plasma","Measurement",0,0,1689,NA,NA,NA,NA,"SUPPRESSED_MINCELL",NA,5
42868533,"Mononuclear cells [#/volume] in Peritoneal fluid by Automated count","Measurement",0,0,1689,NA,NA,NA,NA,"SUPPRESSED_MINCELL",NA,5
42869548,"Treponema pallidum Ab [Titer] in Serum or Plasma by Agglutination","Measurement",0,0,1689,1,NA,NA,1,"ZERO_EVENTS",1,5
43533605,"Anion gap 4 in Capillary blood","Measurement",0,0,1689,1,NA,NA,1,"ZERO_EVENTS",1,5
46234928,"Hepatitis B virus e Ab [Presence] in Serum, Plasma or Blood by Rapid immunoassay","Measurement",0,0,1689,1,NA,NA,1,"ZERO_EVENTS",1,5
46234930,"Hepatitis B virus surface Ab [Presence] in Serum, Plasma or Blood by Rapid immunoassay","Measurement",0,0,1689,NA,NA,NA,NA,"SUPPRESSED_MINCELL",NA,5
