"outcome_concept_id","outcome_name","outcome_domain","post_events","pre_events","n_exposures","irr","ci95l","ci95u","p","reason_code","p_adj","min_cell_count"
4281232,"Type B viral hepatitis","Condition",1208,734,1689,1.62769110997994,1.48379534857862,1.78648973303226,4.75535299607202e-26,"OK",7.1568062590884e-24,5
194574,"Chronic type B viral hepatitis","Condition",1059,647,1689,1.61879851215245,1.46658168535993,1.78788447142939,1.39660026755912e-22,"OK",1.40125560178432e-20,5
4173584,"Chronic active type B viral hepatitis","Condition",993,559,1689,1.75686567457587,1.58230342590303,1.95221011382453,1.85817433990432e-27,"OK",5.593104763112e-25,5
4064161,"Cirrhosis of liver","Condition",462,298,1689,1.53329891584925,1.32264069749757,1.77966987636681,7.11104955593986e-09,"OK",5.35106479084475e-07,5
4318541,"Cholestatic hepatitis","Condition",193,95,1689,2.00925390399075,1.56366930235593,2.59662143645376,1.15085849967142e-08,"OK",6.92816816802198e-07,5
4296301,"Hepatic congestion","Condition",170,107,1689,1.57132587039129,1.22654484704316,2.02048576933475,0.000235643783985512,"OK",0.0118214631632732,5
45772057,"Cirrhosis of liver due to hepatitis B","Condition",136,95,1689,1.41584731058415,1.08145460327335,1.85999021063454,0.0101445512445937,"OK",0.436215703517527,5
443392,"Malignant neoplastic disease","Condition",116,110,1689,1.04295704295704,0.796519782066209,1.36633237481101,0.790277363498141,"OK",1,5
37116804,"Improved dentition","Condition",84,102,1689,0.81447963800905,0.602810584972976,1.09795244174466,0.164458838391212,"OK",1,5
45771255,"Compensated liver disease","Condition",34,40,1689,0.840659340659341,0.516148770019329,1.36210669049673,0.486761102062503,"OK",1,5
3006923,"Alanine aminotransferase [Enzymatic activity/volume] in Serum or Plasma","Measurement",33,18,1689,1.81318681318681,0.991712613276604,3.4201893554433,0.0490486460214824,"OK",1,5
196951,"Chronic congestive splenomegaly","Condition",31,48,1689,0.638736263736264,0.393024834532101,1.02423638994484,0.055595731953079,"OK",1,5
4225273,"Chronic gastritis","Condition",27,33,1689,0.809190809190809,0.46803431103632,1.38773855349322,0.440509749779562,"OK",1,5
24966,"Esophageal varices","Condition",26,26,1689,0.989010989010989,0.551793710100041,1.77266017803493,1,"OK",1,5
3020630,"Protein [Mass/volume] in Serum or Plasma","Measurement",24,13,1689,1.82586644125106,0.893425586956094,3.90466487912957,0.0990616336506027,"OK",1,5
3043688,"Hemoglobin [Mass/volume] in Body fluid","Measurement",23,19,1689,1.19722382880278,0.6236781548736,2.32471588143812,0.644182849860248,"OK",1,5
3024386,"Platelet mean volume [Entitic volume] in Blood by Rees-Ecker","Measurement",22,18,1689,1.20879120879121,0.618893276915224,2.39120216327681,0.636035688675781,"OK",1,5
4225905,"Liver cyst","Condition",22,22,1689,0.989010989010989,0.522340601200608,1.87261479221837,1,"OK",1,5
3013721,"Aspartate aminotransferase [Enzymatic activity/volume] in Serum or Plasma","Measurement",19,12,1689,1.56593406593407,0.721694710641774,3.53736341079124,0.281270154198092,"OK",1,5
3020416,"Erythrocytes [#/volume] in Blood by Automated count","Measurement",19,14,1689,1.34222919937206,0.638061309363189,2.89308947013405,0.487071328627934,"OK",1,5
196456,"Gallstone","Condition",19,18,1689,1.04395604395604,0.518620395453584,2.10925744251956,1,"OK",1,5
3039417,"Platelet distribution width [Ratio] in Blood","Measurement",18,20,1689,0.89010989010989,0.443938086392836,1.77217473006199,0.748047501713096,"OK",1,5
3010866,"Cholinesterase [Enzymatic activity/volume] in Serum or Plasma","Measurement",17,21,1689,0.800627943485086,0.396627133163636,1.59332549301737,0.520321035196762,"OK",1,5
3010568,"Globulin [Mass/volume] in Plasma","Measurement",17,14,1689,1.20094191522763,0.557145699176877,2.63155181986037,0.720228259806351,"OK",1,5
3052649,"Adenosine deaminase [Enzymatic activity/volume] in Serum or Plasma","Measurement",15,8,1689,1.8543956043956,0.738048406459973,5.05024925456627,0.210200176171367,"OK",1,5
3009744,"MCHC [Mass/volume] by Automated count","Measurement",15,12,1689,1.23626373626374,0.540224033049738,2.89252598553384,0.701226621007,"OK",1,5
3001127,"Alpha 1 antitrypsin [Mass/volume] in Serum or Plasma by Nephelometry","Measurement",15,12,1689,1.23626373626374,0.540224033049738,2.89252598553384,0.701226621007,"OK",1,5
3025839,"Triglyceride [Moles/volume] in Serum or Plasma","Measurement",15,18,1689,0.824175824175824,0.386652502065937,1.73174064714213,0.605767890532149,"OK",1,5
3009542,"Hematocrit [Volume Fraction] of Blood","Measurement",15,7,1689,2.1193092621664,0.81337093406829,6.14431610731455,0.133930821898788,"OK",1,5
3009596,"Cholesterol in VLDL [Mass/volume] in Serum or Plasma by calculation","Measurement",14,14,1689,0.989010989010989,0.437044639742725,2.23808427660913,1,"OK",1,5
3002888,"Erythrocyte distribution width [Entitic volume]","Measurement",14,11,1689,1.25874125874126,0.530864644863191,3.06391964955788,0.6901514824568,"OK",1,5
37172783,"Alpha-fetoprotein mass concentration in plasma","Measurement",14,7,1689,1.97802197802198,0.747084417393289,5.79075127584973,0.189389289884911,"OK",1,5
3028638,"Bilirubin.direct [Moles/volume] in Serum or Plasma","Measurement",14,11,1689,1.25874125874126,0.530864644863191,3.06391964955788,0.6901514824568,"OK",1,5
3964927,"Monocytes/100 leukocytes in Blood by Flow cytometry (FC)","Measurement",14,11,1689,1.25874125874126,0.530864644863191,3.06391964955788,0.6901514824568,"OK",1,5
40766836,"Hemoglobins that can be presumptively identified based on available controls in DBS","Measurement",13,8,1689,1.60714285714286,0.617450542679733,4.47297669713569,0.383464315240994,"OK",1,5
3020509,"Albumin/Globulin [Mass Ratio] in Serum or Plasma","Measurement",13,11,1689,1.16883116883117,0.483187400444837,2.88141599492464,0.838878770877535,"OK",1,5
3024561,"Albumin [Mass/volume] in Serum or Plasma","Measurement",13,13,1689,0.989010989010989,0.422394352684814,2.31570978676027,1,"OK",1,5
3002590,"Prealbumin [Mass/volume] in Serum or Plasma by Electrophoresis","Measurement",13,11,1689,1.16883116883117,0.483187400444837,2.88141599492464,0.838878770877535,"OK",1,5
3028110,"Bile acid [Moles/volume] in Serum or Plasma","Measurement",12,10,1689,1.18681318681319,0.469932698312105,3.06660871711889,0.831868367979581,"OK",1,5
3023599,"MCV [Entitic volume] by Automated count","Measurement",12,6,1689,1.97802197802198,0.687066438783489,6.42334187430432,0.238014209314877,"OK",1,5
3028286,"Albumin [Mass/volume] in Serum or Plasma by Electrophoresis","Measurement",0,0,1689,NA,NA,NA,NA,"SUPPRESSED_MINCELL",NA,5
3028437,"Cholesterol in LDL [Mass/volume] in Serum or Plasma","Measurement",11,13,1689,0.836855452240068,0.339465991063909,2.02435480619732,0.688498957029903,"OK",1,5
3005029,"Protein [Mass/volume] in Body fluid","Measurement",0,0,1689,NA,NA,NA,NA,"SUPPRESSED_MINCELL",NA,5
3002656,"Lipoproteins [Mass/volume] in Serum or Plasma","Measurement",11,11,1689,0.989010989010989,0.388845635891826,2.5155039586367,1,"OK",1,5
3017732,"Neutrophils [#/volume] in Blood","Measurement",11,10,1689,1.08791208791209,0.419449024039834,2.85732580421026,1,"OK",1,5
3001604,"Monocytes [#/volume] in Blood","Measurement",10,11,1689,0.899100899100899,0.342328037965851,2.33197046678931,0.830934303357245,"OK",1,5
3018010,"Neutrophils/100 leukocytes in Blood","Measurement",10,14,1689,0.706436420722135,0.280737450557329,1.7100290632735,0.421937626748147,"OK",1,5
3052964,"Fibrinogen [Mass/volume] in Platelet poor plasma by Coagulation.derived","Measurement",10,7,1689,1.41287284144427,0.485468015931591,4.37331432498728,0.629149409371415,"OK",1,5
3035995,"Alkaline phosphatase [Enzymatic activity/volume] in Serum or Plasma","Measurement",10,14,1689,0.706436420722135,0.280737450557329,1.7100290632735,0.421937626748147,"OK",1,5
3039312,"Plateletcrit [Volume Fraction] in Blood","Measurement",10,7,1689,1.41287284144427,0.485468015931591,4.37331432498728,0.629149409371415,"OK",1,5
3007242,"Bilirubin.indirect [Moles/volume] in Serum or Plasma","Measurement",10,7,1689,1.41287284144427,0.485468015931591,4.37331432498728,0.629149409371415,"OK",1,5
46235078,"Potassium [Moles/volume] in Serum, Plasma or Blood","Measurement",10,12,1689,0.824175824175824,0.318965615314454,2.08145281206813,0.676035253486583,"OK",1,5
3003805,"Alpha fucosidase [Enzymatic activity/volume] in Serum or Plasma","Measurement",10,11,1689,0.899100899100899,0.342328037965851,2.33197046678931,0.830934303357245,"OK",1,5
3010457,"Eosinophils/100 leukocytes in Blood by Automated count","Measurement",10,7,1689,1.41287284144427,0.485468015931591,4.37331432498728,0.629149409371415,"OK",1,5
3037511,"Lymphocytes/100 leukocytes in Blood by Automated count","Measurement",10,12,1689,0.824175824175824,0.318965615314454,2.08145281206813,0.676035253486583,"OK",1,5
3022096,"Basophils/100 leukocytes in Blood","Measurement",9,9,1689,0.989010989010989,0.347834644667597,2.8120911800469,1,"OK",1,5
3028465,"Gamma glutamyl transferase [Enzymatic activity/volume] in Body fluid","Measurement",9,5,1689,1.78021978021978,0.535781890760627,6.76195420783853,0.424050893074055,"OK",1,5
3032567,"Hepatitis B virus DNA [Units/volume] (viral load) in Serum or Plasma by NAA with probe detection","Measurement",9,11,1689,0.809190809190809,0.296383575125886,2.14793663077142,0.661947246494313,"OK",1,5
46236948,"Glucose [Moles/volume] in Serum, Plasma or Blood","Measurement",9,9,1689,0.989010989010989,0.347834644667597,2.8120911800469,1,"OK",1,5
46235784,"Sodium [Moles/volume] in Serum, Plasma or Blood","Measurement",8,8,1689,0.989010989010989,0.323562681974137,3.0230394012579,1,"OK",1,5
3007070,"Cholesterol in HDL [Mass/volume] in Serum or Plasma","Measurement",8,8,1689,0.989010989010989,0.323562681974137,3.0230394012579,1,"OK",1,5
43534077,"Urea [Moles/volume] in Blood","Measurement",8,14,1689,0.565149136577708,0.205417065045667,1.44352158071969,0.207659312089165,"OK",1,5
3031305,"aPTT panel - Platelet poor plasma","Measurement",0,0,1689,NA,NA,NA,NA,"SUPPRESSED_MINCELL",NA,5
3000905,"Leukocytes [#/volume] in Blood by Automated count","Measurement",8,6,1689,1.31868131868132,0.401239302550702,4.61092607672553,0.79057209739999,"OK",1,5
3024128,"Bilirubin.total [Mass/volume] in Serum or Plasma","Measurement",8,8,1689,0.989010989010989,0.323562681974137,3.0230394012579,1,"OK",1,5
46236949,"Alanine aminotransferase [Enzymatic activity/volume] in Serum, Plasma or Blood","Measurement",8,5,1689,1.58241758241758,0.456441532308291,6.14777431341342,0.581131409213741,"OK",1,5
3016723,"Creatinine [Mass/volume] in Serum or Plasma","Measurement",7,8,1689,0.865384615384615,0.26714193388933,2.73101450224279,0.802576597341842,"OK",1,5
3034426,"Prothrombin time (PT)","Measurement",0,0,1689,NA,NA,NA,NA,"SUPPRESSED_MINCELL",NA,5
3016682,"Platelets [#/volume] in Plasma by Automated count","Measurement",7,8,1689,0.865384615384615,0.26714193388933,2.73101450224279,0.802576597341842,"OK",1,5
3026710,"Lymphocytes [#/volume] in Blood by Flow cytometry (FC)","Measurement",7,12,1689,0.576923076923077,0.192442000627518,1.58937251248248,0.260653469476682,"OK",1,5
3027114,"Cholesterol [Mass/volume] in Serum or Plasma","Measurement",7,10,1689,0.692307692307692,0.223661658800923,2.01484485956811,0.478332282741811,"OK",1,5
46235079,"Carbon dioxide, total [Moles/volume] in Serum, Plasma or Blood","Measurement",6,9,1689,0.659340659340659,0.193117645012162,2.07417761682183,0.452065019053072,"OK",1,5
3016436,"Lactate dehydrogenase [Enzymatic activity/volume] in Serum or Plasma","Measurement",0,0,1689,NA,NA,NA,NA,"SUPPRESSED_MINCELL",NA,5
3005353,"Prothrombin activity actual/normal in Platelet poor plasma by Coagulation assay","Measurement",0,0,1689,NA,NA,NA,NA,"SUPPRESSED_MINCELL",NA,5
3014576,"Chloride [Moles/volume] in Serum or Plasma","Measurement",6,5,1689,1.18681318681319,0.301778263062208,4.91595195501057,1,"OK",1,5
42869583,"Hematocrit [Pure volume fraction] of Body fluid","Measurement",6,5,1689,1.18681318681319,0.301778263062208,4.91595195501057,1,"OK",1,5
3005162,"Calcium [Moles/volume] in Blood","Measurement",0,0,1689,NA,NA,NA,NA,"SUPPRESSED_MINCELL",NA,5
3010748,"Hematocrit/Hemoglobin [Ratio] of Blood by Automated count","Measurement",0,0,1689,NA,NA,NA,NA,"SUPPRESSED_MINCELL",NA,5
3026910,"Gamma glutamyl transferase [Enzymatic activity/volume] in Serum or Plasma","Measurement",5,9,1689,0.549450549450549,0.144653853948112,1.82563605312577,0.299154728156208,"OK",1,5
3032080,"INR in Blood by Coagulation assay","Measurement",0,0,1689,NA,NA,NA,NA,"SUPPRESSED_MINCELL",NA,5
3030366,"Cystatin C [Mass/volume] in Serum or Plasma","Measurement",5,5,1689,0.989010989010989,0.227613430817909,4.29738584788088,1,"OK",1,5
3031767,"Vascular endothelial growth factor [Mass/volume] in Serum or Plasma","Measurement",0,0,1689,NA,NA,NA,NA,"SUPPRESSED_MINCELL",NA,5
3016070,"Creatine kinase.MB [Enzymatic activity/volume] in Serum or Plasma by Electrophoresis","Measurement",5,7,1689,0.706436420722135,0.176797449181352,2.58568851799378,0.578983365158427,"OK",1,5
3009932,"Eosinophils [#/volume] in Blood by Manual count","Measurement",5,7,1689,0.706436420722135,0.176797449181352,2.58568851799378,0.578983365158427,"OK",1,5
3019900,"Cholesterol [Moles/volume] in Serum or Plasma","Measurement",0,0,1689,NA,NA,NA,NA,"SUPPRESSED_MINCELL",NA,5
42529199,"Cancer Ag 125 [Units/volume] in Serum or Plasma by Immunoassay","Measurement",0,0,1689,NA,NA,NA,NA,"SUPPRESSED_MINCELL",NA,5
3039902,"Granular casts [#/volume] in Urine by Computer assisted method","Measurement",0,0,1689,NA,NA,NA,NA,"SUPPRESSED_MINCELL",NA,5
3036887,"Ammonia [Mass/volume] in Plasma","Measurement",0,0,1689,NA,NA,NA,NA,"SUPPRESSED_MINCELL",NA,5
3019284,"Hepatitis B virus surface Ag [Presence] in Serum","Measurement",0,0,1689,NA,NA,NA,NA,"SUPPRESSED_MINCELL",NA,5
3009201,"Thyrotropin [Units/volume] in Serum or Plasma","Measurement",0,0,1689,NA,NA,NA,NA,"SUPPRESSED_MINCELL",NA,5
3010156,"C reactive protein [Mass/volume] in Serum or Plasma by High sensitivity method","Measurement",0,0,1689,NA,NA,NA,NA,"SUPPRESSED_MINCELL",NA,5
3017250,"Creatinine [Mass/volume] in Urine","Measurement",0,0,1689,NA,NA,NA,NA,"SUPPRESSED_MINCELL",NA,5
3015736,"pH of Urine","Measurement",0,0,1689,NA,NA,NA,NA,"SUPPRESSED_MINCELL",NA,5
3022177,"Hepatitis B virus core Ab [Units/volume] in Serum by Radioimmunoassay (RIA)","Measurement",0,0,1689,NA,NA,NA,NA,"SUPPRESSED_MINCELL",NA,5
3014791,"Apolipoprotein B [Mass/volume] in Serum or Plasma","Measurement",0,0,1689,NA,NA,NA,NA,"SUPPRESSED_MINCELL",NA,5
3006742,"Cancer Ag 15-3 [Presence] in Serum or Plasma","Measurement",0,0,1689,NA,NA,NA,NA,"SUPPRESSED_MINCELL",NA,5
3052318,"Alpha-1-Microglobulin [Mass/volume] in Urine","Measurement",0,0,1689,NA,NA,NA,NA,"SUPPRESSED_MINCELL",NA,5
3030981,"Hyaline casts [#/volume] in Urine by Automated count","Measurement",0,0,1689,NA,NA,NA,NA,"SUPPRESSED_MINCELL",NA,5
3011724,"Hepatitis B virus e Ag [Presence] in Serum by Radioimmunoassay (RIA)","Measurement",0,0,1689,NA,NA,NA,NA,"SUPPRESSED_MINCELL",NA,5
3029879,"Epithelial cells.squamous [#/volume] in Urine by Automated count","Measurement",0,0,1689,NA,NA,NA,NA,"SUPPRESSED_MINCELL",NA,5
3018095,"Leukocytes [#/volume] in Urine","Measurement",0,0,1689,NA,NA,NA,NA,"SUPPRESSED_MINCELL",NA,5
3018677,"aPTT in Platelet poor plasma by Coagulation assay","Measurement",0,0,1689,NA,NA,NA,NA,"SUPPRESSED_MINCELL",NA,5
3008342,"Neutrophils/100 leukocytes in Blood by Automated count","Measurement",0,0,1689,NA,NA,NA,NA,"SUPPRESSED_MINCELL",NA,5
3001019,"Free T4 and TSH panel - Serum or Plasma","Measurement",0,0,1689,NA,NA,NA,NA,"SUPPRESSED_MINCELL",NA,5
3015377,"Calcium [Moles/volume] in Serum or Plasma","Measurement",0,0,1689,NA,NA,NA,NA,"SUPPRESSED_MINCELL",NA,5
1002070,"Acarboxyprothrombin [Units/volume] in Serum or Plasma","Measurement",0,0,1689,NA,NA,NA,NA,"SUPPRESSED_MINCELL",NA,5
3018853,"Superoxide dismutase [Enzymatic activity/volume] in Plasma","Measurement",0,0,1689,NA,NA,NA,NA,"SUPPRESSED_MINCELL",NA,5
3024552,"Cancer Ag 19-9 [Presence] in Serum or Plasma","Measurement",0,0,1689,NA,NA,NA,NA,"SUPPRESSED_MINCELL",NA,5
3022764,"Mononuclear cells/100 leukocytes in Peritoneal fluid","Measurement",0,0,1689,NA,NA,NA,NA,"SUPPRESSED_MINCELL",NA,5
3026076,"Alpha hydroxybutyrate dehydrogenase [Enzymatic activity/volume] in Serum or Plasma","Measurement",0,0,1689,NA,NA,NA,NA,"SUPPRESSED_MINCELL",NA,5
3016407,"Fibrinogen [Mass/volume] in Platelet poor plasma by Coagulation assay","Measurement",0,0,1689,NA,NA,NA,NA,"SUPPRESSED_MINCELL",NA,5
36304079,"Mucus [Presence] in Urine sediment","Measurement",0,0,1689,NA,NA,NA,NA,"SUPPRESSED_MINCELL",NA,5
3003785,"Carcinoembryonic Ag [Mass/volume] in Serum or Plasma","Measurement",0,0,1689,NA,NA,NA,NA,"SUPPRESSED_MINCELL",NA,5
3027651,"Basophils [#/volume] in Blood by Manual count","Measurement",0,0,1689,NA,NA,NA,NA,"SUPPRESSED_MINCELL",NA,5
3012095,"Magnesium [Moles/volume] in Serum or Plasma","Measurement",0,0,1689,NA,NA,NA,NA,"SUPPRESSED_MINCELL",NA,5
3029790,"Creatine kinase.MB [Enzymatic activity/volume] in Serum or Plasma","Measurement",0,0,1689,NA,NA,NA,NA,"SUPPRESSED_MINCELL",NA,5
42529230,"Thyroxine (T4) [Mass/volume] in Serum or Plasma by Immunoassay","Measurement",0,0,1689,NA,NA,NA,NA,"SUPPRESSED_MINCELL",NA,5
3044042,"Cancer Ag 50 [Units/volume] in Serum or Plasma","Measurement",0,0,1689,NA,NA,NA,NA,"SUPPRESSED_MINCELL",NA,5
3007220,"Creatine kinase [Enzymatic activity/volume] in Serum or Plasma","Measurement",0,0,1689,NA,NA,NA,NA,"SUPPRESSED_MINCELL",NA,5
3004391,"Epithelial cells [#/volume] in Urine by Manual count","Measurement",0,0,1689,NA,NA,NA,NA,"SUPPRESSED_MINCELL",NA,5
3027144,"Progesterone [Mass/volume] in Serum or Plasma","Measurement",0,0,1689,NA,NA,NA,NA,"SUPPRESSED_MINCELL",NA,5
43534062,"3-epi-25-Hydroxyvitamin D3/25-hydroxyvitamin D.total in Serum or Plasma","Measurement",0,0,1689,NA,NA,NA,NA,"SUPPRESSED_MINCELL",NA,5
1989123,"Erythrocytes.ghost cells [#/volume] in Urine sediment by Computer assisted method","Measurement",0,0,1689,NA,NA,NA,NA,"SUPPRESSED_MINCELL",NA,5
3030511,"Albumin [Mass/volume] in 24 hour Urine by Electrophoresis","Measurement",0,0,1689,NA,NA,NA,NA,"SUPPRESSED_MINCELL",NA,5
3966438,"CE Ab [Presence] in Serum or Plasma","Measurement",0,0,1689,NA,NA,NA,NA,"SUPPRESSED_MINCELL",NA,5
46234929,"Hepatitis B virus e Ag [Presence] in Serum, Plasma or Blood by Rapid immunoassay","Measurement",0,0,1689,NA,NA,NA,NA,"SUPPRESSED_MINCELL",NA,5
3050146,"Prolactin [Mass/volume] in Serum or Plasma by 3rd IS","Measurement",0,0,1689,NA,NA,NA,NA,"SUPPRESSED_MINCELL",NA,5
3046279,"Procalcitonin [Mass/volume] in Serum or Plasma","Measurement",0,0,1689,NA,NA,NA,NA,"SUPPRESSED_MINCELL",NA,5
3045975,"IgA [Presence] in Serum","Measurement",0,0,1689,NA,NA,NA,NA,"SUPPRESSED_MINCELL",NA,5
46236951,"Amylase [Enzymatic activity/volume] in Serum, Plasma or Blood","Measurement",0,0,1689,NA,NA,NA,NA,"SUPPRESSED_MINCELL",NA,5
3012898,"Urea [Moles/volume] in Urine","Measurement",0,0,1689,NA,NA,NA,NA,"SUPPRESSED_MINCELL",NA,5
3009214,"Lutropin [Units/volume] in Serum or Plasma","Measurement",0,0,1689,NA,NA,NA,NA,"SUPPRESSED_MINCELL",NA,5
3014749,"Leukocytes [#/volume] in Urine by Test strip","Measurement",0,0,1689,NA,NA,NA,NA,"SUPPRESSED_MINCELL",NA,5
3037850,"Specific gravity of Body fluid","Measurement",0,0,1689,NA,NA,NA,NA,"SUPPRESSED_MINCELL",NA,5
3003470,"Hepatitis C virus Ab [Units/volume] in Serum by Immunoassay","Measurement",0,0,1689,NA,NA,NA,NA,"SUPPRESSED_MINCELL",NA,5
3037524,"Glucose-6-Phosphate dehydrogenase [Enzymatic activity/volume] in Red Blood Cells","Measurement",0,0,1689,NA,NA,NA,NA,"SUPPRESSED_MINCELL",NA,5
3010340,"Triiodothyronine (T3) [Mass/volume] in Serum or Plasma","Measurement",0,0,1689,NA,NA,NA,NA,"SUPPRESSED_MINCELL",NA,5
3007835,"Cancer Ag 125 [Presence] in Serum or Plasma","Measurement",0,0,1689,NA,NA,NA,NA,"SUPPRESSED_MINCELL",NA,5
3009931,"Hyaluronate [Mass/volume] in Serum or Plasma","Measurement",0,0,1689,NA,NA,NA,NA,"SUPPRESSED_MINCELL",NA,5
3023323,"Follitropin [Units/volume] in Serum or Plasma","Measurement",0,0,1689,NA,NA,NA,NA,"SUPPRESSED_MINCELL",NA,5
3000034,"Microalbumin [Mass/volume] in Urine","Measurement",0,0,1689,NA,NA,NA,NA,"SUPPRESSED_MINCELL",NA,5
3037121,"Protein [Mass/volume] in Urine","Measurement",0,0,1689,NA,NA,NA,NA,"SUPPRESSED_MINCELL",NA,5
40759253,"Cholesterol in HDL 2a [Moles/volume] in Serum or Plasma","Measurement",0,0,1689,NA,NA,NA,NA,"SUPPRESSED_MINCELL",NA,5
3018133,"Calcium [Moles/volume] in Urine","Measurement",0,0,1689,NA,NA,NA,NA,"SUPPRESSED_MINCELL",NA,5
3023202,"Hepatitis B virus e Ab [Units/volume] in Serum by Immunoassay","Measurement",0,0,1689,NA,NA,NA,NA,"SUPPRESSED_MINCELL",NA,5
3008143,"IgG [Presence] in Serum","Measurement",0,0,1689,NA,NA,NA,NA,"SUPPRESSED_MINCELL",NA,5
3008304,"Triiodothyronine (T3) [Moles/volume] in Serum or Plasma","Measurement",0,0,1689,NA,NA,NA,NA,"SUPPRESSED_MINCELL",NA,5
3005673,"Hemoglobin A1c/Hemoglobin.total in Blood by HPLC","Measurement",0,0,1689,NA,NA,NA,NA,"SUPPRESSED_MINCELL",NA,5
3027828,"Triiodothyronine (T3).reverse [Moles/volume] in Serum or Plasma","Measurement",0,0,1689,NA,NA,NA,NA,"SUPPRESSED_MINCELL",NA,5
3018913,"Phosphate [Moles/volume] in Blood","Measurement",0,0,1689,NA,NA,NA,NA,"SUPPRESSED_MINCELL",NA,5
3019209,"Epstein Barr virus capsid IgM Ab [Presence] in Serum by Immunoassay","Measurement",0,0,1689,NA,NA,NA,NA,"SUPPRESSED_MINCELL",NA,5
40770975,"Lactate dehydrogenase [Enzymatic activity/volume] in Peritoneal fluid by Lactate to pyruvate reaction","Measurement",0,0,1689,NA,NA,NA,NA,"SUPPRESSED_MINCELL",NA,5
3034639,"Hemoglobin A1c [Mass/volume] in Blood","Measurement",0,0,1689,NA,NA,NA,NA,"SUPPRESSED_MINCELL",NA,5
3029707,"Crystals [#/volume] in Urine by Automated count","Measurement",0,0,1689,NA,NA,NA,NA,"SUPPRESSED_MINCELL",NA,5
3008486,"Thyroxine (T4) free [Moles/volume] in Serum or Plasma","Measurement",0,0,1689,NA,NA,NA,NA,"SUPPRESSED_MINCELL",NA,5
3008641,"Thyroperoxidase Ab [Titer] in Serum or Plasma by Latex agglutination","Measurement",0,0,1689,NA,NA,NA,NA,"SUPPRESSED_MINCELL",NA,5
3019977,"pH of Arterial blood","Measurement",0,0,1689,NA,NA,NA,NA,"SUPPRESSED_MINCELL",NA,5
42869547,"Procollagen type III.N-terminal propeptide [Mass/volume] in Serum","Measurement",0,0,1689,NA,NA,NA,NA,"SUPPRESSED_MINCELL",NA,5
43055410,"Prostate Specific Ag Free/Prostate specific Ag.total [Pure mass fraction] in Serum or Plasma","Measurement",0,0,1689,NA,NA,NA,NA,"SUPPRESSED_MINCELL",NA,5
43055483,"Glucose in serum - glucose in peritoneal fluid [Molar concentration difference]","Measurement",0,0,1689,NA,NA,NA,NA,"SUPPRESSED_MINCELL",NA,5
40760007,"HIV 1+2 Ab+HIV1 p24 Ag [Presence] in Serum or Plasma by Immunoassay","Measurement",0,0,1689,1,NA,NA,1,"ZERO_EVENTS",1,5
1175715,"Chlamydophila pneumoniae IgM Ab [Presence] in Serum by Immunoassay","Measurement",0,0,1689,1,NA,NA,1,"ZERO_EVENTS",1,5
1259742,"Aldosterone/Renin [Ratio] in Serum or Plasma","Measurement",0,0,1689,1,NA,NA,1,"ZERO_EVENTS",1,5
1617274,"Carbon dioxide, total [Moles/volume] in Central venous blood","Measurement",0,0,1689,1,NA,NA,1,"ZERO_EVENTS",1,5
1617538,"24 hour predicted protein [Mass/time] based on random Urine by calculation","Measurement",0,0,1689,NA,NA,NA,NA,"SUPPRESSED_MINCELL",NA,5
1988100,"Leukocytes [#/volume] in Peritoneal dialysis fluid by Automated count","Measurement",0,0,1689,NA,NA,NA,NA,"SUPPRESSED_MINCELL",NA,5
1988277,"Alpha-1-Fetoprotein L3 [Mass/volume] in Serum or Plasma by Immunoassay","Measurement",0,0,1689,1,NA,NA,1,"ZERO_EVENTS",1,5
1988606,"C reactive protein [Units/volume] in Body fluid","Measurement",0,0,1689,1,NA,NA,1,"ZERO_EVENTS",1,5
3000060,"B lymphocytes [#/volume] in Blood","Measurement",0,0,1689,1,NA,NA,1,"ZERO_EVENTS",1,5
3000067,"Parathyrin.intact [Mass/volume] in Serum or Plasma","Measurement",0,0,1689,1,NA,NA,1,"ZERO_EVENTS",1,5
3000659,"Cytokeratin 19 [Mass/volume] in Serum or Plasma","Measurement",0,0,1689,1,NA,NA,1,"ZERO_EVENTS",1,5
3001186,"Copper [Moles/volume] in Serum or Plasma","Measurement",0,0,1689,1,NA,NA,1,"ZERO_EVENTS",1,5
3001405,"CD3+CD8+ (T8 suppressor) cells [#/volume] in Blood","Measurement",0,0,1689,1,NA,NA,1,"ZERO_EVENTS",1,5
3001582,"Protein/Creatinine [Mass Ratio] in Urine","Measurement",0,0,1689,1,NA,NA,1,"ZERO_EVENTS",1,5
3001643,"Hemoglobin and Hematocrit panel - Blood","Measurement",0,0,1689,1,NA,NA,1,"ZERO_EVENTS",1,5
3002032,"Base excess in Venous blood by calculation","Measurement",0,0,1689,1,NA,NA,1,"ZERO_EVENTS",1,5
3002532,"Iron binding capacity.unsaturated [Moles/volume] in Serum or Plasma","Measurement",0,0,1689,1,NA,NA,1,"ZERO_EVENTS",1,5
3002736,"Platelet distribution width [Entitic volume] in Blood by Automated count","Measurement",0,0,1689,1,NA,NA,1,"ZERO_EVENTS",1,5
3002971,"Nuclear Ab [Titer] in Serum by Immunofluorescence","Measurement",0,0,1689,NA,NA,NA,NA,"SUPPRESSED_MINCELL",NA,5
3003185,"Cytomegalovirus IgG Ab [Units/volume] in Serum or Plasma by Immunofluorescence","Measurement",0,0,1689,1,NA,NA,1,"ZERO_EVENTS",1,5
3003745,"Microscopic observation [Identifier] in Urine by Gram stain","Measurement",0,0,1689,1,NA,NA,1,"ZERO_EVENTS",1,5
3004327,"Lymphocytes [#/volume] in Blood by Automated count","Measurement",0,0,1689,1,NA,NA,1,"ZERO_EVENTS",1,5
3004789,"Transferrin [Mass/volume] in Serum or Plasma","Measurement",0,0,1689,1,NA,NA,1,"ZERO_EVENTS",1,5
3004905,"Lipase [Enzymatic activity/volume] in Serum or Plasma","Measurement",0,0,1689,1,NA,NA,1,"ZERO_EVENTS",1,5
3005895,"Myoglobin [Mass/volume] in Serum or Plasma","Measurement",0,0,1689,1,NA,NA,1,"ZERO_EVENTS",1,5
3005996,"Glucose [Mass/volume] in Serum or Plasma --3 hours post 1.2 g/kg lactose PO","Measurement",0,0,1689,1,NA,NA,1,"ZERO_EVENTS",1,5
3006297,"Platelets [#/volume] in Plasma","Measurement",0,0,1689,1,NA,NA,1,"ZERO_EVENTS",1,5
3006453,"Hepatitis B virus surface Ab [Presence] in Serum by Immunoassay","Measurement",0,0,1689,1,NA,NA,1,"ZERO_EVENTS",1,5
3006576,"Bicarbonate [Moles/volume] in Blood","Measurement",0,0,1689,1,NA,NA,1,"ZERO_EVENTS",1,5
3006588,"Cancer Ag 15-3 [Units/volume] in Serum or Plasma","Measurement",0,0,1689,1,NA,NA,1,"ZERO_EVENTS",1,5
3007210,"Streptococcus pyogenes enzyme Ab [Presence] in Serum by Sheep Cell Agglutination","Measurement",0,0,1689,1,NA,NA,1,"ZERO_EVENTS",1,5
3008364,"Apolipoprotein A-I [Mass/volume] in Serum or Plasma","Measurement",0,0,1689,NA,NA,NA,NA,"SUPPRESSED_MINCELL",NA,5
3008893,"Testosterone [Mass/volume] in Serum or Plasma","Measurement",0,0,1689,1,NA,NA,1,"ZERO_EVENTS",1,5
3009105,"Erythrocytes [#/volume] in Urine by Test strip","Measurement",0,0,1689,NA,NA,NA,NA,"SUPPRESSED_MINCELL",NA,5
3009577,"Iron binding capacity [Moles/volume] in Serum or Plasma","Measurement",0,0,1689,NA,NA,NA,NA,"SUPPRESSED_MINCELL",NA,5
3009609,"Carbon dioxide, total [Moles/volume] in Arterial blood","Measurement",0,0,1689,1,NA,NA,1,"ZERO_EVENTS",1,5
3010084,"C peptide [Mass/volume] in Serum or Plasma","Measurement",0,0,1689,1,NA,NA,1,"ZERO_EVENTS",1,5
3010813,"Leukocytes [#/volume] in Blood","Measurement",0,0,1689,NA,NA,NA,NA,"SUPPRESSED_MINCELL",NA,5
3010963,"Hepatitis B virus e Ab [Units/volume] in Serum by Radioimmunoassay (RIA)","Measurement",0,0,1689,NA,NA,NA,NA,"SUPPRESSED_MINCELL",NA,5
3011412,"CD3 cells [#/volume] in Blood","Measurement",0,0,1689,1,NA,NA,1,"ZERO_EVENTS",1,5
3011516,"Hepatitis B virus e Ag [Units/volume] in Serum by Immunoassay","Measurement",0,0,1689,1,NA,NA,1,"ZERO_EVENTS",1,5
3011705,"Protein [Mass/volume] in 24 hour Urine","Measurement",0,0,1689,NA,NA,NA,NA,"SUPPRESSED_MINCELL",NA,5
3011904,"Phosphate [Mass/volume] in Serum or Plasma","Measurement",0,0,1689,1,NA,NA,1,"ZERO_EVENTS",1,5
3011958,"Ammonia [Moles/volume] in Plasma","Measurement",0,0,1689,NA,NA,NA,NA,"SUPPRESSED_MINCELL",NA,5
3012413,"Glucose [Moles/volume] in Serum or Plasma --2 hours post meal","Measurement",0,0,1689,NA,NA,NA,NA,"SUPPRESSED_MINCELL",NA,5
3012516,"Albumin [Mass/volume] in Urine","Measurement",0,0,1689,1,NA,NA,1,"ZERO_EVENTS",1,5
3013201,"Beta-2-Microglobulin [Mass/volume] in Serum or Plasma","Measurement",0,0,1689,1,NA,NA,1,"ZERO_EVENTS",1,5
3014323,"Glucose [Interpretation] in Serum or Plasma--1 hour post dose glucose","Measurement",0,0,1689,1,NA,NA,1,"ZERO_EVENTS",1,5
3015242,"Ferritin [Mass/volume] in Serum or Plasma by Immunoassay","Measurement",0,0,1689,1,NA,NA,1,"ZERO_EVENTS",1,5
3015759,"IgM [Presence] in Serum","Measurement",0,0,1689,1,NA,NA,1,"ZERO_EVENTS",1,5
3015774,"Calcium.ionized [Moles/volume] in Serum or Plasma by calculation","Measurement",0,0,1689,1,NA,NA,1,"ZERO_EVENTS",1,5
3016083,"Glucose [Mass/volume] in 24 hour Peritoneal dialysis fluid","Measurement",0,0,1689,NA,NA,NA,NA,"SUPPRESSED_MINCELL",NA,5
3016228,"CD19 cells/100 cells in Blood","Measurement",0,0,1689,1,NA,NA,1,"ZERO_EVENTS",1,5
3016523,"Insulin [Moles/volume] in Serum or Plasma","Measurement",0,0,1689,1,NA,NA,1,"ZERO_EVENTS",1,5
3016724,"Homocysteine [Moles/volume] in Serum or Plasma","Measurement",0,0,1689,1,NA,NA,1,"ZERO_EVENTS",1,5
3016771,"Amylase [Enzymatic activity/volume] in Serum or Plasma","Measurement",0,0,1689,NA,NA,NA,NA,"SUPPRESSED_MINCELL",NA,5
3016906,"Vancomycin [Mass/volume] in Body fluid","Measurement",0,0,1689,1,NA,NA,1,"ZERO_EVENTS",1,5
3017572,"Hemoglobin A2 [Presence] in Blood","Measurement",0,0,1689,1,NA,NA,1,"ZERO_EVENTS",1,5
3018163,"Specimen specific gravity acceptable [Presence] in Urine","Measurement",0,0,1689,1,NA,NA,1,"ZERO_EVENTS",1,5
3018171,"Choriogonadotropin [Units/volume] in Serum or Plasma","Measurement",0,0,1689,1,NA,NA,1,"ZERO_EVENTS",1,5
3018387,"Mycoplasma pneumoniae IgG Ab [Units/volume] in Serum","Measurement",0,0,1689,1,NA,NA,1,"ZERO_EVENTS",1,5
3019231,"Epstein Barr virus capsid IgG Ab [Presence] in Serum by Immunoassay","Measurement",0,0,1689,1,NA,NA,1,"ZERO_EVENTS",1,5
3019446,"Platelet mean diameter [Entitic length] in Blood","Measurement",0,0,1689,1,NA,NA,1,"ZERO_EVENTS",1,5
3019897,"Erythrocyte distribution width [Ratio] by Automated count","Measurement",0,0,1689,1,NA,NA,1,"ZERO_EVENTS",1,5
3019930,"Urea nitrogen [Mass/volume] in Body fluid","Measurement",0,0,1689,1,NA,NA,1,"ZERO_EVENTS",1,5
3021082,"Mycoplasma pneumoniae IgM Ab [Presence] in Serum","Measurement",0,0,1689,1,NA,NA,1,"ZERO_EVENTS",1,5
3021200,"Thyroglobulin Ab [Units/volume] in Serum by Radioimmunoassay (RIA)","Measurement",0,0,1689,1,NA,NA,1,"ZERO_EVENTS",1,5
3021329,"Hemoglobin F [Presence] in Specimen","Measurement",0,0,1689,1,NA,NA,1,"ZERO_EVENTS",1,5
3021797,"Glucose-6-Phosphate dehydrogenase [Enzymatic activity/volume] in Serum","Measurement",0,0,1689,NA,NA,NA,NA,"SUPPRESSED_MINCELL",NA,5
3022466,"Insulin [Mass/volume] in Serum or Plasma","Measurement",0,0,1689,1,NA,NA,1,"ZERO_EVENTS",1,5
3022533,"CD3 cells/100 cells in Blood","Measurement",0,0,1689,1,NA,NA,1,"ZERO_EVENTS",1,5
3022893,"Aspartate aminotransferase/Alanine aminotransferase [Enzymatic activity ratio] in Serum or Plasma","Measurement",0,0,1689,1,NA,NA,1,"ZERO_EVENTS",1,5
3022948,"Iron [Moles/volume] in Serum or Plasma","Measurement",0,0,1689,1,NA,NA,1,"ZERO_EVENTS",1,5
3022976,"Prolactin [Units/volume] in Serum or Plasma by 3rd IS","Measurement",0,0,1689,1,NA,NA,1,"ZERO_EVENTS",1,5
3023314,"Hematocrit [Volume Fraction] of Blood by Automated count","Measurement",0,0,1689,1,NA,NA,1,"ZERO_EVENTS",1,5
3023608,"Herpes simplex virus 2 IgM Ab [Titer] in Serum","Measurement",0,0,1689,1,NA,NA,1,"ZERO_EVENTS",1,5
3024731,"MCV [Entitic volume]","Measurement",0,0,1689,1,NA,NA,1,"ZERO_EVENTS",1,5
3025271,"CD3-CD16+CD56+ (Natural killer) cells [#/volume] in Blood","Measurement",0,0,1689,1,NA,NA,1,"ZERO_EVENTS",1,5
3025285,"Estradiol (E2) [Mass/volume] in Serum or Plasma","Measurement",0,0,1689,1,NA,NA,1,"ZERO_EVENTS",1,5
3025678,"Hemoglobin H [Presence] in Blood by Heat denaturation","Measurement",0,0,1689,1,NA,NA,1,"ZERO_EVENTS",1,5
3025887,"Neutrophils.hypersegmented/100 leukocytes in Blood by Manual count","Measurement",0,0,1689,1,NA,NA,1,"ZERO_EVENTS",1,5
3026692,"Albumin [Mass/volume] in Peritoneal fluid","Measurement",0,0,1689,1,NA,NA,1,"ZERO_EVENTS",1,5
3027206,"Corticotropin [Mass/volume] in Plasma by Radioimmunoassay (RIA)","Measurement",0,0,1689,1,NA,NA,1,"ZERO_EVENTS",1,5
3027215,"Base excess standard in Venous blood by calculation","Measurement",0,0,1689,1,NA,NA,1,"ZERO_EVENTS",1,5
3027801,"Oxygen [Partial pressure] in Arterial blood","Measurement",0,0,1689,1,NA,NA,1,"ZERO_EVENTS",1,5
3028167,"CD3+CD4+ (T4 helper) cells [#/volume] in Blood","Measurement",0,0,1689,1,NA,NA,1,"ZERO_EVENTS",1,5
3029187,"Natriuretic peptide.B prohormone N-Terminal [Mass/volume] in Serum or Plasma","Measurement",0,0,1689,1,NA,NA,1,"ZERO_EVENTS",1,5
3029794,"Leukocyte clumps [#/volume] in Urine by Automated count","Measurement",0,0,1689,NA,NA,NA,NA,"SUPPRESSED_MINCELL",NA,5
3029991,"Specific gravity of Urine by Refractometry automated","Measurement",0,0,1689,1,NA,NA,1,"ZERO_EVENTS",1,5
3030306,"Epithelial cells.non-squamous [#/volume] in Urine by Automated count","Measurement",0,0,1689,1,NA,NA,1,"ZERO_EVENTS",1,5
3030929,"Transferrin.carbohydrate deficient.XXX/Transferrin.total in Serum or Plasma","Measurement",0,0,1689,1,NA,NA,1,"ZERO_EVENTS",1,5
3031987,"Alpha-1-Fetoprotein L3/Alpha-1-fetoprotein.total in Serum or Plasma","Measurement",0,0,1689,1,NA,NA,1,"ZERO_EVENTS",1,5
3033252,"Adenosine deaminase [Enzymatic activity/volume] in Peritoneal fluid","Measurement",0,0,1689,NA,NA,NA,NA,"SUPPRESSED_MINCELL",NA,5
3034485,"Albumin/Creatinine [Mass Ratio] in Urine","Measurement",0,0,1689,1,NA,NA,1,"ZERO_EVENTS",1,5
3035529,"Creatinine renal clearance predicted by Cockcroft-Gault formula","Measurement",0,0,1689,1,NA,NA,1,"ZERO_EVENTS",1,5
3036428,"Adenosine deaminase [Enzymatic activity/volume] in Pleural fluid","Measurement",0,0,1689,1,NA,NA,1,"ZERO_EVENTS",1,5
3036677,"Immunoglobulin light chains [Mass/volume] in Urine","Measurement",0,0,1689,NA,NA,NA,NA,"SUPPRESSED_MINCELL",NA,5
3037202,"Fibrin+Fibrinogen fragments [Mass/volume] in Serum","Measurement",0,0,1689,1,NA,NA,1,"ZERO_EVENTS",1,5
3038315,"Erythrocytes.dysmorphic/100 erythrocytes in Urine sediment by Light microscopy","Measurement",0,0,1689,1,NA,NA,1,"ZERO_EVENTS",1,5
3038334,"Lactate dehydrogenase in peritoneal fluid/Lactate dehydrogenase in serum","Measurement",0,0,1689,NA,NA,NA,NA,"SUPPRESSED_MINCELL",NA,5
3039426,"Oxygen saturation Calculated from oxygen partial pressure in Arterial blood","Measurement",0,0,1689,1,NA,NA,1,"ZERO_EVENTS",1,5
3040139,"Yeast.hyphae [#/volume] in Urine by Computer assisted method","Measurement",0,0,1689,NA,NA,NA,NA,"SUPPRESSED_MINCELL",NA,5
3040208,"Hepatitis E virus IgM Ab [Units/volume] in Serum","Measurement",0,0,1689,1,NA,NA,1,"ZERO_EVENTS",1,5
3040659,"Glucose [Moles/volume] in Serum or Plasma --1 hour post meal","Measurement",0,0,1689,1,NA,NA,1,"ZERO_EVENTS",1,5
3042968,"Herpes simplex virus 1 and 2 IgM Ab [Interpretation] in Serum","Measurement",0,0,1689,1,NA,NA,1,"ZERO_EVENTS",1,5
3044169,"IgA Ab [Presence] in Serum or Plasma","Measurement",0,0,1689,1,NA,NA,1,"ZERO_EVENTS",1,5
3045716,"Anion gap in Serum or Plasma","Measurement",0,0,1689,1,NA,NA,1,"ZERO_EVENTS",1,5
3046044,"N-acetyl-beta-glucosaminidase [Enzymatic activity/volume] in Urine","Measurement",0,0,1689,1,NA,NA,1,"ZERO_EVENTS",1,5
3046743,"Choriogonadotropin [Presence] in Control Serum","Measurement",0,0,1689,1,NA,NA,1,"ZERO_EVENTS",1,5
3048516,"Microalbumin/Protein.total in 24 hour Urine","Measurement",0,0,1689,1,NA,NA,1,"ZERO_EVENTS",1,5
3049408,"Hepatitis B virus surface Ag [Presence] in Serum from Donor by Immunoassay","Measurement",0,0,1689,1,NA,NA,1,"ZERO_EVENTS",1,5
3051714,"Fibrin D-dimer FEU [Mass/volume] in Platelet poor plasma","Measurement",0,0,1689,NA,NA,NA,NA,"SUPPRESSED_MINCELL",NA,5
3052007,"Protein Fractions [Interpretation] in Body fluid","Measurement",0,0,1689,1,NA,NA,1,"ZERO_EVENTS",1,5
4263457,"Aspartate aminotransferase measurement","Measurement",0,0,1689,1,NA,NA,1,"ZERO_EVENTS",1,5
21491346,"Pathologic casts [#/volume] in Urine by Automated count","Measurement",0,0,1689,1,NA,NA,1,"ZERO_EVENTS",1,5
21491865,"Prolactin.dimeric/Prolactin in Serum or Plasma","Measurement",0,0,1689,1,NA,NA,1,"ZERO_EVENTS",1,5
21493866,"Erythrocytes [#/volume] in Peritoneal dialysis fluid by Automated count","Measurement",0,0,1689,1,NA,NA,1,"ZERO_EVENTS",1,5
36031203,"Mononuclear cells [#] in Blood product unit","Measurement",0,0,1689,1,NA,NA,1,"ZERO_EVENTS",1,5
36032009,"pH of Prostatic fluid","Measurement",0,0,1689,1,NA,NA,1,"ZERO_EVENTS",1,5
36203209,"Erythrocytes.EMA mean fluorescence intensity actual/normal in Blood by Flow cytometry (FC)","Measurement",0,0,1689,1,NA,NA,1,"ZERO_EVENTS",1,5
36305091,"Oxyhemoglobin [Mass/volume] in Plasma","Measurement",0,0,1689,1,NA,NA,1,"ZERO_EVENTS",1,5
40758521,"Insulin [Moles/volume] in Serum or Plasma --1 minute post XXX challenge","Measurement",0,0,1689,1,NA,NA,1,"ZERO_EVENTS",1,5
40759718,"Epstein Barr virus early IgM Ab [Units/volume] in Serum by Immunoassay","Measurement",0,0,1689,NA,NA,NA,NA,"SUPPRESSED_MINCELL",NA,5
40760213,"Phenol [Mass/volume] adjusted to specific gravity 1.024 in Urine","Measurement",0,0,1689,NA,NA,NA,NA,"SUPPRESSED_MINCELL",NA,5
40760528,"Thyrotropin receptor Ab [Units/volume] in Serum by Immunoassay","Measurement",0,0,1689,1,NA,NA,1,"ZERO_EVENTS",1,5
40760909,"Oxygen content in Blood by calculation","Measurement",0,0,1689,1,NA,NA,1,"ZERO_EVENTS",1,5
40762352,"Hemoglobin A1c/Hemoglobin.total in Blood by IFCC protocol","Measurement",0,0,1689,1,NA,NA,1,"ZERO_EVENTS",1,5
40768035,"Tr sup(a) Ab [Presence] in Serum or Plasma","Measurement",0,0,1689,1,NA,NA,1,"ZERO_EVENTS",1,5
40768039,"Oxygen [Partial pressure] saturation adjusted to 0.5 in Blood","Measurement",0,0,1689,1,NA,NA,1,"ZERO_EVENTS",1,5
40769783,"Troponin T.cardiac [Mass/volume] in Serum or Plasma by High sensitivity method","Measurement",0,0,1689,1,NA,NA,1,"ZERO_EVENTS",1,5
42529190,"Alpha-1-Fetoprotein [Mass/volume] in Serum or Plasma by Immunoassay","Measurement",0,0,1689,1,NA,NA,1,"ZERO_EVENTS",1,5
42529194,"Beta-2-Microglobulin [Mass/volume] in Urine by Immunoassay","Measurement",0,0,1689,NA,NA,NA,NA,"SUPPRESSED_MINCELL",NA,5
42529205,"Cortisol [Mass/volume] in Serum or Plasma by Immunoassay","Measurement",0,0,1689,1,NA,NA,1,"ZERO_EVENTS",1,5
42529231,"Thyroxine (T4) [Moles/volume] in Serum or Plasma by Immunoassay","Measurement",0,0,1689,1,NA,NA,1,"ZERO_EVENTS",1,5
42529254,"Triiodothyronine (T3) [Moles/volume] in Serum or Plasma by Immunoassay","Measurement",0,0,1689,1,NA,NA,1,"ZERO_EVENTS",1,5
42868453,"Bicarbonate [Moles/volume] standard in Plasma","Measurement",0,0,1689,1,NA,NA,1,"ZERO_EVENTS",1,5
42868533,"Mononuclear cells [#/volume] in Peritoneal fluid by Automated count","Measurement",0,0,1689,NA,NA,NA,NA,"SUPPRESSED_MINCELL",NA,5
42869548,"Treponema pallidum Ab [Titer] in Serum or Plasma by Agglutination","Measurement",0,0,1689,1,NA,NA,1,"ZERO_EVENTS",1,5
43533605,"Anion gap 4 in Capillary blood","Measurement",0,0,1689,1,NA,NA,1,"ZERO_EVENTS",1,5
46234928,"Hepatitis B virus e Ab [Presence] in Serum, Plasma or Blood by Rapid immunoassay","Measurement",0,0,1689,1,NA,NA,1,"ZERO_EVENTS",1,5
46234930,"Hepatitis B virus surface Ab [Presence] in Serum, Plasma or Blood by Rapid immunoassay","Measurement",0,0,1689,NA,NA,NA,NA,"SUPPRESSED_MINCELL",NA,5
