"outcome_concept_id","outcome_name","outcome_domain","post_events","pre_events","n_exposures","irr","ci95l","ci95u","p","reason_code","p_adj","min_cell_count"
4281232,"Type B viral hepatitis","Condition",1144,438,1689,2.52761820592134,2.26204659027577,2.8283599283189,7.3601342278401e-68,"OK",1.10770020128994e-65,5
194574,"Chronic type B viral hepatitis","Condition",989,385,1689,2.48596564725597,2.20760964362891,2.80389036679994,2.68598210727268e-57,"OK",2.69493538096359e-55,5
4173584,"Chronic active type B viral hepatitis","Condition",942,313,1689,2.91250128826136,2.56019176883051,3.32044674598681,3.12695953003048e-69,"OK",9.41214818539174e-67,5
4064161,"Cirrhosis of liver","Condition",423,175,1689,2.33917050691244,1.95678269782484,2.80599852526514,5.71539117230356e-23,"OK",4.30083185715843e-21,5
4318541,"Cholestatic hepatitis","Condition",188,58,1689,3.13681868743048,2.32543505495767,4.28687911160746,2.06792050936758e-16,"OK",1.24488814663928e-14,5
4296301,"Hepatic congestion","Condition",153,63,1689,2.35023041474654,1.74168711669215,3.20395798386857,3.0261436724518e-09,"OK",1.51811540901332e-07,5
45772057,"Cirrhosis of liver due to hepatitis B","Condition",122,64,1689,1.84475806451613,1.35232270223325,2.53712891031968,5.09580352031333e-05,"OK",0.00219119551373473,5
443392,"Malignant neoplastic disease","Condition",88,83,1689,1.02603964244073,0.751482998748909,1.40195911026401,0.878719947184181,"OK",1,5
37116804,"Improved dentition","Condition",56,77,1689,0.703812316715543,0.489725193903106,1.00598931058728,0.0462357146401474,"OK",1,5
3006923,"Alanine aminotransferase [Enzymatic activity/volume] in Serum or Plasma","Measurement",28,13,1689,2.08436724565757,1.04475459571583,4.38335102931408,0.0283787483292697,"OK",0.949111471901131,5
45771255,"Compensated liver disease","Condition",20,31,1689,0.624349635796046,0.337272735723386,1.13083953385304,0.122689391565655,"OK",1,5
3020630,"Protein [Mass/volume] in Serum or Plasma","Measurement",19,10,1689,1.83870967741935,0.813468690875169,4.42707492553051,0.137569368589736,"OK",1,5
4225273,"Chronic gastritis","Condition",19,27,1689,0.681003584229391,0.35788578386551,1.27098974980193,0.238094200049329,"OK",1,5
24966,"Esophageal varices","Condition",16,22,1689,0.703812316715542,0.345515793571304,1.40292849452402,0.331262143985937,"OK",1,5
3013721,"Aspartate aminotransferase [Enzymatic activity/volume] in Serum or Plasma","Measurement",16,10,1689,1.54838709677419,0.660651478472834,3.81689550979912,0.328639469558607,"OK",1,5
3043688,"Hemoglobin [Mass/volume] in Body fluid","Measurement",15,14,1689,1.036866359447,0.466619181577996,2.31846965349613,1,"OK",1,5
4225905,"Liver cyst","Condition",14,17,1689,0.79696394686907,0.363704564545149,1.71787632953882,0.592054933629599,"OK",1,5
196951,"Chronic congestive splenomegaly","Condition",14,38,1689,0.356536502546689,0.178440759471236,0.673174344266102,0.000710052527180433,"OK",0.0267157263351638,5
3964927,"Monocytes/100 leukocytes in Blood by Flow cytometry (FC)","Measurement",13,6,1689,2.09677419354839,0.74355647427731,6.72736813426227,0.168152885504299,"OK",1,5
3024386,"Platelet mean volume [Entitic volume] in Blood by Rees-Ecker","Measurement",13,16,1689,0.786290322580645,0.347938729961357,1.74348524776078,0.579893665754843,"OK",1,5
3010568,"Globulin [Mass/volume] in Plasma","Measurement",13,12,1689,1.04838709677419,0.441024145709809,2.51374478895233,1,"OK",1,5
3010866,"Cholinesterase [Enzymatic activity/volume] in Serum or Plasma","Measurement",12,9,1689,1.29032258064516,0.498992210500801,3.46743623022792,0.664526711411479,"OK",1,5
3039417,"Platelet distribution width [Ratio] in Blood","Measurement",12,12,1689,0.967741935483871,0.397662948653111,2.35507093850731,1,"OK",1,5
3020416,"Erythrocytes [#/volume] in Blood by Automated count","Measurement",12,8,1689,1.45161290322581,0.545637871013453,4.0939329853389,0.504605753052077,"OK",1,5
3001127,"Alpha 1 antitrypsin [Mass/volume] in Serum or Plasma by Nephelometry","Measurement",11,7,1689,1.52073732718894,0.538356814306659,4.62659950162422,0.481758045597836,"OK",1,5
3023599,"MCV [Entitic volume] by Automated count","Measurement",0,0,1689,NA,NA,NA,NA,"SUPPRESSED_MINCELL",NA,5
3025839,"Triglyceride [Moles/volume] in Serum or Plasma","Measurement",11,12,1689,0.887096774193548,0.354664312204835,2.19607478479493,0.836661084018661,"OK",1,5
3009542,"Hematocrit [Volume Fraction] of Blood","Measurement",11,7,1689,1.52073732718894,0.538356814306659,4.62659950162422,0.481758045597836,"OK",1,5
3020509,"Albumin/Globulin [Mass Ratio] in Serum or Plasma","Measurement",11,9,1689,1.18279569892473,0.445593876005818,3.22928626633169,0.824275896453632,"OK",1,5
3009744,"MCHC [Mass/volume] by Automated count","Measurement",10,7,1689,1.38248847926267,0.475027843545966,4.27926455455745,0.629855596696524,"OK",1,5
37172783,"Alpha-fetoprotein mass concentration in plasma","Measurement",0,0,1689,NA,NA,NA,NA,"SUPPRESSED_MINCELL",NA,5
3002888,"Erythrocyte distribution width [Entitic volume]","Measurement",10,7,1689,1.38248847926267,0.475027843545966,4.27926455455745,0.629855596696524,"OK",1,5
3009596,"Cholesterol in VLDL [Mass/volume] in Serum or Plasma by calculation","Measurement",10,8,1689,1.20967741935484,0.429863965632953,3.52707998762987,0.814977535569883,"OK",1,5
3002590,"Prealbumin [Mass/volume] in Serum or Plasma by Electrophoresis","Measurement",10,7,1689,1.38248847926267,0.475027843545966,4.27926455455745,0.629855596696524,"OK",1,5
3017732,"Neutrophils [#/volume] in Blood","Measurement",9,5,1689,1.74193548387097,0.524259699561473,6.61653583777749,0.424836281355696,"OK",1,5
3028110,"Bile acid [Moles/volume] in Serum or Plasma","Measurement",9,8,1689,1.08870967741935,0.372840511650814,3.24289471065986,1,"OK",1,5
3052649,"Adenosine deaminase [Enzymatic activity/volume] in Serum or Plasma","Measurement",0,0,1689,NA,NA,NA,NA,"SUPPRESSED_MINCELL",NA,5
40766836,"Hemoglobins that can be presumptively identified based on available controls in DBS","Measurement",9,5,1689,1.74193548387097,0.524259699561473,6.61653583777749,0.424836281355696,"OK",1,5
3028465,"Gamma glutamyl transferase [Enzymatic activity/volume] in Body fluid","Measurement",0,0,1689,NA,NA,NA,NA,"SUPPRESSED_MINCELL",NA,5
3028286,"Albumin [Mass/volume] in Serum or Plasma by Electrophoresis","Measurement",0,0,1689,NA,NA,NA,NA,"SUPPRESSED_MINCELL",NA,5
3028638,"Bilirubin.direct [Moles/volume] in Serum or Plasma","Measurement",8,10,1689,0.774193548387097,0.265524019012507,2.17865308229566,0.642906643649874,"OK",1,5
196456,"Gallstone","Condition",8,13,1689,0.595533498759305,0.213975496302765,1.55009566364047,0.279641024821191,"OK",1,5
3007242,"Bilirubin.indirect [Moles/volume] in Serum or Plasma","Measurement",8,7,1689,1.10599078341014,0.350458559606442,3.58276738805378,1,"OK",1,5
3024561,"Albumin [Mass/volume] in Serum or Plasma","Measurement",8,8,1689,0.967741935483871,0.316604344727382,2.95802780123084,1,"OK",1,5
3003805,"Alpha fucosidase [Enzymatic activity/volume] in Serum or Plasma","Measurement",8,9,1689,0.860215053763441,0.288792741440411,2.51186344946114,0.811893827829381,"OK",1,5
3039312,"Plateletcrit [Volume Fraction] in Blood","Measurement",0,0,1689,NA,NA,NA,NA,"SUPPRESSED_MINCELL",NA,5
3018010,"Neutrophils/100 leukocytes in Blood","Measurement",8,9,1689,0.860215053763441,0.288792741440411,2.51186344946114,0.811893827829381,"OK",1,5
3010457,"Eosinophils/100 leukocytes in Blood by Automated count","Measurement",8,5,1689,1.54838709677419,0.44662558537693,6.01556411312496,0.581729770445018,"OK",1,5
46236948,"Glucose [Moles/volume] in Serum, Plasma or Blood","Measurement",8,6,1689,1.29032258064516,0.39261050034531,4.51176637615079,0.790921089230781,"OK",1,5
3032567,"Hepatitis B virus DNA [Units/volume] (viral load) in Serum or Plasma by NAA with probe detection","Measurement",7,11,1689,0.6158357771261,0.202421768593822,1.73959803016556,0.352444163185223,"OK",1,5
3037511,"Lymphocytes/100 leukocytes in Blood by Automated count","Measurement",7,9,1689,0.752688172043011,0.23821832321953,2.27126997759733,0.624049409978038,"OK",1,5
3005029,"Protein [Mass/volume] in Body fluid","Measurement",0,0,1689,NA,NA,NA,NA,"SUPPRESSED_MINCELL",NA,5
3028437,"Cholesterol in LDL [Mass/volume] in Serum or Plasma","Measurement",7,9,1689,0.752688172043011,0.23821832321953,2.27126997759733,0.624049409978038,"OK",1,5
3000905,"Leukocytes [#/volume] in Blood by Automated count","Measurement",0,0,1689,NA,NA,NA,NA,"SUPPRESSED_MINCELL",NA,5
3022096,"Basophils/100 leukocytes in Blood","Measurement",0,0,1689,NA,NA,NA,NA,"SUPPRESSED_MINCELL",NA,5
3001604,"Monocytes [#/volume] in Blood","Measurement",6,5,1689,1.16129032258065,0.295288407942591,4.81023255812863,1,"OK",1,5
3052964,"Fibrinogen [Mass/volume] in Platelet poor plasma by Coagulation.derived","Measurement",0,0,1689,NA,NA,NA,NA,"SUPPRESSED_MINCELL",NA,5
3031305,"aPTT panel - Platelet poor plasma","Measurement",0,0,1689,NA,NA,NA,NA,"SUPPRESSED_MINCELL",NA,5
3007070,"Cholesterol in HDL [Mass/volume] in Serum or Plasma","Measurement",6,6,1689,0.967741935483871,0.258714384798201,3.6199164357427,1,"OK",1,5
46236949,"Alanine aminotransferase [Enzymatic activity/volume] in Serum, Plasma or Blood","Measurement",6,5,1689,1.16129032258065,0.295288407942591,4.81023255812863,1,"OK",1,5
46235078,"Potassium [Moles/volume] in Serum, Plasma or Blood","Measurement",6,6,1689,0.967741935483871,0.258714384798201,3.6199164357427,1,"OK",1,5
46235784,"Sodium [Moles/volume] in Serum, Plasma or Blood","Measurement",6,7,1689,0.829493087557604,0.230303127927558,2.88250405558246,0.78743644071796,"OK",1,5
3016682,"Platelets [#/volume] in Plasma by Automated count","Measurement",0,0,1689,NA,NA,NA,NA,"SUPPRESSED_MINCELL",NA,5
3016723,"Creatinine [Mass/volume] in Serum or Plasma","Measurement",6,6,1689,0.967741935483871,0.258714384798201,3.6199164357427,1,"OK",1,5
3002656,"Lipoproteins [Mass/volume] in Serum or Plasma","Measurement",6,9,1689,0.645161290322581,0.188964577377492,2.0295716465676,0.447859347323133,"OK",1,5
3030366,"Cystatin C [Mass/volume] in Serum or Plasma","Measurement",0,0,1689,NA,NA,NA,NA,"SUPPRESSED_MINCELL",NA,5
3026910,"Gamma glutamyl transferase [Enzymatic activity/volume] in Serum or Plasma","Measurement",5,5,1689,0.967741935483871,0.222718518327201,4.20496894792645,1,"OK",1,5
3035995,"Alkaline phosphatase [Enzymatic activity/volume] in Serum or Plasma","Measurement",5,10,1689,0.483870967741935,0.129771159285081,1.55370810117022,0.203469469830578,"OK",1,5
3027114,"Cholesterol [Mass/volume] in Serum or Plasma","Measurement",5,7,1689,0.691244239631336,0.172995353500032,2.53008231330575,0.57529484383648,"OK",1,5
46235079,"Carbon dioxide, total [Moles/volume] in Serum, Plasma or Blood","Measurement",5,7,1689,0.691244239631336,0.172995353500032,2.53008231330575,0.57529484383648,"OK",1,5
3026710,"Lymphocytes [#/volume] in Blood by Flow cytometry (FC)","Measurement",5,10,1689,0.483870967741935,0.129771159285081,1.55370810117022,0.203469469830578,"OK",1,5
3024128,"Bilirubin.total [Mass/volume] in Serum or Plasma","Measurement",5,6,1689,0.806451612903226,0.194694215378729,3.17155847809693,0.77102386151285,"OK",1,5
3034426,"Prothrombin time (PT)","Measurement",0,0,1689,NA,NA,NA,NA,"SUPPRESSED_MINCELL",NA,5
3017250,"Creatinine [Mass/volume] in Urine","Measurement",0,0,1689,NA,NA,NA,NA,"SUPPRESSED_MINCELL",NA,5
3031767,"Vascular endothelial growth factor [Mass/volume] in Serum or Plasma","Measurement",0,0,1689,NA,NA,NA,NA,"SUPPRESSED_MINCELL",NA,5
43534077,"Urea [Moles/volume] in Blood","Measurement",0,0,1689,NA,NA,NA,NA,"SUPPRESSED_MINCELL",NA,5
3010748,"Hematocrit/Hemoglobin [Ratio] of Blood by Automated count","Measurement",0,0,1689,NA,NA,NA,NA,"SUPPRESSED_MINCELL",NA,5
3014576,"Chloride [Moles/volume] in Serum or Plasma","Measurement",0,0,1689,NA,NA,NA,NA,"SUPPRESSED_MINCELL",NA,5
3014791,"Apolipoprotein B [Mass/volume] in Serum or Plasma","Measurement",0,0,1689,NA,NA,NA,NA,"SUPPRESSED_MINCELL",NA,5
3029879,"Epithelial cells.squamous [#/volume] in Urine by Automated count","Measurement",0,0,1689,NA,NA,NA,NA,"SUPPRESSED_MINCELL",NA,5
3015736,"pH of Urine","Measurement",0,0,1689,NA,NA,NA,NA,"SUPPRESSED_MINCELL",NA,5
3016436,"Lactate dehydrogenase [Enzymatic activity/volume] in Serum or Plasma","Measurement",0,0,1689,NA,NA,NA,NA,"SUPPRESSED_MINCELL",NA,5
3036887,"Ammonia [Mass/volume] in Plasma","Measurement",0,0,1689,NA,NA,NA,NA,"SUPPRESSED_MINCELL",NA,5
3019284,"Hepatitis B virus surface Ag [Presence] in Serum","Measurement",0,0,1689,NA,NA,NA,NA,"SUPPRESSED_MINCELL",NA,5
3052318,"Alpha-1-Microglobulin [Mass/volume] in Urine","Measurement",0,0,1689,NA,NA,NA,NA,"SUPPRESSED_MINCELL",NA,5
3009932,"Eosinophils [#/volume] in Blood by Manual count","Measurement",0,0,1689,NA,NA,NA,NA,"SUPPRESSED_MINCELL",NA,5
3005162,"Calcium [Moles/volume] in Blood","Measurement",0,0,1689,NA,NA,NA,NA,"SUPPRESSED_MINCELL",NA,5
3006742,"Cancer Ag 15-3 [Presence] in Serum or Plasma","Measurement",0,0,1689,NA,NA,NA,NA,"SUPPRESSED_MINCELL",NA,5
42529199,"Cancer Ag 125 [Units/volume] in Serum or Plasma by Immunoassay","Measurement",0,0,1689,NA,NA,NA,NA,"SUPPRESSED_MINCELL",NA,5
3011724,"Hepatitis B virus e Ag [Presence] in Serum by Radioimmunoassay (RIA)","Measurement",0,0,1689,NA,NA,NA,NA,"SUPPRESSED_MINCELL",NA,5
42869583,"Hematocrit [Pure volume fraction] of Body fluid","Measurement",0,0,1689,NA,NA,NA,NA,"SUPPRESSED_MINCELL",NA,5
3030981,"Hyaline casts [#/volume] in Urine by Automated count","Measurement",0,0,1689,NA,NA,NA,NA,"SUPPRESSED_MINCELL",NA,5
3018095,"Leukocytes [#/volume] in Urine","Measurement",0,0,1689,NA,NA,NA,NA,"SUPPRESSED_MINCELL",NA,5
3039902,"Granular casts [#/volume] in Urine by Computer assisted method","Measurement",0,0,1689,NA,NA,NA,NA,"SUPPRESSED_MINCELL",NA,5
36304079,"Mucus [Presence] in Urine sediment","Measurement",0,0,1689,NA,NA,NA,NA,"SUPPRESSED_MINCELL",NA,5
3018853,"Superoxide dismutase [Enzymatic activity/volume] in Plasma","Measurement",0,0,1689,NA,NA,NA,NA,"SUPPRESSED_MINCELL",NA,5
3004391,"Epithelial cells [#/volume] in Urine by Manual count","Measurement",0,0,1689,NA,NA,NA,NA,"SUPPRESSED_MINCELL",NA,5
3032080,"INR in Blood by Coagulation assay","Measurement",0,0,1689,NA,NA,NA,NA,"SUPPRESSED_MINCELL",NA,5
3012095,"Magnesium [Moles/volume] in Serum or Plasma","Measurement",0,0,1689,NA,NA,NA,NA,"SUPPRESSED_MINCELL",NA,5
3022177,"Hepatitis B virus core Ab [Units/volume] in Serum by Radioimmunoassay (RIA)","Measurement",0,0,1689,NA,NA,NA,NA,"SUPPRESSED_MINCELL",NA,5
3024552,"Cancer Ag 19-9 [Presence] in Serum or Plasma","Measurement",0,0,1689,NA,NA,NA,NA,"SUPPRESSED_MINCELL",NA,5
3019900,"Cholesterol [Moles/volume] in Serum or Plasma","Measurement",0,0,1689,NA,NA,NA,NA,"SUPPRESSED_MINCELL",NA,5
3005353,"Prothrombin activity actual/normal in Platelet poor plasma by Coagulation assay","Measurement",0,0,1689,NA,NA,NA,NA,"SUPPRESSED_MINCELL",NA,5
3016070,"Creatine kinase.MB [Enzymatic activity/volume] in Serum or Plasma by Electrophoresis","Measurement",0,0,1689,NA,NA,NA,NA,"SUPPRESSED_MINCELL",NA,5
3018677,"aPTT in Platelet poor plasma by Coagulation assay","Measurement",0,0,1689,NA,NA,NA,NA,"SUPPRESSED_MINCELL",NA,5
42529230,"Thyroxine (T4) [Mass/volume] in Serum or Plasma by Immunoassay","Measurement",0,0,1689,NA,NA,NA,NA,"SUPPRESSED_MINCELL",NA,5
3034639,"Hemoglobin A1c [Mass/volume] in Blood","Measurement",0,0,1689,NA,NA,NA,NA,"SUPPRESSED_MINCELL",NA,5
3012898,"Urea [Moles/volume] in Urine","Measurement",0,0,1689,NA,NA,NA,NA,"SUPPRESSED_MINCELL",NA,5
3008342,"Neutrophils/100 leukocytes in Blood by Automated count","Measurement",0,0,1689,NA,NA,NA,NA,"SUPPRESSED_MINCELL",NA,5
42869547,"Procollagen type III.N-terminal propeptide [Mass/volume] in Serum","Measurement",0,0,1689,NA,NA,NA,NA,"SUPPRESSED_MINCELL",NA,5
3026076,"Alpha hydroxybutyrate dehydrogenase [Enzymatic activity/volume] in Serum or Plasma","Measurement",0,0,1689,NA,NA,NA,NA,"SUPPRESSED_MINCELL",NA,5
43055483,"Glucose in serum - glucose in peritoneal fluid [Molar concentration difference]","Measurement",0,0,1689,NA,NA,NA,NA,"SUPPRESSED_MINCELL",NA,5
43534062,"3-epi-25-Hydroxyvitamin D3/25-hydroxyvitamin D.total in Serum or Plasma","Measurement",0,0,1689,NA,NA,NA,NA,"SUPPRESSED_MINCELL",NA,5
3008143,"IgG [Presence] in Serum","Measurement",0,0,1689,NA,NA,NA,NA,"SUPPRESSED_MINCELL",NA,5
3003470,"Hepatitis C virus Ab [Units/volume] in Serum by Immunoassay","Measurement",0,0,1689,NA,NA,NA,NA,"SUPPRESSED_MINCELL",NA,5
3015377,"Calcium [Moles/volume] in Serum or Plasma","Measurement",0,0,1689,NA,NA,NA,NA,"SUPPRESSED_MINCELL",NA,5
3029790,"Creatine kinase.MB [Enzymatic activity/volume] in Serum or Plasma","Measurement",0,0,1689,NA,NA,NA,NA,"SUPPRESSED_MINCELL",NA,5
46234929,"Hepatitis B virus e Ag [Presence] in Serum, Plasma or Blood by Rapid immunoassay","Measurement",0,0,1689,NA,NA,NA,NA,"SUPPRESSED_MINCELL",NA,5
3966438,"CE Ab [Presence] in Serum or Plasma","Measurement",0,0,1689,NA,NA,NA,NA,"SUPPRESSED_MINCELL",NA,5
3009931,"Hyaluronate [Mass/volume] in Serum or Plasma","Measurement",0,0,1689,NA,NA,NA,NA,"SUPPRESSED_MINCELL",NA,5
3029707,"Crystals [#/volume] in Urine by Automated count","Measurement",0,0,1689,NA,NA,NA,NA,"SUPPRESSED_MINCELL",NA,5
3007220,"Creatine kinase [Enzymatic activity/volume] in Serum or Plasma","Measurement",0,0,1689,NA,NA,NA,NA,"SUPPRESSED_MINCELL",NA,5
3019209,"Epstein Barr virus capsid IgM Ab [Presence] in Serum by Immunoassay","Measurement",0,0,1689,NA,NA,NA,NA,"SUPPRESSED_MINCELL",NA,5
3050146,"Prolactin [Mass/volume] in Serum or Plasma by 3rd IS","Measurement",0,0,1689,NA,NA,NA,NA,"SUPPRESSED_MINCELL",NA,5
3045975,"IgA [Presence] in Serum","Measurement",0,0,1689,NA,NA,NA,NA,"SUPPRESSED_MINCELL",NA,5
3010156,"C reactive protein [Mass/volume] in Serum or Plasma by High sensitivity method","Measurement",0,0,1689,NA,NA,NA,NA,"SUPPRESSED_MINCELL",NA,5
3009214,"Lutropin [Units/volume] in Serum or Plasma","Measurement",0,0,1689,NA,NA,NA,NA,"SUPPRESSED_MINCELL",NA,5
3044042,"Cancer Ag 50 [Units/volume] in Serum or Plasma","Measurement",0,0,1689,NA,NA,NA,NA,"SUPPRESSED_MINCELL",NA,5
3018133,"Calcium [Moles/volume] in Urine","Measurement",0,0,1689,NA,NA,NA,NA,"SUPPRESSED_MINCELL",NA,5
3027651,"Basophils [#/volume] in Blood by Manual count","Measurement",0,0,1689,NA,NA,NA,NA,"SUPPRESSED_MINCELL",NA,5
3005673,"Hemoglobin A1c/Hemoglobin.total in Blood by HPLC","Measurement",0,0,1689,NA,NA,NA,NA,"SUPPRESSED_MINCELL",NA,5
3001019,"Free T4 and TSH panel - Serum or Plasma","Measurement",0,0,1689,NA,NA,NA,NA,"SUPPRESSED_MINCELL",NA,5
3009201,"Thyrotropin [Units/volume] in Serum or Plasma","Measurement",0,0,1689,NA,NA,NA,NA,"SUPPRESSED_MINCELL",NA,5
3023202,"Hepatitis B virus e Ab [Units/volume] in Serum by Immunoassay","Measurement",0,0,1689,NA,NA,NA,NA,"SUPPRESSED_MINCELL",NA,5
3003785,"Carcinoembryonic Ag [Mass/volume] in Serum or Plasma","Measurement",0,0,1689,NA,NA,NA,NA,"SUPPRESSED_MINCELL",NA,5
3027144,"Progesterone [Mass/volume] in Serum or Plasma","Measurement",0,0,1689,NA,NA,NA,NA,"SUPPRESSED_MINCELL",NA,5
3023323,"Follitropin [Units/volume] in Serum or Plasma","Measurement",0,0,1689,NA,NA,NA,NA,"SUPPRESSED_MINCELL",NA,5
36032009,"pH of Prostatic fluid","Measurement",0,0,1689,1,NA,NA,1,"ZERO_EVENTS",1,5
36203209,"Erythrocytes.EMA mean fluorescence intensity actual/normal in Blood by Flow cytometry (FC)","Measurement",0,0,1689,1,NA,NA,1,"ZERO_EVENTS",1,5
36305091,"Oxyhemoglobin [Mass/volume] in Plasma","Measurement",0,0,1689,1,NA,NA,1,"ZERO_EVENTS",1,5
40758521,"Insulin [Moles/volume] in Serum or Plasma --1 minute post XXX challenge","Measurement",0,0,1689,1,NA,NA,1,"ZERO_EVENTS",1,5
40759253,"Cholesterol in HDL 2a [Moles/volume] in Serum or Plasma","Measurement",0,0,1689,NA,NA,NA,NA,"SUPPRESSED_MINCELL",NA,5
40759718,"Epstein Barr virus early IgM Ab [Units/volume] in Serum by Immunoassay","Measurement",0,0,1689,NA,NA,NA,NA,"SUPPRESSED_MINCELL",NA,5
40760007,"HIV 1+2 Ab+HIV1 p24 Ag [Presence] in Serum or Plasma by Immunoassay","Measurement",0,0,1689,1,NA,NA,1,"ZERO_EVENTS",1,5
40760213,"Phenol [Mass/volume] adjusted to specific gravity 1.024 in Urine","Measurement",0,0,1689,NA,NA,NA,NA,"SUPPRESSED_MINCELL",NA,5
40760528,"Thyrotropin receptor Ab [Units/volume] in Serum by Immunoassay","Measurement",0,0,1689,1,NA,NA,1,"ZERO_EVENTS",1,5
40760909,"Oxygen content in Blood by calculation","Measurement",0,0,1689,1,NA,NA,1,"ZERO_EVENTS",1,5
40762352,"Hemoglobin A1c/Hemoglobin.total in Blood by IFCC protocol","Measurement",0,0,1689,1,NA,NA,1,"ZERO_EVENTS",1,5
40768035,"Tr sup(a) Ab [Presence] in Serum or Plasma","Measurement",0,0,1689,1,NA,NA,1,"ZERO_EVENTS",1,5
40768039,"Oxygen [Partial pressure] saturation adjusted to 0.5 in Blood","Measurement",0,0,1689,1,NA,NA,1,"ZERO_EVENTS",1,5
40769783,"Troponin T.cardiac [Mass/volume] in Serum or Plasma by High sensitivity method","Measurement",0,0,1689,1,NA,NA,1,"ZERO_EVENTS",1,5
40770975,"Lactate dehydrogenase [Enzymatic activity/volume] in Peritoneal fluid by Lactate to pyruvate reaction","Measurement",0,0,1689,1,NA,NA,1,"ZERO_EVENTS",1,5
42529190,"Alpha-1-Fetoprotein [Mass/volume] in Serum or Plasma by Immunoassay","Measurement",0,0,1689,1,NA,NA,1,"ZERO_EVENTS",1,5
42529194,"Beta-2-Microglobulin [Mass/volume] in Urine by Immunoassay","Measurement",0,0,1689,1,NA,NA,1,"ZERO_EVENTS",1,5
42529205,"Cortisol [Mass/volume] in Serum or Plasma by Immunoassay","Measurement",0,0,1689,1,NA,NA,1,"ZERO_EVENTS",1,5
42529231,"Thyroxine (T4) [Moles/volume] in Serum or Plasma by Immunoassay","Measurement",0,0,1689,1,NA,NA,1,"ZERO_EVENTS",1,5
42529254,"Triiodothyronine (T3) [Moles/volume] in Serum or Plasma by Immunoassay","Measurement",0,0,1689,1,NA,NA,1,"ZERO_EVENTS",1,5
42868453,"Bicarbonate [Moles/volume] standard in Plasma","Measurement",0,0,1689,1,NA,NA,1,"ZERO_EVENTS",1,5
42868533,"Mononuclear cells [#/volume] in Peritoneal fluid by Automated count","Measurement",0,0,1689,1,NA,NA,1,"ZERO_EVENTS",1,5
42869548,"Treponema pallidum Ab [Titer] in Serum or Plasma by Agglutination","Measurement",0,0,1689,1,NA,NA,1,"ZERO_EVENTS",1,5
43055410,"Prostate Specific Ag Free/Prostate specific Ag.total [Pure mass fraction] in Serum or Plasma","Measurement",0,0,1689,1,NA,NA,1,"ZERO_EVENTS",1,5
43533605,"Anion gap 4 in Capillary blood","Measurement",0,0,1689,1,NA,NA,1,"ZERO_EVENTS",1,5
46234928,"Hepatitis B virus e Ab [Presence] in Serum, Plasma or Blood by Rapid immunoassay","Measurement",0,0,1689,1,NA,NA,1,"ZERO_EVENTS",1,5
46234930,"Hepatitis B virus surface Ab [Presence] in Serum, Plasma or Blood by Rapid immunoassay","Measurement",0,0,1689,NA,NA,NA,NA,"SUPPRESSED_MINCELL",NA,5
46236951,"Amylase [Enzymatic activity/volume] in Serum, Plasma or Blood","Measurement",0,0,1689,1,NA,NA,1,"ZERO_EVENTS",1,5
1002070,"Acarboxyprothrombin [Units/volume] in Serum or Plasma","Measurement",0,0,1689,NA,NA,NA,NA,"SUPPRESSED_MINCELL",NA,5
1175715,"Chlamydophila pneumoniae IgM Ab [Presence] in Serum by Immunoassay","Measurement",0,0,1689,1,NA,NA,1,"ZERO_EVENTS",1,5
1259742,"Aldosterone/Renin [Ratio] in Serum or Plasma","Measurement",0,0,1689,1,NA,NA,1,"ZERO_EVENTS",1,5
1617274,"Carbon dioxide, total [Moles/volume] in Central venous blood","Measurement",0,0,1689,1,NA,NA,1,"ZERO_EVENTS",1,5
1617538,"24 hour predicted protein [Mass/time] based on random Urine by calculation","Measurement",0,0,1689,NA,NA,NA,NA,"SUPPRESSED_MINCELL",NA,5
1988100,"Leukocytes [#/volume] in Peritoneal dialysis fluid by Automated count","Measurement",0,0,1689,1,NA,NA,1,"ZERO_EVENTS",1,5
1988277,"Alpha-1-Fetoprotein L3 [Mass/volume] in Serum or Plasma by Immunoassay","Measurement",0,0,1689,1,NA,NA,1,"ZERO_EVENTS",1,5
1988606,"C reactive protein [Units/volume] in Body fluid","Measurement",0,0,1689,1,NA,NA,1,"ZERO_EVENTS",1,5
1989123,"Erythrocytes.ghost cells [#/volume] in Urine sediment by Computer assisted method","Measurement",0,0,1689,NA,NA,NA,NA,"SUPPRESSED_MINCELL",NA,5
3000034,"Microalbumin [Mass/volume] in Urine","Measurement",0,0,1689,NA,NA,NA,NA,"SUPPRESSED_MINCELL",NA,5
3000060,"B lymphocytes [#/volume] in Blood","Measurement",0,0,1689,1,NA,NA,1,"ZERO_EVENTS",1,5
3000067,"Parathyrin.intact [Mass/volume] in Serum or Plasma","Measurement",0,0,1689,1,NA,NA,1,"ZERO_EVENTS",1,5
3000659,"Cytokeratin 19 [Mass/volume] in Serum or Plasma","Measurement",0,0,1689,1,NA,NA,1,"ZERO_EVENTS",1,5
3001186,"Copper [Moles/volume] in Serum or Plasma","Measurement",0,0,1689,1,NA,NA,1,"ZERO_EVENTS",1,5
3001405,"CD3+CD8+ (T8 suppressor) cells [#/volume] in Blood","Measurement",0,0,1689,1,NA,NA,1,"ZERO_EVENTS",1,5
3001582,"Protein/Creatinine [Mass Ratio] in Urine","Measurement",0,0,1689,1,NA,NA,1,"ZERO_EVENTS",1,5
3001643,"Hemoglobin and Hematocrit panel - Blood","Measurement",0,0,1689,1,NA,NA,1,"ZERO_EVENTS",1,5
3002032,"Base excess in Venous blood by calculation","Measurement",0,0,1689,1,NA,NA,1,"ZERO_EVENTS",1,5
3002532,"Iron binding capacity.unsaturated [Moles/volume] in Serum or Plasma","Measurement",0,0,1689,1,NA,NA,1,"ZERO_EVENTS",1,5
3002736,"Platelet distribution width [Entitic volume] in Blood by Automated count","Measurement",0,0,1689,1,NA,NA,1,"ZERO_EVENTS",1,5
3002971,"Nuclear Ab [Titer] in Serum by Immunofluorescence","Measurement",0,0,1689,NA,NA,NA,NA,"SUPPRESSED_MINCELL",NA,5
3003185,"Cytomegalovirus IgG Ab [Units/volume] in Serum or Plasma by Immunofluorescence","Measurement",0,0,1689,1,NA,NA,1,"ZERO_EVENTS",1,5
3003745,"Microscopic observation [Identifier] in Urine by Gram stain","Measurement",0,0,1689,1,NA,NA,1,"ZERO_EVENTS",1,5
3004327,"Lymphocytes [#/volume] in Blood by Automated count","Measurement",0,0,1689,1,NA,NA,1,"ZERO_EVENTS",1,5
3004789,"Transferrin [Mass/volume] in Serum or Plasma","Measurement",0,0,1689,1,NA,NA,1,"ZERO_EVENTS",1,5
3004905,"Lipase [Enzymatic activity/volume] in Serum or Plasma","Measurement",0,0,1689,1,NA,NA,1,"ZERO_EVENTS",1,5
3005895,"Myoglobin [Mass/volume] in Serum or Plasma","Measurement",0,0,1689,1,NA,NA,1,"ZERO_EVENTS",1,5
3005996,"Glucose [Mass/volume] in Serum or Plasma --3 hours post 1.2 g/kg lactose PO","Measurement",0,0,1689,1,NA,NA,1,"ZERO_EVENTS",1,5
3006297,"Platelets [#/volume] in Plasma","Measurement",0,0,1689,1,NA,NA,1,"ZERO_EVENTS",1,5
3006453,"Hepatitis B virus surface Ab [Presence] in Serum by Immunoassay","Measurement",0,0,1689,1,NA,NA,1,"ZERO_EVENTS",1,5
3006576,"Bicarbonate [Moles/volume] in Blood","Measurement",0,0,1689,1,NA,NA,1,"ZERO_EVENTS",1,5
3006588,"Cancer Ag 15-3 [Units/volume] in Serum or Plasma","Measurement",0,0,1689,1,NA,NA,1,"ZERO_EVENTS",1,5
3007210,"Streptococcus pyogenes enzyme Ab [Presence] in Serum by Sheep Cell Agglutination","Measurement",0,0,1689,1,NA,NA,1,"ZERO_EVENTS",1,5
3007835,"Cancer Ag 125 [Presence] in Serum or Plasma","Measurement",0,0,1689,1,NA,NA,1,"ZERO_EVENTS",1,5
3008304,"Triiodothyronine (T3) [Moles/volume] in Serum or Plasma","Measurement",0,0,1689,1,NA,NA,1,"ZERO_EVENTS",1,5
3008364,"Apolipoprotein A-I [Mass/volume] in Serum or Plasma","Measurement",0,0,1689,NA,NA,NA,NA,"SUPPRESSED_MINCELL",NA,5
3008486,"Thyroxine (T4) free [Moles/volume] in Serum or Plasma","Measurement",0,0,1689,1,NA,NA,1,"ZERO_EVENTS",1,5
3008641,"Thyroperoxidase Ab [Titer] in Serum or Plasma by Latex agglutination","Measurement",0,0,1689,1,NA,NA,1,"ZERO_EVENTS",1,5
3008893,"Testosterone [Mass/volume] in Serum or Plasma","Measurement",0,0,1689,1,NA,NA,1,"ZERO_EVENTS",1,5
3009105,"Erythrocytes [#/volume] in Urine by Test strip","Measurement",0,0,1689,NA,NA,NA,NA,"SUPPRESSED_MINCELL",NA,5
3009577,"Iron binding capacity [Moles/volume] in Serum or Plasma","Measurement",0,0,1689,NA,NA,NA,NA,"SUPPRESSED_MINCELL",NA,5
3009609,"Carbon dioxide, total [Moles/volume] in Arterial blood","Measurement",0,0,1689,1,NA,NA,1,"ZERO_EVENTS",1,5
3010084,"C peptide [Mass/volume] in Serum or Plasma","Measurement",0,0,1689,1,NA,NA,1,"ZERO_EVENTS",1,5
3010340,"Triiodothyronine (T3) [Mass/volume] in Serum or Plasma","Measurement",0,0,1689,1,NA,NA,1,"ZERO_EVENTS",1,5
3010813,"Leukocytes [#/volume] in Blood","Measurement",0,0,1689,NA,NA,NA,NA,"SUPPRESSED_MINCELL",NA,5
3010963,"Hepatitis B virus e Ab [Units/volume] in Serum by Radioimmunoassay (RIA)","Measurement",0,0,1689,NA,NA,NA,NA,"SUPPRESSED_MINCELL",NA,5
3011412,"CD3 cells [#/volume] in Blood","Measurement",0,0,1689,1,NA,NA,1,"ZERO_EVENTS",1,5
3011516,"Hepatitis B virus e Ag [Units/volume] in Serum by Immunoassay","Measurement",0,0,1689,1,NA,NA,1,"ZERO_EVENTS",1,5
3011705,"Protein [Mass/volume] in 24 hour Urine","Measurement",0,0,1689,NA,NA,NA,NA,"SUPPRESSED_MINCELL",NA,5
3011904,"Phosphate [Mass/volume] in Serum or Plasma","Measurement",0,0,1689,1,NA,NA,1,"ZERO_EVENTS",1,5
3011958,"Ammonia [Moles/volume] in Plasma","Measurement",0,0,1689,1,NA,NA,1,"ZERO_EVENTS",1,5
3012413,"Glucose [Moles/volume] in Serum or Plasma --2 hours post meal","Measurement",0,0,1689,NA,NA,NA,NA,"SUPPRESSED_MINCELL",NA,5
3012516,"Albumin [Mass/volume] in Urine","Measurement",0,0,1689,1,NA,NA,1,"ZERO_EVENTS",1,5
3013201,"Beta-2-Microglobulin [Mass/volume] in Serum or Plasma","Measurement",0,0,1689,1,NA,NA,1,"ZERO_EVENTS",1,5
3014323,"Glucose [Interpretation] in Serum or Plasma--1 hour post dose glucose","Measurement",0,0,1689,1,NA,NA,1,"ZERO_EVENTS",1,5
3014749,"Leukocytes [#/volume] in Urine by Test strip","Measurement",0,0,1689,1,NA,NA,1,"ZERO_EVENTS",1,5
3015242,"Ferritin [Mass/volume] in Serum or Plasma by Immunoassay","Measurement",0,0,1689,1,NA,NA,1,"ZERO_EVENTS",1,5
3015759,"IgM [Presence] in Serum","Measurement",0,0,1689,1,NA,NA,1,"ZERO_EVENTS",1,5
3015774,"Calcium.ionized [Moles/volume] in Serum or Plasma by calculation","Measurement",0,0,1689,1,NA,NA,1,"ZERO_EVENTS",1,5
3016083,"Glucose [Mass/volume] in 24 hour Peritoneal dialysis fluid","Measurement",0,0,1689,1,NA,NA,1,"ZERO_EVENTS",1,5
3016228,"CD19 cells/100 cells in Blood","Measurement",0,0,1689,1,NA,NA,1,"ZERO_EVENTS",1,5
3016407,"Fibrinogen [Mass/volume] in Platelet poor plasma by Coagulation assay","Measurement",0,0,1689,1,NA,NA,1,"ZERO_EVENTS",1,5
3016523,"Insulin [Moles/volume] in Serum or Plasma","Measurement",0,0,1689,1,NA,NA,1,"ZERO_EVENTS",1,5
3016724,"Homocysteine [Moles/volume] in Serum or Plasma","Measurement",0,0,1689,1,NA,NA,1,"ZERO_EVENTS",1,5
3016771,"Amylase [Enzymatic activity/volume] in Serum or Plasma","Measurement",0,0,1689,1,NA,NA,1,"ZERO_EVENTS",1,5
3016906,"Vancomycin [Mass/volume] in Body fluid","Measurement",0,0,1689,1,NA,NA,1,"ZERO_EVENTS",1,5
3017572,"Hemoglobin A2 [Presence] in Blood","Measurement",0,0,1689,1,NA,NA,1,"ZERO_EVENTS",1,5
3018163,"Specimen specific gravity acceptable [Presence] in Urine","Measurement",0,0,1689,1,NA,NA,1,"ZERO_EVENTS",1,5
3018171,"Choriogonadotropin [Units/volume] in Serum or Plasma","Measurement",0,0,1689,1,NA,NA,1,"ZERO_EVENTS",1,5
3018387,"Mycoplasma pneumoniae IgG Ab [Units/volume] in Serum","Measurement",0,0,1689,1,NA,NA,1,"ZERO_EVENTS",1,5
3018913,"Phosphate [Moles/volume] in Blood","Measurement",0,0,1689,1,NA,NA,1,"ZERO_EVENTS",1,5
3019231,"Epstein Barr virus capsid IgG Ab [Presence] in Serum by Immunoassay","Measurement",0,0,1689,1,NA,NA,1,"ZERO_EVENTS",1,5
3019446,"Platelet mean diameter [Entitic length] in Blood","Measurement",0,0,1689,1,NA,NA,1,"ZERO_EVENTS",1,5
3019897,"Erythrocyte distribution width [Ratio] by Automated count","Measurement",0,0,1689,1,NA,NA,1,"ZERO_EVENTS",1,5
3019930,"Urea nitrogen [Mass/volume] in Body fluid","Measurement",0,0,1689,1,NA,NA,1,"ZERO_EVENTS",1,5
3019977,"pH of Arterial blood","Measurement",0,0,1689,1,NA,NA,1,"ZERO_EVENTS",1,5
3021082,"Mycoplasma pneumoniae IgM Ab [Presence] in Serum","Measurement",0,0,1689,1,NA,NA,1,"ZERO_EVENTS",1,5
3021200,"Thyroglobulin Ab [Units/volume] in Serum by Radioimmunoassay (RIA)","Measurement",0,0,1689,1,NA,NA,1,"ZERO_EVENTS",1,5
3021329,"Hemoglobin F [Presence] in Specimen","Measurement",0,0,1689,1,NA,NA,1,"ZERO_EVENTS",1,5
3021797,"Glucose-6-Phosphate dehydrogenase [Enzymatic activity/volume] in Serum","Measurement",0,0,1689,1,NA,NA,1,"ZERO_EVENTS",1,5
3022466,"Insulin [Mass/volume] in Serum or Plasma","Measurement",0,0,1689,1,NA,NA,1,"ZERO_EVENTS",1,5
3022533,"CD3 cells/100 cells in Blood","Measurement",0,0,1689,1,NA,NA,1,"ZERO_EVENTS",1,5
3022764,"Mononuclear cells/100 leukocytes in Peritoneal fluid","Measurement",0,0,1689,NA,NA,NA,NA,"SUPPRESSED_MINCELL",NA,5
3022893,"Aspartate aminotransferase/Alanine aminotransferase [Enzymatic activity ratio] in Serum or Plasma","Measurement",0,0,1689,1,NA,NA,1,"ZERO_EVENTS",1,5
3022948,"Iron [Moles/volume] in Serum or Plasma","Measurement",0,0,1689,1,NA,NA,1,"ZERO_EVENTS",1,5
3022976,"Prolactin [Units/volume] in Serum or Plasma by 3rd IS","Measurement",0,0,1689,1,NA,NA,1,"ZERO_EVENTS",1,5
3023314,"Hematocrit [Volume Fraction] of Blood by Automated count","Measurement",0,0,1689,1,NA,NA,1,"ZERO_EVENTS",1,5
3023608,"Herpes simplex virus 2 IgM Ab [Titer] in Serum","Measurement",0,0,1689,1,NA,NA,1,"ZERO_EVENTS",1,5
3024731,"MCV [Entitic volume]","Measurement",0,0,1689,1,NA,NA,1,"ZERO_EVENTS",1,5
3025271,"CD3-CD16+CD56+ (Natural killer) cells [#/volume] in Blood","Measurement",0,0,1689,1,NA,NA,1,"ZERO_EVENTS",1,5
3025285,"Estradiol (E2) [Mass/volume] in Serum or Plasma","Measurement",0,0,1689,1,NA,NA,1,"ZERO_EVENTS",1,5
3025678,"Hemoglobin H [Presence] in Blood by Heat denaturation","Measurement",0,0,1689,1,NA,NA,1,"ZERO_EVENTS",1,5
3025887,"Neutrophils.hypersegmented/100 leukocytes in Blood by Manual count","Measurement",0,0,1689,1,NA,NA,1,"ZERO_EVENTS",1,5
3026692,"Albumin [Mass/volume] in Peritoneal fluid","Measurement",0,0,1689,1,NA,NA,1,"ZERO_EVENTS",1,5
3027206,"Corticotropin [Mass/volume] in Plasma by Radioimmunoassay (RIA)","Measurement",0,0,1689,1,NA,NA,1,"ZERO_EVENTS",1,5
3027215,"Base excess standard in Venous blood by calculation","Measurement",0,0,1689,1,NA,NA,1,"ZERO_EVENTS",1,5
3027801,"Oxygen [Partial pressure] in Arterial blood","Measurement",0,0,1689,1,NA,NA,1,"ZERO_EVENTS",1,5
3027828,"Triiodothyronine (T3).reverse [Moles/volume] in Serum or Plasma","Measurement",0,0,1689,NA,NA,NA,NA,"SUPPRESSED_MINCELL",NA,5
3028167,"CD3+CD4+ (T4 helper) cells [#/volume] in Blood","Measurement",0,0,1689,1,NA,NA,1,"ZERO_EVENTS",1,5
3029187,"Natriuretic peptide.B prohormone N-Terminal [Mass/volume] in Serum or Plasma","Measurement",0,0,1689,1,NA,NA,1,"ZERO_EVENTS",1,5
3029794,"Leukocyte clumps [#/volume] in Urine by Automated count","Measurement",0,0,1689,1,NA,NA,1,"ZERO_EVENTS",1,5
3029991,"Specific gravity of Urine by Refractometry automated","Measurement",0,0,1689,1,NA,NA,1,"ZERO_EVENTS",1,5
3030306,"Epithelial cells.non-squamous [#/volume] in Urine by Automated count","Measurement",0,0,1689,1,NA,NA,1,"ZERO_EVENTS",1,5
3030511,"Albumin [Mass/volume] in 24 hour Urine by Electrophoresis","Measurement",0,0,1689,NA,NA,NA,NA,"SUPPRESSED_MINCELL",NA,5
3030929,"Transferrin.carbohydrate deficient.XXX/Transferrin.total in Serum or Plasma","Measurement",0,0,1689,1,NA,NA,1,"ZERO_EVENTS",1,5
3031987,"Alpha-1-Fetoprotein L3/Alpha-1-fetoprotein.total in Serum or Plasma","Measurement",0,0,1689,1,NA,NA,1,"ZERO_EVENTS",1,5
3033252,"Adenosine deaminase [Enzymatic activity/volume] in Peritoneal fluid","Measurement",0,0,1689,1,NA,NA,1,"ZERO_EVENTS",1,5
3034485,"Albumin/Creatinine [Mass Ratio] in Urine","Measurement",0,0,1689,1,NA,NA,1,"ZERO_EVENTS",1,5
3035529,"Creatinine renal clearance predicted by Cockcroft-Gault formula","Measurement",0,0,1689,1,NA,NA,1,"ZERO_EVENTS",1,5
3036428,"Adenosine deaminase [Enzymatic activity/volume] in Pleural fluid","Measurement",0,0,1689,1,NA,NA,1,"ZERO_EVENTS",1,5
3036677,"Immunoglobulin light chains [Mass/volume] in Urine","Measurement",0,0,1689,NA,NA,NA,NA,"SUPPRESSED_MINCELL",NA,5
3037121,"Protein [Mass/volume] in Urine","Measurement",0,0,1689,1,NA,NA,1,"ZERO_EVENTS",1,5
3037202,"Fibrin+Fibrinogen fragments [Mass/volume] in Serum","Measurement",0,0,1689,1,NA,NA,1,"ZERO_EVENTS",1,5
3037524,"Glucose-6-Phosphate dehydrogenase [Enzymatic activity/volume] in Red Blood Cells","Measurement",0,0,1689,1,NA,NA,1,"ZERO_EVENTS",1,5
3037850,"Specific gravity of Body fluid","Measurement",0,0,1689,1,NA,NA,1,"ZERO_EVENTS",1,5
3038315,"Erythrocytes.dysmorphic/100 erythrocytes in Urine sediment by Light microscopy","Measurement",0,0,1689,1,NA,NA,1,"ZERO_EVENTS",1,5
3038334,"Lactate dehydrogenase in peritoneal fluid/Lactate dehydrogenase in serum","Measurement",0,0,1689,1,NA,NA,1,"ZERO_EVENTS",1,5
3039426,"Oxygen saturation Calculated from oxygen partial pressure in Arterial blood","Measurement",0,0,1689,1,NA,NA,1,"ZERO_EVENTS",1,5
3040139,"Yeast.hyphae [#/volume] in Urine by Computer assisted method","Measurement",0,0,1689,NA,NA,NA,NA,"SUPPRESSED_MINCELL",NA,5
3040208,"Hepatitis E virus IgM Ab [Units/volume] in Serum","Measurement",0,0,1689,1,NA,NA,1,"ZERO_EVENTS",1,5
3040659,"Glucose [Moles/volume] in Serum or Plasma --1 hour post meal","Measurement",0,0,1689,1,NA,NA,1,"ZERO_EVENTS",1,5
3042968,"Herpes simplex virus 1 and 2 IgM Ab [Interpretation] in Serum","Measurement",0,0,1689,1,NA,NA,1,"ZERO_EVENTS",1,5
3044169,"IgA Ab [Presence] in Serum or Plasma","Measurement",0,0,1689,1,NA,NA,1,"ZERO_EVENTS",1,5
3045716,"Anion gap in Serum or Plasma","Measurement",0,0,1689,1,NA,NA,1,"ZERO_EVENTS",1,5
3046044,"N-acetyl-beta-glucosaminidase [Enzymatic activity/volume] in Urine","Measurement",0,0,1689,1,NA,NA,1,"ZERO_EVENTS",1,5
3046279,"Procalcitonin [Mass/volume] in Serum or Plasma","Measurement",0,0,1689,1,NA,NA,1,"ZERO_EVENTS",1,5
3046743,"Choriogonadotropin [Presence] in Control Serum","Measurement",0,0,1689,1,NA,NA,1,"ZERO_EVENTS",1,5
3048516,"Microalbumin/Protein.total in 24 hour Urine","Measurement",0,0,1689,1,NA,NA,1,"ZERO_EVENTS",1,5
3049408,"Hepatitis B virus surface Ag [Presence] in Serum from Donor by Immunoassay","Measurement",0,0,1689,1,NA,NA,1,"ZERO_EVENTS",1,5
3051714,"Fibrin D-dimer FEU [Mass/volume] in Platelet poor plasma","Measurement",0,0,1689,NA,NA,NA,NA,"SUPPRESSED_MINCELL",NA,5
3052007,"Protein Fractions [Interpretation] in Body fluid","Measurement",0,0,1689,1,NA,NA,1,"ZERO_EVENTS",1,5
4263457,"Aspartate aminotransferase measurement","Measurement",0,0,1689,1,NA,NA,1,"ZERO_EVENTS",1,5
21491346,"Pathologic casts [#/volume] in Urine by Automated count","Measurement",0,0,1689,1,NA,NA,1,"ZERO_EVENTS",1,5
21491865,"Prolactin.dimeric/Prolactin in Serum or Plasma","Measurement",0,0,1689,1,NA,NA,1,"ZERO_EVENTS",1,5
21493866,"Erythrocytes [#/volume] in Peritoneal dialysis fluid by Automated count","Measurement",0,0,1689,1,NA,NA,1,"ZERO_EVENTS",1,5
36031203,"Mononuclear cells [#] in Blood product unit","Measurement",0,0,1689,1,NA,NA,1,"ZERO_EVENTS",1,5
