concept_id,concept_name,domain,occurrence_count,patient_count,avg_days_to_onset
37116804,Improved dentition,Condition,358,139,14.3
4225273,Chronic gastritis,Condition,93,85,10.7
194574,Chronic type B viral hepatitis,Condition,71,65,10.4
4291649,Upper gastrointestinal bleeding,Condition,75,61,11.1
196951,Chronic congestive splenomegaly,Condition,61,48,15.7
24966,Esophageal varices,Condition,81,42,16.1
443530,Hematochezia,Condition,40,39,4.3
4064161,Cirrhosis of liver,Condition,61,37,31.8
26727,Hematemesis,Condition,37,34,11.9
619607,Esophageal varices due to cirrhosis of liver,Condition,63,31,22.4
4228222,Hypoproteinemia,Condition,37,31,26.9
42536651,Primary peritonitis,Condition,34,31,24.4
4296301,Hepatic congestion,Condition,42,30,29.3
439777,Anemia,Condition,34,30,12.8
45772057,Cirrhosis of liver due to hepatitis B,Condition,31,25,32.2
3013721,Aspartate aminotransferase [Enzymatic activity/volume] in Serum or Plasma,Measurement,5705,643,25.8
3024128,Bilirubin.total [Mass/volume] in Serum or Plasma,Measurement,5563,642,25.9
3007242,Bilirubin.indirect [Moles/volume] in Serum or Plasma,Measurement,5560,642,25.9
3028638,Bilirubin.direct [Moles/volume] in Serum or Plasma,Measurement,5560,642,25.9
3043688,Hemoglobin [Mass/volume] in Body fluid,Measurement,7080,636,23.3
3020416,Erythrocytes [#/volume] in Blood by Automated count,Measurement,6959,636,23.4
3039312,Plateletcrit [Volume Fraction] in Blood,Measurement,6944,636,23.3
3024386,Platelet mean volume [Entitic volume] in Blood by Rees-Ecker,Measurement,6944,636,23.3
3039417,Platelet distribution width [Ratio] in Blood,Measurement,6944,636,23.3
3009744,MCHC [Mass/volume] by Automated count,Measurement,6944,636,23.3
3002888,Erythrocyte distribution width [Entitic volume],Measurement,6944,636,23.3
3027651,Basophils [#/volume] in Blood by Manual count,Measurement,6942,636,23.3
3017732,Neutrophils [#/volume] in Blood,Measurement,6942,636,23.3
3026710,Lymphocytes [#/volume] in Blood by Flow cytometry (FC),Measurement,6942,636,23.3
3037511,Lymphocytes/100 leukocytes in Blood by Automated count,Measurement,6942,636,23.3
3022096,Basophils/100 leukocytes in Blood,Measurement,6942,636,23.3
3009932,Eosinophils [#/volume] in Blood by Manual count,Measurement,6942,636,23.3
3016682,Platelets [#/volume] in Plasma by Automated count,Measurement,6942,636,23.3
3001604,Monocytes [#/volume] in Blood,Measurement,6942,636,23.3
3964927,Monocytes/100 leukocytes in Blood by Flow cytometry (FC),Measurement,6942,636,23.3
3010457,Eosinophils/100 leukocytes in Blood by Automated count,Measurement,6942,636,23.3
46235784,Sodium [Moles/volume] in Serum  Plasma or Blood,Measurement,6029,634,23.2
46235078,Potassium [Moles/volume] in Serum  Plasma or Blood,Measurement,6029,634,23.2
3014576,Chloride [Moles/volume] in Serum or Plasma,Measurement,6027,634,23.2
3010568,Globulin [Mass/volume] in Plasma,Measurement,5278,631,25.9
3020509,Albumin/Globulin [Mass Ratio] in Serum or Plasma,Measurement,5276,631,25.9
3035995,Alkaline phosphatase [Enzymatic activity/volume] in Serum or Plasma,Measurement,5276,631,25.9
40766836,Hemoglobins that can be presumptively identified based on available controls in DBS,Measurement,6476,624,22.9
3028110,Bile acid [Moles/volume] in Serum or Plasma,Measurement,4796,616,25.2
3003805,Alpha fucosidase [Enzymatic activity/volume] in Serum or Plasma,Measurement,4728,615,25.2
3052649,Adenosine deaminase [Enzymatic activity/volume] in Serum or Plasma,Measurement,4728,615,25.2
3010866,Cholinesterase [Enzymatic activity/volume] in Serum or Plasma,Measurement,4728,615,25.2
3002590,Prealbumin [Mass/volume] in Serum or Plasma by Electrophoresis,Measurement,4725,615,25.2
3032080,INR in Blood by Coagulation assay,Measurement,4688,614,24.6
3034426,Prothrombin time (PT),Measurement,4688,614,24.6
