concept_id,concept_name,domain,occurrence_count,patient_count,avg_days_to_onset
194574,Chronic type B viral hepatitis,Condition,176,154,9.2
37116804,Improved dentition,Condition,297,148,11.2
45771255,Compensated liver disease,Condition,74,71,5.3
196951,Chronic congestive splenomegaly,Condition,79,67,18.0
4064161,Cirrhosis of liver,Condition,89,63,23.0
443392,Malignant neoplastic disease,Condition,66,57,28.2
4225273,Chronic gastritis,Condition,56,54,8.3
4094864,Primary carcinoma of liver,Condition,66,49,18.2
4246127,Malignant neoplasm of liver,Condition,108,47,39.0
24966,Esophageal varices,Condition,76,44,18.2
43530637,Postprocedural fever,Condition,47,38,22.1
196456,Gallstone,Condition,42,38,15.4
201519,Primary malignant neoplasm of liver,Condition,76,37,42.9
4296301,Hepatic congestion,Condition,55,35,22.8
4001171,Liver cell carcinoma,Condition,70,34,35.9
3013721,Aspartate aminotransferase [Enzymatic activity/volume] in Serum or Plasma,Measurement,3807,665,22.4
3043688,Hemoglobin [Mass/volume] in Body fluid,Measurement,3810,663,22.2
3020416,Erythrocytes [#/volume] in Blood by Automated count,Measurement,3772,663,22.1
3039312,Plateletcrit [Volume Fraction] in Blood,Measurement,3764,663,22.1
3026710,Lymphocytes [#/volume] in Blood by Flow cytometry (FC),Measurement,3764,663,22.1
3037511,Lymphocytes/100 leukocytes in Blood by Automated count,Measurement,3764,663,22.1
3964927,Monocytes/100 leukocytes in Blood by Flow cytometry (FC),Measurement,3764,663,22.1
3022096,Basophils/100 leukocytes in Blood,Measurement,3764,663,22.1
3010457,Eosinophils/100 leukocytes in Blood by Automated count,Measurement,3764,663,22.1
3024386,Platelet mean volume [Entitic volume] in Blood by Rees-Ecker,Measurement,3764,663,22.1
3017732,Neutrophils [#/volume] in Blood,Measurement,3764,663,22.1
3009932,Eosinophils [#/volume] in Blood by Manual count,Measurement,3764,663,22.1
3001604,Monocytes [#/volume] in Blood,Measurement,3764,663,22.1
3002888,Erythrocyte distribution width [Entitic volume],Measurement,3764,663,22.1
3016682,Platelets [#/volume] in Plasma by Automated count,Measurement,3764,663,22.1
3009744,MCHC [Mass/volume] by Automated count,Measurement,3764,663,22.1
3039417,Platelet distribution width [Ratio] in Blood,Measurement,3764,663,22.1
3027651,Basophils [#/volume] in Blood by Manual count,Measurement,3764,663,22.1
3024128,Bilirubin.total [Mass/volume] in Serum or Plasma,Measurement,3745,663,22.3
3028638,Bilirubin.direct [Moles/volume] in Serum or Plasma,Measurement,3741,663,22.3
3007242,Bilirubin.indirect [Moles/volume] in Serum or Plasma,Measurement,3741,663,22.3
3010568,Globulin [Mass/volume] in Plasma,Measurement,3636,660,22.0
3020509,Albumin/Globulin [Mass Ratio] in Serum or Plasma,Measurement,3632,660,22.0
3035995,Alkaline phosphatase [Enzymatic activity/volume] in Serum or Plasma,Measurement,3632,660,22.0
3052649,Adenosine deaminase [Enzymatic activity/volume] in Serum or Plasma,Measurement,3460,660,21.3
3003805,Alpha fucosidase [Enzymatic activity/volume] in Serum or Plasma,Measurement,3460,660,21.3
3028110,Bile acid [Moles/volume] in Serum or Plasma,Measurement,3460,660,21.3
3002590,Prealbumin [Mass/volume] in Serum or Plasma by Electrophoresis,Measurement,3460,660,21.3
3010866,Cholinesterase [Enzymatic activity/volume] in Serum or Plasma,Measurement,3460,660,21.3
46235784,Sodium [Moles/volume] in Serum  Plasma or Blood,Measurement,3520,657,21.1
46235078,Potassium [Moles/volume] in Serum  Plasma or Blood,Measurement,3520,657,21.1
3014576,Chloride [Moles/volume] in Serum or Plasma,Measurement,3520,657,21.1
3032080,INR in Blood by Coagulation assay,Measurement,3056,650,20.6
3034426,Prothrombin time (PT),Measurement,3056,650,20.6
3005353,Prothrombin activity actual/normal in Platelet poor plasma by Coagulation assay,Measurement,3004,649,20.6
