concept_id,concept_name,domain,occurrence_count,patient_count,avg_days_to_onset
37116804,Improved dentition,Condition,62,24,24.2
4001171,Liver cell carcinoma,Condition,19,13,47.2
4225273,Chronic gastritis,Condition,19,13,27.9
4064161,Cirrhosis of liver,Condition,16,11,31.8
4228222,Hypoproteinemia,Condition,13,11,36.9
201340,Gastritis,Condition,28,10,39.3
4296301,Hepatic congestion,Condition,21,9,44.1
201519,Primary malignant neoplasm of liver,Condition,14,9,42.8
4029488,Hepatic encephalopathy,Condition,11,8,57.3
194574,Chronic type B viral hepatitis,Condition,9,8,24.7
443392,Malignant neoplastic disease,Condition,8,8,27.9
45772057,Cirrhosis of liver due to hepatitis B,Condition,8,8,33.5
24966,Esophageal varices,Condition,10,7,36.5
254061,Pleural effusion,Condition,10,7,35.6
42536651,Primary peritonitis,Condition,10,7,39.6
3013721,Aspartate aminotransferase [Enzymatic activity/volume] in Serum or Plasma,Measurement,2071,250,34.5
3007242,Bilirubin.indirect [Moles/volume] in Serum or Plasma,Measurement,2025,249,34.7
3028638,Bilirubin.direct [Moles/volume] in Serum or Plasma,Measurement,2025,249,34.7
3024128,Bilirubin.total [Mass/volume] in Serum or Plasma,Measurement,2025,249,34.7
3043688,Hemoglobin [Mass/volume] in Body fluid,Measurement,2197,238,34.9
3010568,Globulin [Mass/volume] in Plasma,Measurement,1921,238,34.9
3020509,Albumin/Globulin [Mass Ratio] in Serum or Plasma,Measurement,1919,238,34.9
3035995,Alkaline phosphatase [Enzymatic activity/volume] in Serum or Plasma,Measurement,1917,238,34.9
3020416,Erythrocytes [#/volume] in Blood by Automated count,Measurement,2159,237,35.0
3017732,Neutrophils [#/volume] in Blood,Measurement,2154,237,34.9
3002888,Erythrocyte distribution width [Entitic volume],Measurement,2154,237,34.9
3009932,Eosinophils [#/volume] in Blood by Manual count,Measurement,2154,237,34.9
3001604,Monocytes [#/volume] in Blood,Measurement,2154,237,34.9
3027651,Basophils [#/volume] in Blood by Manual count,Measurement,2154,237,34.9
3010457,Eosinophils/100 leukocytes in Blood by Automated count,Measurement,2154,237,34.9
3022096,Basophils/100 leukocytes in Blood,Measurement,2154,237,34.9
3026710,Lymphocytes [#/volume] in Blood by Flow cytometry (FC),Measurement,2154,237,34.9
3024386,Platelet mean volume [Entitic volume] in Blood by Rees-Ecker,Measurement,2154,237,34.9
3039417,Platelet distribution width [Ratio] in Blood,Measurement,2154,237,34.9
3039312,Plateletcrit [Volume Fraction] in Blood,Measurement,2154,237,34.9
3016682,Platelets [#/volume] in Plasma by Automated count,Measurement,2154,237,34.9
3964927,Monocytes/100 leukocytes in Blood by Flow cytometry (FC),Measurement,2154,237,34.9
3037511,Lymphocytes/100 leukocytes in Blood by Automated count,Measurement,2154,237,34.9
3009744,MCHC [Mass/volume] by Automated count,Measurement,2154,237,34.9
40766836,Hemoglobins that can be presumptively identified based on available controls in DBS,Measurement,1994,232,34.7
3028110,Bile acid [Moles/volume] in Serum or Plasma,Measurement,1745,231,34.8
3002590,Prealbumin [Mass/volume] in Serum or Plasma by Electrophoresis,Measurement,1730,231,34.8
3010866,Cholinesterase [Enzymatic activity/volume] in Serum or Plasma,Measurement,1728,231,34.8
3003805,Alpha fucosidase [Enzymatic activity/volume] in Serum or Plasma,Measurement,1728,231,34.8
3052649,Adenosine deaminase [Enzymatic activity/volume] in Serum or Plasma,Measurement,1728,231,34.8
3018010,Neutrophils/100 leukocytes in Blood,Measurement,1768,220,33.6
46235784,Sodium [Moles/volume] in Serum  Plasma or Blood,Measurement,1953,216,35.2
3014576,Chloride [Moles/volume] in Serum or Plasma,Measurement,1953,216,35.2
46235078,Potassium [Moles/volume] in Serum  Plasma or Blood,Measurement,1953,216,35.2
3016723,Creatinine [Mass/volume] in Serum or Plasma,Measurement,1530,216,35.7
