concept_id,concept_name,domain,occurrence_count,patient_count,avg_days_to_onset
37116804,Improved dentition,Condition,72,29,23.3
4225273,Chronic gastritis,Condition,22,16,25.6
4001171,Liver cell carcinoma,Condition,20,14,46.5
45772057,Cirrhosis of liver due to hepatitis B,Condition,13,13,45.5
4064161,Cirrhosis of liver,Condition,17,12,29.9
4228222,Hypoproteinemia,Condition,13,11,36.9
194574,Chronic type B viral hepatitis,Condition,12,11,27.1
201340,Gastritis,Condition,28,10,39.3
4296301,Hepatic congestion,Condition,22,10,42.4
201519,Primary malignant neoplasm of liver,Condition,15,10,39.9
4029488,Hepatic encephalopathy,Condition,11,8,57.3
37396401,Decompensated cirrhosis of liver,Condition,9,8,34.0
36716270,Cyst of kidney,Condition,8,8,4.8
443392,Malignant neoplastic disease,Condition,8,8,27.9
4224115,Postoperative confusion,Condition,8,8,55.1
3013721,Aspartate aminotransferase [Enzymatic activity/volume] in Serum or Plasma,Measurement,2445,295,34.9
3024128,Bilirubin.total [Mass/volume] in Serum or Plasma,Measurement,2394,294,35.1
3028638,Bilirubin.direct [Moles/volume] in Serum or Plasma,Measurement,2394,294,35.1
3007242,Bilirubin.indirect [Moles/volume] in Serum or Plasma,Measurement,2394,294,35.1
3010568,Globulin [Mass/volume] in Plasma,Measurement,2286,282,35.3
3020509,Albumin/Globulin [Mass Ratio] in Serum or Plasma,Measurement,2284,282,35.3
3035995,Alkaline phosphatase [Enzymatic activity/volume] in Serum or Plasma,Measurement,2282,282,35.3
3043688,Hemoglobin [Mass/volume] in Body fluid,Measurement,2606,280,35.3
3020416,Erythrocytes [#/volume] in Blood by Automated count,Measurement,2572,279,35.4
3016682,Platelets [#/volume] in Plasma by Automated count,Measurement,2563,279,35.4
3026710,Lymphocytes [#/volume] in Blood by Flow cytometry (FC),Measurement,2563,279,35.4
3024386,Platelet mean volume [Entitic volume] in Blood by Rees-Ecker,Measurement,2563,279,35.4
3010457,Eosinophils/100 leukocytes in Blood by Automated count,Measurement,2563,279,35.4
3022096,Basophils/100 leukocytes in Blood,Measurement,2563,279,35.4
3001604,Monocytes [#/volume] in Blood,Measurement,2563,279,35.4
3017732,Neutrophils [#/volume] in Blood,Measurement,2563,279,35.4
3009744,MCHC [Mass/volume] by Automated count,Measurement,2563,279,35.4
3002888,Erythrocyte distribution width [Entitic volume],Measurement,2563,279,35.4
3037511,Lymphocytes/100 leukocytes in Blood by Automated count,Measurement,2563,279,35.4
3009932,Eosinophils [#/volume] in Blood by Manual count,Measurement,2563,279,35.4
3039312,Plateletcrit [Volume Fraction] in Blood,Measurement,2563,279,35.4
3039417,Platelet distribution width [Ratio] in Blood,Measurement,2563,279,35.4
3027651,Basophils [#/volume] in Blood by Manual count,Measurement,2563,279,35.4
3964927,Monocytes/100 leukocytes in Blood by Flow cytometry (FC),Measurement,2563,279,35.4
3028110,Bile acid [Moles/volume] in Serum or Plasma,Measurement,2066,275,35.0
3002590,Prealbumin [Mass/volume] in Serum or Plasma by Electrophoresis,Measurement,2039,275,34.9
3010866,Cholinesterase [Enzymatic activity/volume] in Serum or Plasma,Measurement,2037,275,34.9
3003805,Alpha fucosidase [Enzymatic activity/volume] in Serum or Plasma,Measurement,2037,275,34.9
3052649,Adenosine deaminase [Enzymatic activity/volume] in Serum or Plasma,Measurement,2037,275,34.9
40766836,Hemoglobins that can be presumptively identified based on available controls in DBS,Measurement,2360,272,35.2
3018010,Neutrophils/100 leukocytes in Blood,Measurement,2076,259,33.9
3014576,Chloride [Moles/volume] in Serum or Plasma,Measurement,2337,256,35.4
46235784,Sodium [Moles/volume] in Serum  Plasma or Blood,Measurement,2337,256,35.4
46235078,Potassium [Moles/volume] in Serum  Plasma or Blood,Measurement,2337,256,35.4
3016723,Creatinine [Mass/volume] in Serum or Plasma,Measurement,1827,256,36.3
