concept_id,concept_name,domain,occurrence_count,patient_count,avg_days_to_onset
37116804,Improved dentition,Condition,396,152,94.8
4225273,Chronic gastritis,Condition,139,106,97.8
194574,Chronic type B viral hepatitis,Condition,83,55,156.5
4303233,Gastric polyp,Condition,43,38,71.5
443392,Malignant neoplastic disease,Condition,67,37,221.4
4296301,Hepatic congestion,Condition,109,34,207.1
195562,Hemorrhoids,Condition,39,34,77.2
4177611,Finding of wound healing,Condition,40,31,178.1
196951,Chronic congestive splenomegaly,Condition,46,30,190.4
432867,Hyperlipidemia,Condition,36,29,149.0
196456,Gallstone,Condition,41,27,135.1
45757242,Erosive gastritis,Condition,33,27,114.3
24966,Esophageal varices,Condition,46,26,144.8
4064161,Cirrhosis of liver,Condition,67,25,166.8
4094864,Primary carcinoma of liver,Condition,52,25,182.6
3013721,Aspartate aminotransferase [Enzymatic activity/volume] in Serum or Plasma,Measurement,5318,580,150.4
3024128,Bilirubin.total [Mass/volume] in Serum or Plasma,Measurement,5162,576,150.7
3007242,Bilirubin.indirect [Moles/volume] in Serum or Plasma,Measurement,5162,576,150.7
3028638,Bilirubin.direct [Moles/volume] in Serum or Plasma,Measurement,5162,576,150.7
3010568,Globulin [Mass/volume] in Plasma,Measurement,4895,563,152.1
3020509,Albumin/Globulin [Mass Ratio] in Serum or Plasma,Measurement,4891,563,152.1
3035995,Alkaline phosphatase [Enzymatic activity/volume] in Serum or Plasma,Measurement,4891,563,152.1
3010866,Cholinesterase [Enzymatic activity/volume] in Serum or Plasma,Measurement,4802,557,149.9
3052649,Adenosine deaminase [Enzymatic activity/volume] in Serum or Plasma,Measurement,4802,557,149.9
3028110,Bile acid [Moles/volume] in Serum or Plasma,Measurement,4802,557,149.9
3002590,Prealbumin [Mass/volume] in Serum or Plasma by Electrophoresis,Measurement,4802,557,149.9
3003805,Alpha fucosidase [Enzymatic activity/volume] in Serum or Plasma,Measurement,4802,557,149.9
3043688,Hemoglobin [Mass/volume] in Body fluid,Measurement,5530,542,153.0
3020416,Erythrocytes [#/volume] in Blood by Automated count,Measurement,5390,542,152.9
3010457,Eosinophils/100 leukocytes in Blood by Automated count,Measurement,5383,542,152.9
3039312,Plateletcrit [Volume Fraction] in Blood,Measurement,5383,542,152.9
3964927,Monocytes/100 leukocytes in Blood by Flow cytometry (FC),Measurement,5383,542,152.9
3017732,Neutrophils [#/volume] in Blood,Measurement,5383,542,152.9
3026710,Lymphocytes [#/volume] in Blood by Flow cytometry (FC),Measurement,5383,542,152.9
3022096,Basophils/100 leukocytes in Blood,Measurement,5383,542,152.9
3037511,Lymphocytes/100 leukocytes in Blood by Automated count,Measurement,5383,542,152.9
3009932,Eosinophils [#/volume] in Blood by Manual count,Measurement,5383,542,152.9
3027651,Basophils [#/volume] in Blood by Manual count,Measurement,5383,542,152.9
3024386,Platelet mean volume [Entitic volume] in Blood by Rees-Ecker,Measurement,5383,542,152.9
3009744,MCHC [Mass/volume] by Automated count,Measurement,5383,542,152.9
3016682,Platelets [#/volume] in Plasma by Automated count,Measurement,5383,542,152.9
3002888,Erythrocyte distribution width [Entitic volume],Measurement,5383,542,152.9
3039417,Platelet distribution width [Ratio] in Blood,Measurement,5383,542,152.9
3001604,Monocytes [#/volume] in Blood,Measurement,5383,542,152.9
40766836,Hemoglobins that can be presumptively identified based on available controls in DBS,Measurement,5216,539,150.8
3006923,Alanine aminotransferase [Enzymatic activity/volume] in Serum or Plasma,Measurement,4620,532,145.2
3018010,Neutrophils/100 leukocytes in Blood,Measurement,4951,523,148.2
3016723,Creatinine [Mass/volume] in Serum or Plasma,Measurement,4016,520,158.8
3024561,Albumin [Mass/volume] in Serum or Plasma,Measurement,4385,519,146.7
3020630,Protein [Mass/volume] in Serum or Plasma,Measurement,4370,519,146.7
