concept_id,concept_name,domain,occurrence_count,patient_count,avg_days_to_onset
194574,Chronic type B viral hepatitis,Condition,264,142,120.0
37116804,Improved dentition,Condition,423,139,136.2
196951,Chronic congestive splenomegaly,Condition,148,78,145.2
45771255,Compensated liver disease,Condition,104,68,88.0
443392,Malignant neoplastic disease,Condition,135,64,168.4
4225273,Chronic gastritis,Condition,82,57,109.9
4064161,Cirrhosis of liver,Condition,137,56,155.1
4094864,Primary carcinoma of liver,Condition,125,49,153.3
4296301,Hepatic congestion,Condition,138,46,152.1
24966,Esophageal varices,Condition,139,44,143.2
4246127,Malignant neoplasm of liver,Condition,209,43,171.9
43530637,Postprocedural fever,Condition,86,41,149.4
201519,Primary malignant neoplasm of liver,Condition,159,38,165.7
4177611,Finding of wound healing,Condition,55,38,152.9
4003834,Malignant immunoproliferative disease (clinical),Condition,54,37,165.7
3013721,Aspartate aminotransferase [Enzymatic activity/volume] in Serum or Plasma,Measurement,5367,485,141.6
3024128,Bilirubin.total [Mass/volume] in Serum or Plasma,Measurement,5297,484,141.5
3007242,Bilirubin.indirect [Moles/volume] in Serum or Plasma,Measurement,5293,484,141.6
3028638,Bilirubin.direct [Moles/volume] in Serum or Plasma,Measurement,5293,484,141.6
3010568,Globulin [Mass/volume] in Plasma,Measurement,5180,483,142.5
3035995,Alkaline phosphatase [Enzymatic activity/volume] in Serum or Plasma,Measurement,5178,483,142.5
3020509,Albumin/Globulin [Mass Ratio] in Serum or Plasma,Measurement,5178,483,142.5
3028110,Bile acid [Moles/volume] in Serum or Plasma,Measurement,4968,483,143.0
3003805,Alpha fucosidase [Enzymatic activity/volume] in Serum or Plasma,Measurement,4968,483,143.0
3010866,Cholinesterase [Enzymatic activity/volume] in Serum or Plasma,Measurement,4968,483,143.0
3002590,Prealbumin [Mass/volume] in Serum or Plasma by Electrophoresis,Measurement,4968,483,143.0
3052649,Adenosine deaminase [Enzymatic activity/volume] in Serum or Plasma,Measurement,4968,483,143.0
3043688,Hemoglobin [Mass/volume] in Body fluid,Measurement,5351,479,144.0
3020416,Erythrocytes [#/volume] in Blood by Automated count,Measurement,5267,479,143.5
3964927,Monocytes/100 leukocytes in Blood by Flow cytometry (FC),Measurement,5257,479,143.5
3001604,Monocytes [#/volume] in Blood,Measurement,5257,479,143.5
3017732,Neutrophils [#/volume] in Blood,Measurement,5257,479,143.5
3016682,Platelets [#/volume] in Plasma by Automated count,Measurement,5257,479,143.5
3022096,Basophils/100 leukocytes in Blood,Measurement,5257,479,143.5
3010457,Eosinophils/100 leukocytes in Blood by Automated count,Measurement,5257,479,143.5
3009932,Eosinophils [#/volume] in Blood by Manual count,Measurement,5257,479,143.5
3002888,Erythrocyte distribution width [Entitic volume],Measurement,5257,479,143.5
3009744,MCHC [Mass/volume] by Automated count,Measurement,5257,479,143.5
3026710,Lymphocytes [#/volume] in Blood by Flow cytometry (FC),Measurement,5257,479,143.5
3037511,Lymphocytes/100 leukocytes in Blood by Automated count,Measurement,5257,479,143.5
3027651,Basophils [#/volume] in Blood by Manual count,Measurement,5257,479,143.5
3039312,Plateletcrit [Volume Fraction] in Blood,Measurement,5253,479,143.4
3024386,Platelet mean volume [Entitic volume] in Blood by Rees-Ecker,Measurement,5253,479,143.4
3039417,Platelet distribution width [Ratio] in Blood,Measurement,5253,479,143.4
3016723,Creatinine [Mass/volume] in Serum or Plasma,Measurement,4323,475,144.8
46235079,Carbon dioxide  total [Moles/volume] in Serum  Plasma or Blood,Measurement,4279,474,144.0
3030366,Cystatin C [Mass/volume] in Serum or Plasma,Measurement,4253,473,144.3
3032080,INR in Blood by Coagulation assay,Measurement,4222,473,139.3
3034426,Prothrombin time (PT),Measurement,4222,473,139.3
3005353,Prothrombin activity actual/normal in Platelet poor plasma by Coagulation assay,Measurement,4181,473,139.1
