"outcome_concept_id","outcome_name","outcome_domain","post_events","pre_events","n_exposures","irr","ci95l","ci95u","p","reason_code","p_adj","min_cell_count"
4064161,"Cirrhosis of liver","Condition",287,283,504,1.00298994291927,0.848134522597609,1.18617954402019,1,"OK",1,5
194574,"Chronic type B viral hepatitis","Condition",234,242,504,0.956316410861865,0.795588990136142,1.14934609699134,0.646788243342142,"OK",1,5
37116804,"Improved dentition","Condition",164,158,504,1.02656836834052,0.820023091514483,1.28545215375433,0.823810106506909,"OK",1,5
443392,"Malignant neoplastic disease","Condition",157,155,504,1.00177242112726,0.797245344736803,1.25887880363695,1,"OK",1,5
4246127,"Malignant neoplasm of liver","Condition",154,152,504,1.00202429149798,0.795620472145903,1.26208863819561,1,"OK",1,5
201519,"Primary malignant neoplasm of liver","Condition",123,119,504,1.0222550558685,0.788019591271894,1.3265050301854,0.897759653603781,"OK",1,5
45771255,"Compensated liver disease","Condition",97,92,504,1.04276158623985,0.775843195123327,1.4023657862964,0.827329810334919,"OK",1,5
4296301,"Hepatic congestion","Condition",92,79,504,1.15175963277229,0.843397385507642,1.57595615622875,0.360088673311007,"OK",1,5
4094864,"Primary carcinoma of liver","Condition",90,80,504,1.11263736263736,0.814102668839685,1.52296653648739,0.491264931123328,"OK",1,5
4225273,"Chronic gastritis","Condition",85,86,504,0.977510861231792,0.7157125325918,1.33487123075408,0.939072887324932,"OK",1,5
196951,"Chronic congestive splenomegaly","Condition",79,84,504,0.930141287284144,0.675367577704099,1.27996288386995,0.695461447140297,"OK",1,5
24966,"Esophageal varices","Condition",62,63,504,0.973312401883831,0.67426107543414,1.40459651961823,0.928802621458105,"OK",1,5
43530637,"Postprocedural fever","Condition",56,40,504,1.38461538461538,0.906489069690223,2.1323803363844,0.125898837471382,"OK",0.694961582842026,5
3039312,"Plateletcrit [Volume Fraction] in Blood","Measurement",34,11,504,3.05694305694306,1.51246526295638,6.68828586290904,0.000830675269437297,"OK",0.0327523391949563,5
3017732,"Neutrophils [#/volume] in Blood","Measurement",33,9,504,3.62637362637363,1.69767465497268,8.61680051091433,0.000273890517257838,"OK",0.0180057105297561,5
3025839,"Triglyceride [Moles/volume] in Serum or Plasma","Measurement",31,12,504,2.55494505494505,1.27579441230211,5.46291632733134,0.00543128904517788,"OK",0.0936897360293185,5
3000905,"Leukocytes [#/volume] in Blood by Automated count","Measurement",30,9,504,3.2967032967033,1.52588275652211,7.89403339143278,0.00107208450686848,"OK",0.0369869154869625,5
3024386,"Platelet mean volume [Entitic volume] in Blood by Rees-Ecker","Measurement",29,9,504,3.18681318681319,1.46869430514656,7.65303948152934,0.00166803300902184,"OK",0.0418524645900025,5
3006923,"Alanine aminotransferase [Enzymatic activity/volume] in Serum or Plasma","Measurement",28,13,504,2.1301775147929,1.06771623518212,4.47968841457373,0.0276290501804925,"OK",0.272343494636283,5
3001604,"Monocytes [#/volume] in Blood","Measurement",28,10,504,2.76923076923077,1.30563419112678,6.38981104689347,0.00512264245582689,"OK",0.0936897360293185,5
3010457,"Eosinophils/100 leukocytes in Blood by Automated count","Measurement",27,6,504,4.45054945054945,1.80007369417235,13.1826608980452,0.000326190408147755,"OK",0.0180057105297561,5
3964927,"Monocytes/100 leukocytes in Blood by Flow cytometry (FC)","Measurement",26,10,504,2.57142857142857,1.19973880681956,5.97573509861425,0.0113750310936861,"OK",0.136500373124233,5
4177611,"Finding of wound healing","Condition",26,22,504,1.16883116883117,0.636908385201142,2.16356271131367,0.665697379372838,"OK",1,5
3009596,"Cholesterol in VLDL [Mass/volume] in Serum or Plasma by calculation","Measurement",25,11,504,2.24775224775225,1.06684303186496,5.06094852753587,0.0289034663657907,"OK",0.275081266102008,5
3016682,"Platelets [#/volume] in Plasma by Automated count","Measurement",24,6,504,3.95604395604396,1.57540920514917,11.8327226503188,0.00143779684958368,"OK",0.0418524645900025,5
3026710,"Lymphocytes [#/volume] in Blood by Flow cytometry (FC)","Measurement",23,12,504,1.8956043956044,0.905246965190125,4.18028539183803,0.0897015780330506,"OK",0.598559485933529,5
3043688,"Hemoglobin [Mass/volume] in Body fluid","Measurement",23,13,504,1.7497886728656,0.850013816759741,3.76075844249981,0.132710620181603,"OK",0.718198650394557,5
3028437,"Cholesterol in LDL [Mass/volume] in Serum or Plasma","Measurement",23,9,504,2.52747252747253,1.12665132629881,6.20605135634707,0.0201212218785455,"OK",0.213594509172252,5
3022096,"Basophils/100 leukocytes in Blood","Measurement",22,5,504,4.35164835164835,1.60797796407188,14.7095745090638,0.00152018516714166,"OK",0.0418524645900025,5
4003834,"Malignant immunoproliferative disease (clinical)","Condition",22,20,504,1.08791208791209,0.566473004590345,2.10125715402252,0.877692754769477,"OK",1,5
3013721,"Aspartate aminotransferase [Enzymatic activity/volume] in Serum or Plasma","Measurement",21,5,504,4.15384615384615,1.52432343398978,14.0993112840617,0.0025033462829358,"OK",0.0514158720579612,5
3009744,"MCHC [Mass/volume] by Automated count","Measurement",21,15,504,1.38461538461538,0.680389689807589,2.88731936041006,0.405291877870354,"OK",1,5
46235078,"Potassium [Moles/volume] in Serum, Plasma or Blood","Measurement",21,7,504,2.96703296703297,1.21508290978789,8.26203724497718,0.0125777161028429,"OK",0.144643735182694,5
3037511,"Lymphocytes/100 leukocytes in Blood by Automated count","Measurement",0,0,504,NA,NA,NA,NA,"SUPPRESSED_MINCELL",NA,5
3018010,"Neutrophils/100 leukocytes in Blood","Measurement",20,7,504,2.82574568288854,1.14777992922136,7.90940890388389,0.0192057687109671,"OK",0.212031686569076,5
3039417,"Platelet distribution width [Ratio] in Blood","Measurement",0,0,504,NA,NA,NA,NA,"SUPPRESSED_MINCELL",NA,5
46236948,"Glucose [Moles/volume] in Serum, Plasma or Blood","Measurement",19,5,504,3.75824175824176,1.35732555550986,12.8784899226298,0.00662985682658554,"OK",0.0980951378680407,5
37172783,"Alpha-fetoprotein mass concentration in plasma","Measurement",17,8,504,2.10164835164835,0.859605202827757,5.6266496895603,0.107885952274071,"OK",0.671162421272975,5
3009932,"Eosinophils [#/volume] in Blood by Manual count","Measurement",0,0,504,NA,NA,NA,NA,"SUPPRESSED_MINCELL",NA,5
3020416,"Erythrocytes [#/volume] in Blood by Automated count","Measurement",17,9,504,1.86813186813187,0.787638672563064,4.7562383146768,0.168806654539381,"OK",0.895973781785944,5
3002888,"Erythrocyte distribution width [Entitic volume]","Measurement",16,7,504,2.26059654631083,0.8798978629948,6.49766145349152,0.0932538329534122,"OK",0.598559485933529,5
3024561,"Albumin [Mass/volume] in Serum or Plasma","Measurement",15,8,504,1.8543956043956,0.738048406459973,5.05024925456627,0.210200176171367,"OK",0.989948312217948,5
3027114,"Cholesterol [Mass/volume] in Serum or Plasma","Measurement",15,8,504,1.8543956043956,0.738048406459973,5.05024925456627,0.210200176171367,"OK",0.989948312217948,5
3034426,"Prothrombin time (PT)","Measurement",15,0,504,Inf,3.54733378734508,Inf,6.12308534126253e-05,"OK",0.00844985777094229,5
3003805,"Alpha fucosidase [Enzymatic activity/volume] in Serum or Plasma","Measurement",0,0,504,NA,NA,NA,NA,"SUPPRESSED_MINCELL",NA,5
3052964,"Fibrinogen [Mass/volume] in Platelet poor plasma by Coagulation.derived","Measurement",0,0,504,NA,NA,NA,NA,"SUPPRESSED_MINCELL",NA,5
3005353,"Prothrombin activity actual/normal in Platelet poor plasma by Coagulation assay","Measurement",15,0,504,Inf,3.54733378734508,Inf,6.12308534126253e-05,"OK",0.00844985777094229,5
3002590,"Prealbumin [Mass/volume] in Serum or Plasma by Electrophoresis","Measurement",14,6,504,2.30769230769231,0.83307946766205,7.32678623220702,0.115428870590902,"OK",0.69257322354541,5
3052649,"Adenosine deaminase [Enzymatic activity/volume] in Serum or Plasma","Measurement",14,5,504,2.76923076923077,0.942540391785199,9.82389560780422,0.063643939677991,"OK",0.474749387868257,5
43534077,"Urea [Moles/volume] in Blood","Measurement",0,0,504,NA,NA,NA,NA,"SUPPRESSED_MINCELL",NA,5
3001127,"Alpha 1 antitrypsin [Mass/volume] in Serum or Plasma by Nephelometry","Measurement",0,0,504,NA,NA,NA,NA,"SUPPRESSED_MINCELL",NA,5
3020509,"Albumin/Globulin [Mass Ratio] in Serum or Plasma","Measurement",13,7,504,1.83673469387755,0.681083805700311,5.4369268903739,0.263322632877704,"OK",1,5
3010963,"Hepatitis B virus e Ab [Units/volume] in Serum by Radioimmunoassay (RIA)","Measurement",0,0,504,NA,NA,NA,NA,"SUPPRESSED_MINCELL",NA,5
3010866,"Cholinesterase [Enzymatic activity/volume] in Serum or Plasma","Measurement",0,0,504,NA,NA,NA,NA,"SUPPRESSED_MINCELL",NA,5
3035995,"Alkaline phosphatase [Enzymatic activity/volume] in Serum or Plasma","Measurement",13,7,504,1.83673469387755,0.681083805700311,5.4369268903739,0.263322632877704,"OK",1,5
3007242,"Bilirubin.indirect [Moles/volume] in Serum or Plasma","Measurement",0,0,504,NA,NA,NA,NA,"SUPPRESSED_MINCELL",NA,5
3014791,"Apolipoprotein B [Mass/volume] in Serum or Plasma","Measurement",12,11,504,1.07892107892108,0.435826418729947,2.69862902971624,1,"OK",1,5
3032080,"INR in Blood by Coagulation assay","Measurement",12,0,504,Inf,2.74806329395862,Inf,0.000489265161985934,"OK",0.022506197451353,5
3010568,"Globulin [Mass/volume] in Plasma","Measurement",11,6,504,1.81318681318681,0.61466144576361,5.97107702496067,0.33243271214663,"OK",1,5
3027651,"Basophils [#/volume] in Blood by Manual count","Measurement",11,5,504,2.17582417582418,0.696935477164849,7.98812793739109,0.210225414638299,"OK",0.989948312217948,5
3006742,"Cancer Ag 15-3 [Presence] in Serum or Plasma","Measurement",11,7,504,1.5541601255887,0.550188832203508,4.72828300715442,0.480804645167958,"OK",1,5
3014576,"Chloride [Moles/volume] in Serum or Plasma","Measurement",11,5,504,2.17582417582418,0.696935477164849,7.98812793739109,0.210225414638299,"OK",0.989948312217948,5
3029707,"Crystals [#/volume] in Urine by Automated count","Measurement",0,0,504,NA,NA,NA,NA,"SUPPRESSED_MINCELL",NA,5
40766836,"Hemoglobins that can be presumptively identified based on available controls in DBS","Measurement",11,6,504,1.81318681318681,0.61466144576361,5.97107702496067,0.33243271214663,"OK",1,5
46235079,"Carbon dioxide, total [Moles/volume] in Serum, Plasma or Blood","Measurement",11,5,504,2.17582417582418,0.696935477164849,7.98812793739109,0.210225414638299,"OK",0.989948312217948,5
42869583,"Hematocrit [Pure volume fraction] of Body fluid","Measurement",10,8,504,1.23626373626374,0.439311525317194,3.60459822911624,0.814580364625737,"OK",1,5
3015759,"IgM [Presence] in Serum","Measurement",0,0,504,NA,NA,NA,NA,"SUPPRESSED_MINCELL",NA,5
3003470,"Hepatitis C virus Ab [Units/volume] in Serum by Immunoassay","Measurement",0,0,504,NA,NA,NA,NA,"SUPPRESSED_MINCELL",NA,5
3023599,"MCV [Entitic volume] by Automated count","Measurement",0,0,504,NA,NA,NA,NA,"SUPPRESSED_MINCELL",NA,5
3009542,"Hematocrit [Volume Fraction] of Blood","Measurement",9,6,504,1.48351648351648,0.471580991160852,5.06500965420789,0.607322682624982,"OK",1,5
3020630,"Protein [Mass/volume] in Serum or Plasma","Measurement",9,9,504,0.989010989010989,0.347834644667597,2.8120911800469,1,"OK",1,5
3028638,"Bilirubin.direct [Moles/volume] in Serum or Plasma","Measurement",8,6,504,1.31868131868132,0.401239302550702,4.61092607672553,0.79057209739999,"OK",1,5
3028110,"Bile acid [Moles/volume] in Serum or Plasma","Measurement",8,6,504,1.31868131868132,0.401239302550702,4.61092607672553,0.79057209739999,"OK",1,5
3028465,"Gamma glutamyl transferase [Enzymatic activity/volume] in Body fluid","Measurement",8,5,504,1.58241758241758,0.456441532308291,6.14777431341342,0.581131409213741,"OK",1,5
46235784,"Sodium [Moles/volume] in Serum, Plasma or Blood","Measurement",8,0,504,Inf,1.6882126704062,Inf,0.00781917765614817,"OK",0.0980951378680407,5
42529199,"Cancer Ag 125 [Units/volume] in Serum or Plasma by Immunoassay","Measurement",0,0,504,NA,NA,NA,NA,"SUPPRESSED_MINCELL",NA,5
40759253,"Cholesterol in HDL 2a [Moles/volume] in Serum or Plasma","Measurement",0,0,504,NA,NA,NA,NA,"SUPPRESSED_MINCELL",NA,5
3005162,"Calcium [Moles/volume] in Blood","Measurement",0,0,504,NA,NA,NA,NA,"SUPPRESSED_MINCELL",NA,5
3007835,"Cancer Ag 125 [Presence] in Serum or Plasma","Measurement",8,0,504,Inf,1.6882126704062,Inf,0.00781917765614817,"OK",0.0980951378680407,5
3024128,"Bilirubin.total [Mass/volume] in Serum or Plasma","Measurement",7,5,504,1.38461538461538,0.378291015943184,5.53256136281217,0.774455374192015,"OK",1,5
3030366,"Cystatin C [Mass/volume] in Serum or Plasma","Measurement",0,0,504,NA,NA,NA,NA,"SUPPRESSED_MINCELL",NA,5
3045975,"IgA [Presence] in Serum","Measurement",0,0,504,NA,NA,NA,NA,"SUPPRESSED_MINCELL",NA,5
3010813,"Leukocytes [#/volume] in Blood","Measurement",0,0,504,NA,NA,NA,NA,"SUPPRESSED_MINCELL",NA,5
3007070,"Cholesterol in HDL [Mass/volume] in Serum or Plasma","Measurement",0,0,504,NA,NA,NA,NA,"SUPPRESSED_MINCELL",NA,5
1002070,"Acarboxyprothrombin [Units/volume] in Serum or Plasma","Measurement",0,0,504,NA,NA,NA,NA,"SUPPRESSED_MINCELL",NA,5
3018853,"Superoxide dismutase [Enzymatic activity/volume] in Plasma","Measurement",6,0,504,Inf,1.16448599247446,Inf,0.0312643086080462,"OK",0.287631639194025,5
40760007,"HIV 1+2 Ab+HIV1 p24 Ag [Presence] in Serum or Plasma by Immunoassay","Measurement",5,0,504,Inf,0.906286012729576,Inf,0.0625190778528977,"OK",0.474749387868257,5
3008342,"Neutrophils/100 leukocytes in Blood by Automated count","Measurement",5,0,504,Inf,0.906286012729576,Inf,0.0625190778528977,"OK",0.474749387868257,5
3026910,"Gamma glutamyl transferase [Enzymatic activity/volume] in Serum or Plasma","Measurement",0,0,504,NA,NA,NA,NA,"SUPPRESSED_MINCELL",NA,5
3030981,"Hyaline casts [#/volume] in Urine by Automated count","Measurement",0,0,504,NA,NA,NA,NA,"SUPPRESSED_MINCELL",NA,5
3031305,"aPTT panel - Platelet poor plasma","Measurement",0,0,504,NA,NA,NA,NA,"SUPPRESSED_MINCELL",NA,5
42869548,"Treponema pallidum Ab [Titer] in Serum or Plasma by Agglutination","Measurement",0,0,504,NA,NA,NA,NA,"SUPPRESSED_MINCELL",NA,5
3008364,"Apolipoprotein A-I [Mass/volume] in Serum or Plasma","Measurement",0,0,504,NA,NA,NA,NA,"SUPPRESSED_MINCELL",NA,5
46236949,"Alanine aminotransferase [Enzymatic activity/volume] in Serum, Plasma or Blood","Measurement",0,0,504,NA,NA,NA,NA,"SUPPRESSED_MINCELL",NA,5
3010156,"C reactive protein [Mass/volume] in Serum or Plasma by High sensitivity method","Measurement",0,0,504,NA,NA,NA,NA,"SUPPRESSED_MINCELL",NA,5
3008304,"Triiodothyronine (T3) [Moles/volume] in Serum or Plasma","Measurement",0,0,504,NA,NA,NA,NA,"SUPPRESSED_MINCELL",NA,5
3966438,"CE Ab [Presence] in Serum or Plasma","Measurement",0,0,504,NA,NA,NA,NA,"SUPPRESSED_MINCELL",NA,5
3028286,"Albumin [Mass/volume] in Serum or Plasma by Electrophoresis","Measurement",0,0,504,NA,NA,NA,NA,"SUPPRESSED_MINCELL",NA,5
3029879,"Epithelial cells.squamous [#/volume] in Urine by Automated count","Measurement",0,0,504,NA,NA,NA,NA,"SUPPRESSED_MINCELL",NA,5
3010748,"Hematocrit/Hemoglobin [Ratio] of Blood by Automated count","Measurement",0,0,504,NA,NA,NA,NA,"SUPPRESSED_MINCELL",NA,5
3011724,"Hepatitis B virus e Ag [Presence] in Serum by Radioimmunoassay (RIA)","Measurement",0,0,504,NA,NA,NA,NA,"SUPPRESSED_MINCELL",NA,5
3003785,"Carcinoembryonic Ag [Mass/volume] in Serum or Plasma","Measurement",0,0,504,NA,NA,NA,NA,"SUPPRESSED_MINCELL",NA,5
3015736,"pH of Urine","Measurement",0,0,504,NA,NA,NA,NA,"SUPPRESSED_MINCELL",NA,5
3016436,"Lactate dehydrogenase [Enzymatic activity/volume] in Serum or Plasma","Measurement",0,0,504,NA,NA,NA,NA,"SUPPRESSED_MINCELL",NA,5
46234930,"Hepatitis B virus surface Ab [Presence] in Serum, Plasma or Blood by Rapid immunoassay","Measurement",0,0,504,NA,NA,NA,NA,"SUPPRESSED_MINCELL",NA,5
1988277,"Alpha-1-Fetoprotein L3 [Mass/volume] in Serum or Plasma by Immunoassay","Measurement",0,0,504,NA,NA,NA,NA,"SUPPRESSED_MINCELL",NA,5
3022764,"Mononuclear cells/100 leukocytes in Peritoneal fluid","Measurement",0,0,504,NA,NA,NA,NA,"SUPPRESSED_MINCELL",NA,5
3002656,"Lipoproteins [Mass/volume] in Serum or Plasma","Measurement",0,0,504,NA,NA,NA,NA,"SUPPRESSED_MINCELL",NA,5
3009105,"Erythrocytes [#/volume] in Urine by Test strip","Measurement",0,0,504,NA,NA,NA,NA,"SUPPRESSED_MINCELL",NA,5
3018095,"Leukocytes [#/volume] in Urine","Measurement",0,0,504,NA,NA,NA,NA,"SUPPRESSED_MINCELL",NA,5
3000034,"Microalbumin [Mass/volume] in Urine","Measurement",0,0,504,NA,NA,NA,NA,"SUPPRESSED_MINCELL",NA,5
3018677,"aPTT in Platelet poor plasma by Coagulation assay","Measurement",0,0,504,NA,NA,NA,NA,"SUPPRESSED_MINCELL",NA,5
3012516,"Albumin [Mass/volume] in Urine","Measurement",0,0,504,NA,NA,NA,NA,"SUPPRESSED_MINCELL",NA,5
3005029,"Protein [Mass/volume] in Body fluid","Measurement",0,0,504,NA,NA,NA,NA,"SUPPRESSED_MINCELL",NA,5
3012095,"Magnesium [Moles/volume] in Serum or Plasma","Measurement",0,0,504,NA,NA,NA,NA,"SUPPRESSED_MINCELL",NA,5
3040139,"Yeast.hyphae [#/volume] in Urine by Computer assisted method","Measurement",0,0,504,NA,NA,NA,NA,"SUPPRESSED_MINCELL",NA,5
3007220,"Creatine kinase [Enzymatic activity/volume] in Serum or Plasma","Measurement",0,0,504,NA,NA,NA,NA,"SUPPRESSED_MINCELL",NA,5
3032567,"Hepatitis B virus DNA [Units/volume] (viral load) in Serum or Plasma by NAA with probe detection","Measurement",0,0,504,NA,NA,NA,NA,"SUPPRESSED_MINCELL",NA,5
3039902,"Granular casts [#/volume] in Urine by Computer assisted method","Measurement",0,0,504,NA,NA,NA,NA,"SUPPRESSED_MINCELL",NA,5
3009201,"Thyrotropin [Units/volume] in Serum or Plasma","Measurement",0,0,504,NA,NA,NA,NA,"SUPPRESSED_MINCELL",NA,5
3031987,"Alpha-1-Fetoprotein L3/Alpha-1-fetoprotein.total in Serum or Plasma","Measurement",0,0,504,NA,NA,NA,NA,"SUPPRESSED_MINCELL",NA,5
3004391,"Epithelial cells [#/volume] in Urine by Manual count","Measurement",0,0,504,NA,NA,NA,NA,"SUPPRESSED_MINCELL",NA,5
3018913,"Phosphate [Moles/volume] in Blood","Measurement",0,0,504,NA,NA,NA,NA,"SUPPRESSED_MINCELL",NA,5
3019284,"Hepatitis B virus surface Ag [Presence] in Serum","Measurement",0,0,504,NA,NA,NA,NA,"SUPPRESSED_MINCELL",NA,5
3008143,"IgG [Presence] in Serum","Measurement",0,0,504,NA,NA,NA,NA,"SUPPRESSED_MINCELL",NA,5
3016771,"Amylase [Enzymatic activity/volume] in Serum or Plasma","Measurement",0,0,504,NA,NA,NA,NA,"SUPPRESSED_MINCELL",NA,5
3015377,"Calcium [Moles/volume] in Serum or Plasma","Measurement",0,0,504,NA,NA,NA,NA,"SUPPRESSED_MINCELL",NA,5
3011705,"Protein [Mass/volume] in 24 hour Urine","Measurement",0,0,504,NA,NA,NA,NA,"SUPPRESSED_MINCELL",NA,5
1617538,"24 hour predicted protein [Mass/time] based on random Urine by calculation","Measurement",0,0,504,NA,NA,NA,NA,"SUPPRESSED_MINCELL",NA,5
3008641,"Thyroperoxidase Ab [Titer] in Serum or Plasma by Latex agglutination","Measurement",0,0,504,NA,NA,NA,NA,"SUPPRESSED_MINCELL",NA,5
3009577,"Iron binding capacity [Moles/volume] in Serum or Plasma","Measurement",0,0,504,NA,NA,NA,NA,"SUPPRESSED_MINCELL",NA,5
3034780,"Angiotensin converting enzyme [Enzymatic activity/volume] in Serum or Plasma","Measurement",0,0,504,NA,NA,NA,NA,"SUPPRESSED_MINCELL",NA,5
3034639,"Hemoglobin A1c [Mass/volume] in Blood","Measurement",0,0,504,NA,NA,NA,NA,"SUPPRESSED_MINCELL",NA,5
3010340,"Triiodothyronine (T3) [Mass/volume] in Serum or Plasma","Measurement",0,0,504,NA,NA,NA,NA,"SUPPRESSED_MINCELL",NA,5
1989123,"Erythrocytes.ghost cells [#/volume] in Urine sediment by Computer assisted method","Measurement",0,0,504,NA,NA,NA,NA,"SUPPRESSED_MINCELL",NA,5
3027828,"Triiodothyronine (T3).reverse [Moles/volume] in Serum or Plasma","Measurement",0,0,504,NA,NA,NA,NA,"SUPPRESSED_MINCELL",NA,5
3030511,"Albumin [Mass/volume] in 24 hour Urine by Electrophoresis","Measurement",0,0,504,NA,NA,NA,NA,"SUPPRESSED_MINCELL",NA,5
3026076,"Alpha hydroxybutyrate dehydrogenase [Enzymatic activity/volume] in Serum or Plasma","Measurement",0,0,504,NA,NA,NA,NA,"SUPPRESSED_MINCELL",NA,5
3010084,"C peptide [Mass/volume] in Serum or Plasma","Measurement",0,0,504,NA,NA,NA,NA,"SUPPRESSED_MINCELL",NA,5
3016723,"Creatinine [Mass/volume] in Serum or Plasma","Measurement",0,0,504,NA,NA,NA,NA,"SUPPRESSED_MINCELL",NA,5
3029991,"Specific gravity of Urine by Refractometry automated","Measurement",0,0,504,NA,NA,NA,NA,"SUPPRESSED_MINCELL",NA,5
3016523,"Insulin [Moles/volume] in Serum or Plasma","Measurement",0,0,504,NA,NA,NA,NA,"SUPPRESSED_MINCELL",NA,5
42868533,"Mononuclear cells [#/volume] in Peritoneal fluid by Automated count","Measurement",0,0,504,NA,NA,NA,NA,"SUPPRESSED_MINCELL",NA,5
42869547,"Procollagen type III.N-terminal propeptide [Mass/volume] in Serum","Measurement",0,0,504,NA,NA,NA,NA,"SUPPRESSED_MINCELL",NA,5
3016407,"Fibrinogen [Mass/volume] in Platelet poor plasma by Coagulation assay","Measurement",0,0,504,NA,NA,NA,NA,"SUPPRESSED_MINCELL",NA,5
42529230,"Thyroxine (T4) [Mass/volume] in Serum or Plasma by Immunoassay","Measurement",0,0,504,NA,NA,NA,NA,"SUPPRESSED_MINCELL",NA,5
42528824,"Thyrotropin receptor Ab [Presence] in Serum","Measurement",0,0,504,NA,NA,NA,NA,"SUPPRESSED_MINCELL",NA,5
1988100,"Leukocytes [#/volume] in Peritoneal dialysis fluid by Automated count","Measurement",0,0,504,NA,NA,NA,NA,"SUPPRESSED_MINCELL",NA,5
40762352,"Hemoglobin A1c/Hemoglobin.total in Blood by IFCC protocol","Measurement",0,0,504,NA,NA,NA,NA,"SUPPRESSED_MINCELL",NA,5
36304079,"Mucus [Presence] in Urine sediment","Measurement",0,0,504,NA,NA,NA,NA,"SUPPRESSED_MINCELL",NA,5
3018731,"Cancer Ag 72-4 [Units/volume] in Serum or Plasma","Measurement",0,0,504,NA,NA,NA,NA,"SUPPRESSED_MINCELL",NA,5
3029794,"Leukocyte clumps [#/volume] in Urine by Automated count","Measurement",0,0,504,NA,NA,NA,NA,"SUPPRESSED_MINCELL",NA,5
21491346,"Pathologic casts [#/volume] in Urine by Automated count","Measurement",0,0,504,NA,NA,NA,NA,"SUPPRESSED_MINCELL",NA,5
3019900,"Cholesterol [Moles/volume] in Serum or Plasma","Measurement",0,0,504,NA,NA,NA,NA,"SUPPRESSED_MINCELL",NA,5
3012898,"Urea [Moles/volume] in Urine","Measurement",0,0,504,NA,NA,NA,NA,"SUPPRESSED_MINCELL",NA,5
3012413,"Glucose [Moles/volume] in Serum or Plasma --2 hours post meal","Measurement",0,0,504,NA,NA,NA,NA,"SUPPRESSED_MINCELL",NA,5
3011958,"Ammonia [Moles/volume] in Plasma","Measurement",0,0,504,NA,NA,NA,NA,"SUPPRESSED_MINCELL",NA,5
3022177,"Hepatitis B virus core Ab [Units/volume] in Serum by Radioimmunoassay (RIA)","Measurement",0,0,504,NA,NA,NA,NA,"SUPPRESSED_MINCELL",NA,5
3011904,"Phosphate [Mass/volume] in Serum or Plasma","Measurement",0,0,504,NA,NA,NA,NA,"SUPPRESSED_MINCELL",NA,5
3029790,"Creatine kinase.MB [Enzymatic activity/volume] in Serum or Plasma","Measurement",0,0,504,NA,NA,NA,NA,"SUPPRESSED_MINCELL",NA,5
3011544,"Albumin [Mass/volume] in Pleural fluid","Measurement",0,0,504,NA,NA,NA,NA,"SUPPRESSED_MINCELL",NA,5
3037121,"Protein [Mass/volume] in Urine","Measurement",0,0,504,NA,NA,NA,NA,"SUPPRESSED_MINCELL",NA,5
3036677,"Immunoglobulin light chains [Mass/volume] in Urine","Measurement",0,0,504,NA,NA,NA,NA,"SUPPRESSED_MINCELL",NA,5
46236951,"Amylase [Enzymatic activity/volume] in Serum, Plasma or Blood","Measurement",0,0,504,1,NA,NA,1,"ZERO_EVENTS",1,5
1259742,"Aldosterone/Renin [Ratio] in Serum or Plasma","Measurement",0,0,504,1,NA,NA,1,"ZERO_EVENTS",1,5
1617274,"Carbon dioxide, total [Moles/volume] in Central venous blood","Measurement",0,0,504,1,NA,NA,1,"ZERO_EVENTS",1,5
1988606,"C reactive protein [Units/volume] in Body fluid","Measurement",0,0,504,1,NA,NA,1,"ZERO_EVENTS",1,5
3000060,"B lymphocytes [#/volume] in Blood","Measurement",0,0,504,1,NA,NA,1,"ZERO_EVENTS",1,5
3000067,"Parathyrin.intact [Mass/volume] in Serum or Plasma","Measurement",0,0,504,1,NA,NA,1,"ZERO_EVENTS",1,5
3000620,"Complement C3 [Mass/volume] in Serum or Plasma","Measurement",0,0,504,1,NA,NA,1,"ZERO_EVENTS",1,5
3000659,"Cytokeratin 19 [Mass/volume] in Serum or Plasma","Measurement",0,0,504,1,NA,NA,1,"ZERO_EVENTS",1,5
3001019,"Free T4 and TSH panel - Serum or Plasma","Measurement",0,0,504,NA,NA,NA,NA,"SUPPRESSED_MINCELL",NA,5
3001582,"Protein/Creatinine [Mass Ratio] in Urine","Measurement",0,0,504,1,NA,NA,1,"ZERO_EVENTS",1,5
3001643,"Hemoglobin and Hematocrit panel - Blood","Measurement",0,0,504,1,NA,NA,1,"ZERO_EVENTS",1,5
3002032,"Base excess in Venous blood by calculation","Measurement",0,0,504,1,NA,NA,1,"ZERO_EVENTS",1,5
3002736,"Platelet distribution width [Entitic volume] in Blood by Automated count","Measurement",0,0,504,1,NA,NA,1,"ZERO_EVENTS",1,5
3003260,"Angiotensin II [Mass/volume] in Plasma","Measurement",0,0,504,1,NA,NA,1,"ZERO_EVENTS",1,5
3003745,"Microscopic observation [Identifier] in Urine by Gram stain","Measurement",0,0,504,1,NA,NA,1,"ZERO_EVENTS",1,5
3004327,"Lymphocytes [#/volume] in Blood by Automated count","Measurement",0,0,504,1,NA,NA,1,"ZERO_EVENTS",1,5
3004789,"Transferrin [Mass/volume] in Serum or Plasma","Measurement",0,0,504,1,NA,NA,1,"ZERO_EVENTS",1,5
3004905,"Lipase [Enzymatic activity/volume] in Serum or Plasma","Measurement",0,0,504,1,NA,NA,1,"ZERO_EVENTS",1,5
3005673,"Hemoglobin A1c/Hemoglobin.total in Blood by HPLC","Measurement",0,0,504,1,NA,NA,1,"ZERO_EVENTS",1,5
3005895,"Myoglobin [Mass/volume] in Serum or Plasma","Measurement",0,0,504,1,NA,NA,1,"ZERO_EVENTS",1,5
3005996,"Glucose [Mass/volume] in Serum or Plasma --3 hours post 1.2 g/kg lactose PO","Measurement",0,0,504,NA,NA,NA,NA,"SUPPRESSED_MINCELL",NA,5
3006297,"Platelets [#/volume] in Plasma","Measurement",0,0,504,1,NA,NA,1,"ZERO_EVENTS",1,5
3006453,"Hepatitis B virus surface Ab [Presence] in Serum by Immunoassay","Measurement",0,0,504,1,NA,NA,1,"ZERO_EVENTS",1,5
3006576,"Bicarbonate [Moles/volume] in Blood","Measurement",0,0,504,1,NA,NA,1,"ZERO_EVENTS",1,5
3007210,"Streptococcus pyogenes enzyme Ab [Presence] in Serum by Sheep Cell Agglutination","Measurement",0,0,504,NA,NA,NA,NA,"SUPPRESSED_MINCELL",NA,5
3008486,"Thyroxine (T4) free [Moles/volume] in Serum or Plasma","Measurement",0,0,504,1,NA,NA,1,"ZERO_EVENTS",1,5
3008877,"Alpha-1-acid glycoprotein [Mass/volume] in Serum or Plasma","Measurement",0,0,504,1,NA,NA,1,"ZERO_EVENTS",1,5
3008893,"Testosterone [Mass/volume] in Serum or Plasma","Measurement",0,0,504,1,NA,NA,1,"ZERO_EVENTS",1,5
3009214,"Lutropin [Units/volume] in Serum or Plasma","Measurement",0,0,504,1,NA,NA,1,"ZERO_EVENTS",1,5
3009609,"Carbon dioxide, total [Moles/volume] in Arterial blood","Measurement",0,0,504,1,NA,NA,1,"ZERO_EVENTS",1,5
3009931,"Hyaluronate [Mass/volume] in Serum or Plasma","Measurement",0,0,504,NA,NA,NA,NA,"SUPPRESSED_MINCELL",NA,5
3011337,"Aldosterone [Mass/volume] in Serum or Plasma","Measurement",0,0,504,1,NA,NA,1,"ZERO_EVENTS",1,5
3011960,"Natriuretic peptide B [Mass/volume] in Serum or Plasma","Measurement",0,0,504,1,NA,NA,1,"ZERO_EVENTS",1,5
3013194,"Chloride [Moles/volume] in Body fluid","Measurement",0,0,504,1,NA,NA,1,"ZERO_EVENTS",1,5
3014037,"CD3+CD4+ (T4 helper) cells/100 cells in Blood","Measurement",0,0,504,1,NA,NA,1,"ZERO_EVENTS",1,5
3014749,"Leukocytes [#/volume] in Urine by Test strip","Measurement",0,0,504,NA,NA,NA,NA,"SUPPRESSED_MINCELL",NA,5
3015242,"Ferritin [Mass/volume] in Serum or Plasma by Immunoassay","Measurement",0,0,504,1,NA,NA,1,"ZERO_EVENTS",1,5
3015378,"Treponema pallidum Ab [Units/volume] in Serum","Measurement",0,0,504,1,NA,NA,1,"ZERO_EVENTS",1,5
3016070,"Creatine kinase.MB [Enzymatic activity/volume] in Serum or Plasma by Electrophoresis","Measurement",0,0,504,NA,NA,NA,NA,"SUPPRESSED_MINCELL",NA,5
3016083,"Glucose [Mass/volume] in 24 hour Peritoneal dialysis fluid","Measurement",0,0,504,1,NA,NA,1,"ZERO_EVENTS",1,5
3016228,"CD19 cells/100 cells in Blood","Measurement",0,0,504,1,NA,NA,1,"ZERO_EVENTS",1,5
3016724,"Homocysteine [Moles/volume] in Serum or Plasma","Measurement",0,0,504,1,NA,NA,1,"ZERO_EVENTS",1,5
3016906,"Vancomycin [Mass/volume] in Body fluid","Measurement",0,0,504,1,NA,NA,1,"ZERO_EVENTS",1,5
3017250,"Creatinine [Mass/volume] in Urine","Measurement",0,0,504,1,NA,NA,1,"ZERO_EVENTS",1,5
3017315,"Amylase [Enzymatic activity/volume] in Urine","Measurement",0,0,504,NA,NA,NA,NA,"SUPPRESSED_MINCELL",NA,5
3017861,"Lactate dehydrogenase 2 [Enzymatic activity/volume] in Serum or Plasma","Measurement",0,0,504,1,NA,NA,1,"ZERO_EVENTS",1,5
3019446,"Platelet mean diameter [Entitic length] in Blood","Measurement",0,0,504,1,NA,NA,1,"ZERO_EVENTS",1,5
3019897,"Erythrocyte distribution width [Ratio] by Automated count","Measurement",0,0,504,1,NA,NA,1,"ZERO_EVENTS",1,5
3019930,"Urea nitrogen [Mass/volume] in Body fluid","Measurement",0,0,504,1,NA,NA,1,"ZERO_EVENTS",1,5
3019977,"pH of Arterial blood","Measurement",0,0,504,1,NA,NA,1,"ZERO_EVENTS",1,5
3021082,"Mycoplasma pneumoniae IgM Ab [Presence] in Serum","Measurement",0,0,504,1,NA,NA,1,"ZERO_EVENTS",1,5
3021200,"Thyroglobulin Ab [Units/volume] in Serum by Radioimmunoassay (RIA)","Measurement",0,0,504,1,NA,NA,1,"ZERO_EVENTS",1,5
3021797,"Glucose-6-Phosphate dehydrogenase [Enzymatic activity/volume] in Serum","Measurement",0,0,504,1,NA,NA,1,"ZERO_EVENTS",1,5
3022466,"Insulin [Mass/volume] in Serum or Plasma","Measurement",0,0,504,NA,NA,NA,NA,"SUPPRESSED_MINCELL",NA,5
3022533,"CD3 cells/100 cells in Blood","Measurement",0,0,504,1,NA,NA,1,"ZERO_EVENTS",1,5
3022893,"Aspartate aminotransferase/Alanine aminotransferase [Enzymatic activity ratio] in Serum or Plasma","Measurement",0,0,504,1,NA,NA,1,"ZERO_EVENTS",1,5
3022948,"Iron [Moles/volume] in Serum or Plasma","Measurement",0,0,504,1,NA,NA,1,"ZERO_EVENTS",1,5
3023091,"Interleukin 6 [Mass/volume] in Serum or Plasma","Measurement",0,0,504,1,NA,NA,1,"ZERO_EVENTS",1,5
3023202,"Hepatitis B virus e Ab [Units/volume] in Serum by Immunoassay","Measurement",0,0,504,1,NA,NA,1,"ZERO_EVENTS",1,5
3023314,"Hematocrit [Volume Fraction] of Blood by Automated count","Measurement",0,0,504,1,NA,NA,1,"ZERO_EVENTS",1,5
3023323,"Follitropin [Units/volume] in Serum or Plasma","Measurement",0,0,504,1,NA,NA,1,"ZERO_EVENTS",1,5
3024552,"Cancer Ag 19-9 [Presence] in Serum or Plasma","Measurement",0,0,504,1,NA,NA,1,"ZERO_EVENTS",1,5
3024731,"MCV [Entitic volume]","Measurement",0,0,504,1,NA,NA,1,"ZERO_EVENTS",1,5
3025285,"Estradiol (E2) [Mass/volume] in Serum or Plasma","Measurement",0,0,504,1,NA,NA,1,"ZERO_EVENTS",1,5
3025887,"Neutrophils.hypersegmented/100 leukocytes in Blood by Manual count","Measurement",0,0,504,1,NA,NA,1,"ZERO_EVENTS",1,5
3026692,"Albumin [Mass/volume] in Peritoneal fluid","Measurement",0,0,504,1,NA,NA,1,"ZERO_EVENTS",1,5
3027144,"Progesterone [Mass/volume] in Serum or Plasma","Measurement",0,0,504,1,NA,NA,1,"ZERO_EVENTS",1,5
3027206,"Corticotropin [Mass/volume] in Plasma by Radioimmunoassay (RIA)","Measurement",0,0,504,1,NA,NA,1,"ZERO_EVENTS",1,5
3027215,"Base excess standard in Venous blood by calculation","Measurement",0,0,504,1,NA,NA,1,"ZERO_EVENTS",1,5
3027801,"Oxygen [Partial pressure] in Arterial blood","Measurement",0,0,504,1,NA,NA,1,"ZERO_EVENTS",1,5
3028531,"Enolase.neuron specific [Mass/volume] in Serum or Plasma","Measurement",0,0,504,1,NA,NA,1,"ZERO_EVENTS",1,5
3029187,"Natriuretic peptide.B prohormone N-Terminal [Mass/volume] in Serum or Plasma","Measurement",0,0,504,1,NA,NA,1,"ZERO_EVENTS",1,5
3030306,"Epithelial cells.non-squamous [#/volume] in Urine by Automated count","Measurement",0,0,504,1,NA,NA,1,"ZERO_EVENTS",1,5
3031767,"Vascular endothelial growth factor [Mass/volume] in Serum or Plasma","Measurement",0,0,504,NA,NA,NA,NA,"SUPPRESSED_MINCELL",NA,5
3032632,"Band form neutrophils [#/volume] in Body fluid","Measurement",0,0,504,1,NA,NA,1,"ZERO_EVENTS",1,5
3032971,"Troponin I.cardiac [Mass/volume] in Serum or Plasma by Detection limit <= 0.01 ng/mL","Measurement",0,0,504,1,NA,NA,1,"ZERO_EVENTS",1,5
3034459,"Mononuclear cells/100 leukocytes in Pleural fluid","Measurement",0,0,504,1,NA,NA,1,"ZERO_EVENTS",1,5
3034485,"Albumin/Creatinine [Mass Ratio] in Urine","Measurement",0,0,504,1,NA,NA,1,"ZERO_EVENTS",1,5
3035529,"Creatinine renal clearance predicted by Cockcroft-Gault formula","Measurement",0,0,504,1,NA,NA,1,"ZERO_EVENTS",1,5
3036078,"Lutropin [Moles/volume] in Serum or Plasma","Measurement",0,0,504,1,NA,NA,1,"ZERO_EVENTS",1,5
3036428,"Adenosine deaminase [Enzymatic activity/volume] in Pleural fluid","Measurement",0,0,504,1,NA,NA,1,"ZERO_EVENTS",1,5
3036887,"Ammonia [Mass/volume] in Plasma","Measurement",0,0,504,1,NA,NA,1,"ZERO_EVENTS",1,5
3037202,"Fibrin+Fibrinogen fragments [Mass/volume] in Serum","Measurement",0,0,504,1,NA,NA,1,"ZERO_EVENTS",1,5
3037310,"Renin [Mass/volume] in Plasma","Measurement",0,0,504,1,NA,NA,1,"ZERO_EVENTS",1,5
3037524,"Glucose-6-Phosphate dehydrogenase [Enzymatic activity/volume] in Red Blood Cells","Measurement",0,0,504,1,NA,NA,1,"ZERO_EVENTS",1,5
3037850,"Specific gravity of Body fluid","Measurement",0,0,504,NA,NA,NA,NA,"SUPPRESSED_MINCELL",NA,5
3038334,"Lactate dehydrogenase in peritoneal fluid/Lactate dehydrogenase in serum","Measurement",0,0,504,1,NA,NA,1,"ZERO_EVENTS",1,5
3040208,"Hepatitis E virus IgM Ab [Units/volume] in Serum","Measurement",0,0,504,1,NA,NA,1,"ZERO_EVENTS",1,5
3040659,"Glucose [Moles/volume] in Serum or Plasma --1 hour post meal","Measurement",0,0,504,NA,NA,NA,NA,"SUPPRESSED_MINCELL",NA,5
3046044,"N-acetyl-beta-glucosaminidase [Enzymatic activity/volume] in Urine","Measurement",0,0,504,1,NA,NA,1,"ZERO_EVENTS",1,5
3046279,"Procalcitonin [Mass/volume] in Serum or Plasma","Measurement",0,0,504,1,NA,NA,1,"ZERO_EVENTS",1,5
3048516,"Microalbumin/Protein.total in 24 hour Urine","Measurement",0,0,504,1,NA,NA,1,"ZERO_EVENTS",1,5
3051714,"Fibrin D-dimer FEU [Mass/volume] in Platelet poor plasma","Measurement",0,0,504,1,NA,NA,1,"ZERO_EVENTS",1,5
3052007,"Protein Fractions [Interpretation] in Body fluid","Measurement",0,0,504,1,NA,NA,1,"ZERO_EVENTS",1,5
4263457,"Aspartate aminotransferase measurement","Measurement",0,0,504,1,NA,NA,1,"ZERO_EVENTS",1,5
21491865,"Prolactin.dimeric/Prolactin in Serum or Plasma","Measurement",0,0,504,1,NA,NA,1,"ZERO_EVENTS",1,5
21493866,"Erythrocytes [#/volume] in Peritoneal dialysis fluid by Automated count","Measurement",0,0,504,1,NA,NA,1,"ZERO_EVENTS",1,5
21493867,"HIV 2 Ab [Presence] in Serum, Plasma or Blood by Rapid immunoassay","Measurement",0,0,504,1,NA,NA,1,"ZERO_EVENTS",1,5
36031203,"Mononuclear cells [#] in Blood product unit","Measurement",0,0,504,1,NA,NA,1,"ZERO_EVENTS",1,5
40759718,"Epstein Barr virus early IgM Ab [Units/volume] in Serum by Immunoassay","Measurement",0,0,504,1,NA,NA,1,"ZERO_EVENTS",1,5
40760213,"Phenol [Mass/volume] adjusted to specific gravity 1.024 in Urine","Measurement",0,0,504,NA,NA,NA,NA,"SUPPRESSED_MINCELL",NA,5
40760909,"Oxygen content in Blood by calculation","Measurement",0,0,504,1,NA,NA,1,"ZERO_EVENTS",1,5
40769783,"Troponin T.cardiac [Mass/volume] in Serum or Plasma by High sensitivity method","Measurement",0,0,504,1,NA,NA,1,"ZERO_EVENTS",1,5
42529190,"Alpha-1-Fetoprotein [Mass/volume] in Serum or Plasma by Immunoassay","Measurement",0,0,504,1,NA,NA,1,"ZERO_EVENTS",1,5
42529194,"Beta-2-Microglobulin [Mass/volume] in Urine by Immunoassay","Measurement",0,0,504,1,NA,NA,1,"ZERO_EVENTS",1,5
42529205,"Cortisol [Mass/volume] in Serum or Plasma by Immunoassay","Measurement",0,0,504,1,NA,NA,1,"ZERO_EVENTS",1,5
42529231,"Thyroxine (T4) [Moles/volume] in Serum or Plasma by Immunoassay","Measurement",0,0,504,1,NA,NA,1,"ZERO_EVENTS",1,5
42868453,"Bicarbonate [Moles/volume] standard in Plasma","Measurement",0,0,504,1,NA,NA,1,"ZERO_EVENTS",1,5
43055410,"Prostate Specific Ag Free/Prostate specific Ag.total [Pure mass fraction] in Serum or Plasma","Measurement",0,0,504,1,NA,NA,1,"ZERO_EVENTS",1,5
43055483,"Glucose in serum - glucose in peritoneal fluid [Molar concentration difference]","Measurement",0,0,504,1,NA,NA,1,"ZERO_EVENTS",1,5
43534062,"3-epi-25-Hydroxyvitamin D3/25-hydroxyvitamin D.total in Serum or Plasma","Measurement",0,0,504,1,NA,NA,1,"ZERO_EVENTS",1,5
46234928,"Hepatitis B virus e Ab [Presence] in Serum, Plasma or Blood by Rapid immunoassay","Measurement",0,0,504,1,NA,NA,1,"ZERO_EVENTS",1,5
46234929,"Hepatitis B virus e Ag [Presence] in Serum, Plasma or Blood by Rapid immunoassay","Measurement",0,0,504,1,NA,NA,1,"ZERO_EVENTS",1,5
