"outcome_concept_id","outcome_name","outcome_domain","post_events","pre_events","n_exposures","irr","ci95l","ci95u","p","reason_code","p_adj","min_cell_count"
4064161,"Cirrhosis of liver","Condition",226,262,504,0.834769761142576,0.695586076481172,1.00117257128599,0.0514496566344752,"OK",0.443077542201798,5
194574,"Chronic type B viral hepatitis","Condition",190,218,504,0.843444806155667,0.69065961280278,1.02930156761705,0.0921991645525052,"OK",0.582410988440618,5
37116804,"Improved dentition","Condition",131,147,504,0.862409479921001,0.676202644461981,1.09891950827914,0.23036001415966,"OK",0.945967537081283,5
443392,"Malignant neoplastic disease","Condition",129,143,504,0.872997969772163,0.682711452467125,1.11541849657529,0.275248977266731,"OK",0.986606723709323,5
4246127,"Malignant neoplasm of liver","Condition",126,140,504,0.870967741935484,0.679169452588602,1.11598412805769,0.270004730407728,"OK",0.98054349463859,5
201519,"Primary malignant neoplasm of liver","Condition",97,106,504,0.88557516737675,0.665375978656388,1.1775281063242,0.400154652697832,"OK",1,5
45771255,"Compensated liver disease","Condition",86,88,504,0.94574780058651,0.694340350290628,1.28781207606257,0.761789263782119,"OK",1,5
4225273,"Chronic gastritis","Condition",71,83,504,0.827827438787408,0.594394944768152,1.1503410022032,0.259458501818907,"OK",0.967710087865114,5
4094864,"Primary carcinoma of liver","Condition",68,74,504,0.889276373147341,0.630257083792621,1.25308322651829,0.502733127917844,"OK",1,5
196951,"Chronic congestive splenomegaly","Condition",62,79,504,0.759493670886076,0.535667820719305,1.07268954517171,0.10979753846428,"OK",0.617809872496252,5
4296301,"Hepatic congestion","Condition",62,63,504,0.952380952380952,0.659760837252761,1.37439014285225,0.789265036952492,"OK",1,5
24966,"Esophageal varices","Condition",46,60,504,0.741935483870968,0.494046114754209,1.10778204367562,0.144853770413802,"OK",0.674569580118044,5
43530637,"Postprocedural fever","Condition",43,33,504,1.26099706744868,0.78262051062114,2.04866952028041,0.359032275616184,"OK",1,5
3039312,"Plateletcrit [Volume Fraction] in Blood","Measurement",30,6,504,4.83870967741935,1.98164832867827,14.2196388919241,7.49079282222969e-05,"OK",0.0115059313252969,5
3006923,"Alanine aminotransferase [Enzymatic activity/volume] in Serum or Plasma","Measurement",27,11,504,2.37536656891496,1.14048100843407,5.30626281131775,0.0143306742758676,"OK",0.164802754172477,5
3000905,"Leukocytes [#/volume] in Blood by Automated count","Measurement",26,8,504,3.14516129032258,1.38281308674007,8.03770738160216,0.00306113151410195,"OK",0.0768065725356489,5
3025839,"Triglyceride [Moles/volume] in Serum or Plasma","Measurement",25,9,504,2.68817204301075,1.21374681496511,6.54476801047723,0.0093497531643457,"OK",0.135817467018916,5
3024386,"Platelet mean volume [Entitic volume] in Blood by Rees-Ecker","Measurement",25,6,504,4.03225806451613,1.61474770115068,12.0186143318019,0.000919593218749545,"OK",0.0455869350801293,5
3017732,"Neutrophils [#/volume] in Blood","Measurement",24,8,504,2.90322580645161,1.26182454104253,7.4755983695432,0.00723801226595292,"OK",0.120693687749009,5
3028437,"Cholesterol in LDL [Mass/volume] in Serum or Plasma","Measurement",21,7,504,2.90322580645161,1.18895209452363,8.08435902465509,0.0128652189994146,"OK",0.154382627992976,5
3016682,"Platelets [#/volume] in Plasma by Automated count","Measurement",21,5,504,4.06451612903226,1.49154228487172,13.7961002887056,0.00257717888929288,"OK",0.0729071641365129,5
3001604,"Monocytes [#/volume] in Blood","Measurement",21,7,504,2.90322580645161,1.18895209452363,8.08435902465509,0.0128652189994146,"OK",0.154382627992976,5
3022096,"Basophils/100 leukocytes in Blood","Measurement",0,0,504,NA,NA,NA,NA,"SUPPRESSED_MINCELL",NA,5
3026710,"Lymphocytes [#/volume] in Blood by Flow cytometry (FC)","Measurement",20,8,504,2.41935483870968,1.02076215398238,6.35052377394611,0.0363833527657836,"OK",0.346269150460561,5
3009596,"Cholesterol in VLDL [Mass/volume] in Serum or Plasma by calculation","Measurement",20,9,504,2.1505376344086,0.936050066655008,5.36374412140331,0.0624314040247788,"OK",0.443077542201798,5
3010457,"Eosinophils/100 leukocytes in Blood by Automated count","Measurement",19,6,504,3.06451612903226,1.17665786525927,9.37531085674884,0.0149572365099139,"OK",0.16512789106945,5
3009744,"MCHC [Mass/volume] by Automated count","Measurement",19,11,504,1.67155425219941,0.755935884459722,3.88799620834645,0.202305408076931,"OK",0.915349059495622,5
3043688,"Hemoglobin [Mass/volume] in Body fluid","Measurement",19,8,504,2.29838709677419,0.960746665642284,6.06902229480435,0.0530840401912071,"OK",0.443077542201798,5
3013721,"Aspartate aminotransferase [Enzymatic activity/volume] in Serum or Plasma","Measurement",0,0,504,NA,NA,NA,NA,"SUPPRESSED_MINCELL",NA,5
3964927,"Monocytes/100 leukocytes in Blood by Flow cytometry (FC)","Measurement",0,0,504,NA,NA,NA,NA,"SUPPRESSED_MINCELL",NA,5
4177611,"Finding of wound healing","Condition",17,19,504,0.865874363327674,0.42279295080735,1.75933797368901,0.739920353525147,"OK",1,5
3039417,"Platelet distribution width [Ratio] in Blood","Measurement",0,0,504,NA,NA,NA,NA,"SUPPRESSED_MINCELL",NA,5
3020416,"Erythrocytes [#/volume] in Blood by Automated count","Measurement",0,0,504,NA,NA,NA,NA,"SUPPRESSED_MINCELL",NA,5
3003805,"Alpha fucosidase [Enzymatic activity/volume] in Serum or Plasma","Measurement",0,0,504,NA,NA,NA,NA,"SUPPRESSED_MINCELL",NA,5
46236948,"Glucose [Moles/volume] in Serum, Plasma or Blood","Measurement",0,0,504,NA,NA,NA,NA,"SUPPRESSED_MINCELL",NA,5
46235078,"Potassium [Moles/volume] in Serum, Plasma or Blood","Measurement",0,0,504,NA,NA,NA,NA,"SUPPRESSED_MINCELL",NA,5
3002888,"Erythrocyte distribution width [Entitic volume]","Measurement",14,5,504,2.70967741935484,0.922270705940356,9.61262903559338,0.0642358591950826,"OK",0.443077542201798,5
3024561,"Albumin [Mass/volume] in Serum or Plasma","Measurement",14,5,504,2.70967741935484,0.922270705940356,9.61262903559338,0.0642358591950826,"OK",0.443077542201798,5
3034426,"Prothrombin time (PT)","Measurement",14,0,504,Inf,3.21011872208435,Inf,0.00012506447092714,"OK",0.0115059313252969,5
3037511,"Lymphocytes/100 leukocytes in Blood by Automated count","Measurement",0,0,504,NA,NA,NA,NA,"SUPPRESSED_MINCELL",NA,5
3005353,"Prothrombin activity actual/normal in Platelet poor plasma by Coagulation assay","Measurement",14,0,504,Inf,3.21011872208435,Inf,0.00012506447092714,"OK",0.0115059313252969,5
3027114,"Cholesterol [Mass/volume] in Serum or Plasma","Measurement",14,8,504,1.69354838709677,0.663036439152598,4.65933737543926,0.287711790119516,"OK",1,5
3018010,"Neutrophils/100 leukocytes in Blood","Measurement",14,6,504,2.25806451612903,0.815163780185447,7.16922093689074,0.116291699308797,"OK",0.617809872496252,5
37172783,"Alpha-fetoprotein mass concentration in plasma","Measurement",14,5,504,2.70967741935484,0.922270705940356,9.61262903559338,0.0642358591950826,"OK",0.443077542201798,5
4003834,"Malignant immunoproliferative disease (clinical)","Condition",13,18,504,0.698924731182796,0.314844002540577,1.50882644673379,0.37116954892757,"OK",1,5
3035995,"Alkaline phosphatase [Enzymatic activity/volume] in Serum or Plasma","Measurement",13,5,504,2.51612903225806,0.84179130815111,9.01420541894914,0.0970517622400982,"OK",0.595250808405936,5
3052964,"Fibrinogen [Mass/volume] in Platelet poor plasma by Coagulation.derived","Measurement",0,0,504,NA,NA,NA,NA,"SUPPRESSED_MINCELL",NA,5
3009932,"Eosinophils [#/volume] in Blood by Manual count","Measurement",0,0,504,NA,NA,NA,NA,"SUPPRESSED_MINCELL",NA,5
3010963,"Hepatitis B virus e Ab [Units/volume] in Serum by Radioimmunoassay (RIA)","Measurement",0,0,504,NA,NA,NA,NA,"SUPPRESSED_MINCELL",NA,5
3020509,"Albumin/Globulin [Mass Ratio] in Serum or Plasma","Measurement",12,5,504,2.32258064516129,0.761657316941435,8.41546559872284,0.144376439844984,"OK",0.674569580118044,5
3001127,"Alpha 1 antitrypsin [Mass/volume] in Serum or Plasma by Nephelometry","Measurement",0,0,504,NA,NA,NA,NA,"SUPPRESSED_MINCELL",NA,5
3010866,"Cholinesterase [Enzymatic activity/volume] in Serum or Plasma","Measurement",0,0,504,NA,NA,NA,NA,"SUPPRESSED_MINCELL",NA,5
43534077,"Urea [Moles/volume] in Blood","Measurement",0,0,504,NA,NA,NA,NA,"SUPPRESSED_MINCELL",NA,5
3032080,"INR in Blood by Coagulation assay","Measurement",11,0,504,Inf,2.42886692220902,Inf,0.000991020327828899,"OK",0.0455869350801293,5
3010568,"Globulin [Mass/volume] in Plasma","Measurement",0,0,504,NA,NA,NA,NA,"SUPPRESSED_MINCELL",NA,5
3052649,"Adenosine deaminase [Enzymatic activity/volume] in Serum or Plasma","Measurement",0,0,504,NA,NA,NA,NA,"SUPPRESSED_MINCELL",NA,5
3006742,"Cancer Ag 15-3 [Presence] in Serum or Plasma","Measurement",10,5,504,1.93548387096774,0.602767310660668,7.21673797824919,0.302742440721018,"OK",1,5
3003470,"Hepatitis C virus Ab [Units/volume] in Serum by Immunoassay","Measurement",0,0,504,NA,NA,NA,NA,"SUPPRESSED_MINCELL",NA,5
3015759,"IgM [Presence] in Serum","Measurement",0,0,504,NA,NA,NA,NA,"SUPPRESSED_MINCELL",NA,5
3029707,"Crystals [#/volume] in Urine by Automated count","Measurement",0,0,504,NA,NA,NA,NA,"SUPPRESSED_MINCELL",NA,5
40766836,"Hemoglobins that can be presumptively identified based on available controls in DBS","Measurement",0,0,504,NA,NA,NA,NA,"SUPPRESSED_MINCELL",NA,5
3023599,"MCV [Entitic volume] by Automated count","Measurement",0,0,504,NA,NA,NA,NA,"SUPPRESSED_MINCELL",NA,5
46235079,"Carbon dioxide, total [Moles/volume] in Serum, Plasma or Blood","Measurement",0,0,504,NA,NA,NA,NA,"SUPPRESSED_MINCELL",NA,5
3014791,"Apolipoprotein B [Mass/volume] in Serum or Plasma","Measurement",8,10,504,0.774193548387097,0.265524019012507,2.17865308229566,0.642906643649874,"OK",1,5
3028638,"Bilirubin.direct [Moles/volume] in Serum or Plasma","Measurement",0,0,504,NA,NA,NA,NA,"SUPPRESSED_MINCELL",NA,5
3028465,"Gamma glutamyl transferase [Enzymatic activity/volume] in Body fluid","Measurement",8,5,504,1.54838709677419,0.44662558537693,6.01556411312496,0.581729770445018,"OK",1,5
3028110,"Bile acid [Moles/volume] in Serum or Plasma","Measurement",8,5,504,1.54838709677419,0.44662558537693,6.01556411312496,0.581729770445018,"OK",1,5
42529199,"Cancer Ag 125 [Units/volume] in Serum or Plasma by Immunoassay","Measurement",0,0,504,NA,NA,NA,NA,"SUPPRESSED_MINCELL",NA,5
3007242,"Bilirubin.indirect [Moles/volume] in Serum or Plasma","Measurement",0,0,504,NA,NA,NA,NA,"SUPPRESSED_MINCELL",NA,5
3007835,"Cancer Ag 125 [Presence] in Serum or Plasma","Measurement",8,0,504,Inf,1.65190702158026,Inf,0.00787132746189188,"OK",0.120693687749009,5
3002590,"Prealbumin [Mass/volume] in Serum or Plasma by Electrophoresis","Measurement",0,0,504,NA,NA,NA,NA,"SUPPRESSED_MINCELL",NA,5
3020630,"Protein [Mass/volume] in Serum or Plasma","Measurement",8,6,504,1.29032258064516,0.39261050034531,4.51176637615079,0.790921089230781,"OK",1,5
42869583,"Hematocrit [Pure volume fraction] of Body fluid","Measurement",7,6,504,1.12903225806452,0.324899613542721,4.06648603569403,1,"OK",1,5
3009542,"Hematocrit [Volume Fraction] of Blood","Measurement",0,0,504,NA,NA,NA,NA,"SUPPRESSED_MINCELL",NA,5
40759253,"Cholesterol in HDL 2a [Moles/volume] in Serum or Plasma","Measurement",0,0,504,NA,NA,NA,NA,"SUPPRESSED_MINCELL",NA,5
3027651,"Basophils [#/volume] in Blood by Manual count","Measurement",0,0,504,NA,NA,NA,NA,"SUPPRESSED_MINCELL",NA,5
3024128,"Bilirubin.total [Mass/volume] in Serum or Plasma","Measurement",0,0,504,NA,NA,NA,NA,"SUPPRESSED_MINCELL",NA,5
3007070,"Cholesterol in HDL [Mass/volume] in Serum or Plasma","Measurement",0,0,504,NA,NA,NA,NA,"SUPPRESSED_MINCELL",NA,5
3045975,"IgA [Presence] in Serum","Measurement",0,0,504,NA,NA,NA,NA,"SUPPRESSED_MINCELL",NA,5
3005162,"Calcium [Moles/volume] in Blood","Measurement",0,0,504,NA,NA,NA,NA,"SUPPRESSED_MINCELL",NA,5
3014576,"Chloride [Moles/volume] in Serum or Plasma","Measurement",0,0,504,NA,NA,NA,NA,"SUPPRESSED_MINCELL",NA,5
3030366,"Cystatin C [Mass/volume] in Serum or Plasma","Measurement",0,0,504,NA,NA,NA,NA,"SUPPRESSED_MINCELL",NA,5
3018853,"Superoxide dismutase [Enzymatic activity/volume] in Plasma","Measurement",5,0,504,Inf,0.886795990950445,Inf,0.0626679881705994,"OK",0.443077542201798,5
3026910,"Gamma glutamyl transferase [Enzymatic activity/volume] in Serum or Plasma","Measurement",0,0,504,NA,NA,NA,NA,"SUPPRESSED_MINCELL",NA,5
40760007,"HIV 1+2 Ab+HIV1 p24 Ag [Presence] in Serum or Plasma by Immunoassay","Measurement",5,0,504,Inf,0.886795990950445,Inf,0.0626679881705994,"OK",0.443077542201798,5
3030981,"Hyaline casts [#/volume] in Urine by Automated count","Measurement",5,0,504,Inf,0.886795990950445,Inf,0.0626679881705994,"OK",0.443077542201798,5
1002070,"Acarboxyprothrombin [Units/volume] in Serum or Plasma","Measurement",0,0,504,NA,NA,NA,NA,"SUPPRESSED_MINCELL",NA,5
3008342,"Neutrophils/100 leukocytes in Blood by Automated count","Measurement",0,0,504,NA,NA,NA,NA,"SUPPRESSED_MINCELL",NA,5
42869548,"Treponema pallidum Ab [Titer] in Serum or Plasma by Agglutination","Measurement",0,0,504,NA,NA,NA,NA,"SUPPRESSED_MINCELL",NA,5
3031305,"aPTT panel - Platelet poor plasma","Measurement",0,0,504,NA,NA,NA,NA,"SUPPRESSED_MINCELL",NA,5
3008364,"Apolipoprotein A-I [Mass/volume] in Serum or Plasma","Measurement",0,0,504,NA,NA,NA,NA,"SUPPRESSED_MINCELL",NA,5
3010156,"C reactive protein [Mass/volume] in Serum or Plasma by High sensitivity method","Measurement",0,0,504,NA,NA,NA,NA,"SUPPRESSED_MINCELL",NA,5
3028286,"Albumin [Mass/volume] in Serum or Plasma by Electrophoresis","Measurement",0,0,504,NA,NA,NA,NA,"SUPPRESSED_MINCELL",NA,5
3010748,"Hematocrit/Hemoglobin [Ratio] of Blood by Automated count","Measurement",0,0,504,NA,NA,NA,NA,"SUPPRESSED_MINCELL",NA,5
3010813,"Leukocytes [#/volume] in Blood","Measurement",0,0,504,NA,NA,NA,NA,"SUPPRESSED_MINCELL",NA,5
3029879,"Epithelial cells.squamous [#/volume] in Urine by Automated count","Measurement",0,0,504,NA,NA,NA,NA,"SUPPRESSED_MINCELL",NA,5
3966438,"CE Ab [Presence] in Serum or Plasma","Measurement",0,0,504,NA,NA,NA,NA,"SUPPRESSED_MINCELL",NA,5
3016436,"Lactate dehydrogenase [Enzymatic activity/volume] in Serum or Plasma","Measurement",0,0,504,NA,NA,NA,NA,"SUPPRESSED_MINCELL",NA,5
1988277,"Alpha-1-Fetoprotein L3 [Mass/volume] in Serum or Plasma by Immunoassay","Measurement",0,0,504,NA,NA,NA,NA,"SUPPRESSED_MINCELL",NA,5
46234930,"Hepatitis B virus surface Ab [Presence] in Serum, Plasma or Blood by Rapid immunoassay","Measurement",0,0,504,NA,NA,NA,NA,"SUPPRESSED_MINCELL",NA,5
46235784,"Sodium [Moles/volume] in Serum, Plasma or Blood","Measurement",0,0,504,NA,NA,NA,NA,"SUPPRESSED_MINCELL",NA,5
3008304,"Triiodothyronine (T3) [Moles/volume] in Serum or Plasma","Measurement",0,0,504,NA,NA,NA,NA,"SUPPRESSED_MINCELL",NA,5
3002656,"Lipoproteins [Mass/volume] in Serum or Plasma","Measurement",0,0,504,NA,NA,NA,NA,"SUPPRESSED_MINCELL",NA,5
3009105,"Erythrocytes [#/volume] in Urine by Test strip","Measurement",0,0,504,NA,NA,NA,NA,"SUPPRESSED_MINCELL",NA,5
3018677,"aPTT in Platelet poor plasma by Coagulation assay","Measurement",0,0,504,NA,NA,NA,NA,"SUPPRESSED_MINCELL",NA,5
1617538,"24 hour predicted protein [Mass/time] based on random Urine by calculation","Measurement",0,0,504,NA,NA,NA,NA,"SUPPRESSED_MINCELL",NA,5
3022764,"Mononuclear cells/100 leukocytes in Peritoneal fluid","Measurement",0,0,504,NA,NA,NA,NA,"SUPPRESSED_MINCELL",NA,5
3011705,"Protein [Mass/volume] in 24 hour Urine","Measurement",0,0,504,NA,NA,NA,NA,"SUPPRESSED_MINCELL",NA,5
3018095,"Leukocytes [#/volume] in Urine","Measurement",0,0,504,NA,NA,NA,NA,"SUPPRESSED_MINCELL",NA,5
3009201,"Thyrotropin [Units/volume] in Serum or Plasma","Measurement",0,0,504,NA,NA,NA,NA,"SUPPRESSED_MINCELL",NA,5
3000034,"Microalbumin [Mass/volume] in Urine","Measurement",0,0,504,NA,NA,NA,NA,"SUPPRESSED_MINCELL",NA,5
3032567,"Hepatitis B virus DNA [Units/volume] (viral load) in Serum or Plasma by NAA with probe detection","Measurement",0,0,504,NA,NA,NA,NA,"SUPPRESSED_MINCELL",NA,5
3012095,"Magnesium [Moles/volume] in Serum or Plasma","Measurement",0,0,504,NA,NA,NA,NA,"SUPPRESSED_MINCELL",NA,5
3031987,"Alpha-1-Fetoprotein L3/Alpha-1-fetoprotein.total in Serum or Plasma","Measurement",0,0,504,NA,NA,NA,NA,"SUPPRESSED_MINCELL",NA,5
3004391,"Epithelial cells [#/volume] in Urine by Manual count","Measurement",0,0,504,NA,NA,NA,NA,"SUPPRESSED_MINCELL",NA,5
3039902,"Granular casts [#/volume] in Urine by Computer assisted method","Measurement",0,0,504,NA,NA,NA,NA,"SUPPRESSED_MINCELL",NA,5
3007220,"Creatine kinase [Enzymatic activity/volume] in Serum or Plasma","Measurement",0,0,504,NA,NA,NA,NA,"SUPPRESSED_MINCELL",NA,5
3012516,"Albumin [Mass/volume] in Urine","Measurement",0,0,504,NA,NA,NA,NA,"SUPPRESSED_MINCELL",NA,5
3011724,"Hepatitis B virus e Ag [Presence] in Serum by Radioimmunoassay (RIA)","Measurement",0,0,504,NA,NA,NA,NA,"SUPPRESSED_MINCELL",NA,5
46236949,"Alanine aminotransferase [Enzymatic activity/volume] in Serum, Plasma or Blood","Measurement",0,0,504,NA,NA,NA,NA,"SUPPRESSED_MINCELL",NA,5
3036677,"Immunoglobulin light chains [Mass/volume] in Urine","Measurement",0,0,504,NA,NA,NA,NA,"SUPPRESSED_MINCELL",NA,5
3008143,"IgG [Presence] in Serum","Measurement",0,0,504,NA,NA,NA,NA,"SUPPRESSED_MINCELL",NA,5
3010340,"Triiodothyronine (T3) [Mass/volume] in Serum or Plasma","Measurement",0,0,504,NA,NA,NA,NA,"SUPPRESSED_MINCELL",NA,5
3012413,"Glucose [Moles/volume] in Serum or Plasma --2 hours post meal","Measurement",0,0,504,NA,NA,NA,NA,"SUPPRESSED_MINCELL",NA,5
3034780,"Angiotensin converting enzyme [Enzymatic activity/volume] in Serum or Plasma","Measurement",0,0,504,NA,NA,NA,NA,"SUPPRESSED_MINCELL",NA,5
3034639,"Hemoglobin A1c [Mass/volume] in Blood","Measurement",0,0,504,NA,NA,NA,NA,"SUPPRESSED_MINCELL",NA,5
42869547,"Procollagen type III.N-terminal propeptide [Mass/volume] in Serum","Measurement",0,0,504,NA,NA,NA,NA,"SUPPRESSED_MINCELL",NA,5
3022177,"Hepatitis B virus core Ab [Units/volume] in Serum by Radioimmunoassay (RIA)","Measurement",0,0,504,NA,NA,NA,NA,"SUPPRESSED_MINCELL",NA,5
3010084,"C peptide [Mass/volume] in Serum or Plasma","Measurement",0,0,504,NA,NA,NA,NA,"SUPPRESSED_MINCELL",NA,5
1989123,"Erythrocytes.ghost cells [#/volume] in Urine sediment by Computer assisted method","Measurement",0,0,504,NA,NA,NA,NA,"SUPPRESSED_MINCELL",NA,5
3026076,"Alpha hydroxybutyrate dehydrogenase [Enzymatic activity/volume] in Serum or Plasma","Measurement",0,0,504,NA,NA,NA,NA,"SUPPRESSED_MINCELL",NA,5
3009577,"Iron binding capacity [Moles/volume] in Serum or Plasma","Measurement",0,0,504,NA,NA,NA,NA,"SUPPRESSED_MINCELL",NA,5
3030511,"Albumin [Mass/volume] in 24 hour Urine by Electrophoresis","Measurement",0,0,504,NA,NA,NA,NA,"SUPPRESSED_MINCELL",NA,5
42528824,"Thyrotropin receptor Ab [Presence] in Serum","Measurement",0,0,504,NA,NA,NA,NA,"SUPPRESSED_MINCELL",NA,5
42529230,"Thyroxine (T4) [Mass/volume] in Serum or Plasma by Immunoassay","Measurement",0,0,504,NA,NA,NA,NA,"SUPPRESSED_MINCELL",NA,5
1988100,"Leukocytes [#/volume] in Peritoneal dialysis fluid by Automated count","Measurement",0,0,504,NA,NA,NA,NA,"SUPPRESSED_MINCELL",NA,5
40762352,"Hemoglobin A1c/Hemoglobin.total in Blood by IFCC protocol","Measurement",0,0,504,NA,NA,NA,NA,"SUPPRESSED_MINCELL",NA,5
42868533,"Mononuclear cells [#/volume] in Peritoneal fluid by Automated count","Measurement",0,0,504,NA,NA,NA,NA,"SUPPRESSED_MINCELL",NA,5
3011958,"Ammonia [Moles/volume] in Plasma","Measurement",0,0,504,NA,NA,NA,NA,"SUPPRESSED_MINCELL",NA,5
3016723,"Creatinine [Mass/volume] in Serum or Plasma","Measurement",0,0,504,NA,NA,NA,NA,"SUPPRESSED_MINCELL",NA,5
3016523,"Insulin [Moles/volume] in Serum or Plasma","Measurement",0,0,504,NA,NA,NA,NA,"SUPPRESSED_MINCELL",NA,5
36304079,"Mucus [Presence] in Urine sediment","Measurement",0,0,504,NA,NA,NA,NA,"SUPPRESSED_MINCELL",NA,5
3016407,"Fibrinogen [Mass/volume] in Platelet poor plasma by Coagulation assay","Measurement",0,0,504,NA,NA,NA,NA,"SUPPRESSED_MINCELL",NA,5
21491346,"Pathologic casts [#/volume] in Urine by Automated count","Measurement",0,0,504,NA,NA,NA,NA,"SUPPRESSED_MINCELL",NA,5
3015736,"pH of Urine","Measurement",0,0,504,NA,NA,NA,NA,"SUPPRESSED_MINCELL",NA,5
3015377,"Calcium [Moles/volume] in Serum or Plasma","Measurement",0,0,504,NA,NA,NA,NA,"SUPPRESSED_MINCELL",NA,5
3003785,"Carcinoembryonic Ag [Mass/volume] in Serum or Plasma","Measurement",0,0,504,NA,NA,NA,NA,"SUPPRESSED_MINCELL",NA,5
3005029,"Protein [Mass/volume] in Body fluid","Measurement",0,0,504,NA,NA,NA,NA,"SUPPRESSED_MINCELL",NA,5
3040139,"Yeast.hyphae [#/volume] in Urine by Computer assisted method","Measurement",0,0,504,NA,NA,NA,NA,"SUPPRESSED_MINCELL",NA,5
3029790,"Creatine kinase.MB [Enzymatic activity/volume] in Serum or Plasma","Measurement",0,0,504,NA,NA,NA,NA,"SUPPRESSED_MINCELL",NA,5
3012898,"Urea [Moles/volume] in Urine","Measurement",0,0,504,NA,NA,NA,NA,"SUPPRESSED_MINCELL",NA,5
3037121,"Protein [Mass/volume] in Urine","Measurement",0,0,504,NA,NA,NA,NA,"SUPPRESSED_MINCELL",NA,5
3018913,"Phosphate [Moles/volume] in Blood","Measurement",0,0,504,NA,NA,NA,NA,"SUPPRESSED_MINCELL",NA,5
3019284,"Hepatitis B virus surface Ag [Presence] in Serum","Measurement",0,0,504,NA,NA,NA,NA,"SUPPRESSED_MINCELL",NA,5
46236951,"Amylase [Enzymatic activity/volume] in Serum, Plasma or Blood","Measurement",0,0,504,1,NA,NA,1,"ZERO_EVENTS",1,5
1259742,"Aldosterone/Renin [Ratio] in Serum or Plasma","Measurement",0,0,504,1,NA,NA,1,"ZERO_EVENTS",1,5
1617274,"Carbon dioxide, total [Moles/volume] in Central venous blood","Measurement",0,0,504,1,NA,NA,1,"ZERO_EVENTS",1,5
1988606,"C reactive protein [Units/volume] in Body fluid","Measurement",0,0,504,1,NA,NA,1,"ZERO_EVENTS",1,5
3000060,"B lymphocytes [#/volume] in Blood","Measurement",0,0,504,1,NA,NA,1,"ZERO_EVENTS",1,5
3000067,"Parathyrin.intact [Mass/volume] in Serum or Plasma","Measurement",0,0,504,1,NA,NA,1,"ZERO_EVENTS",1,5
3000620,"Complement C3 [Mass/volume] in Serum or Plasma","Measurement",0,0,504,1,NA,NA,1,"ZERO_EVENTS",1,5
3000659,"Cytokeratin 19 [Mass/volume] in Serum or Plasma","Measurement",0,0,504,1,NA,NA,1,"ZERO_EVENTS",1,5
3001019,"Free T4 and TSH panel - Serum or Plasma","Measurement",0,0,504,NA,NA,NA,NA,"SUPPRESSED_MINCELL",NA,5
3001582,"Protein/Creatinine [Mass Ratio] in Urine","Measurement",0,0,504,1,NA,NA,1,"ZERO_EVENTS",1,5
3001643,"Hemoglobin and Hematocrit panel - Blood","Measurement",0,0,504,1,NA,NA,1,"ZERO_EVENTS",1,5
3002032,"Base excess in Venous blood by calculation","Measurement",0,0,504,1,NA,NA,1,"ZERO_EVENTS",1,5
3002736,"Platelet distribution width [Entitic volume] in Blood by Automated count","Measurement",0,0,504,1,NA,NA,1,"ZERO_EVENTS",1,5
3003260,"Angiotensin II [Mass/volume] in Plasma","Measurement",0,0,504,1,NA,NA,1,"ZERO_EVENTS",1,5
3003745,"Microscopic observation [Identifier] in Urine by Gram stain","Measurement",0,0,504,1,NA,NA,1,"ZERO_EVENTS",1,5
3004327,"Lymphocytes [#/volume] in Blood by Automated count","Measurement",0,0,504,1,NA,NA,1,"ZERO_EVENTS",1,5
3004789,"Transferrin [Mass/volume] in Serum or Plasma","Measurement",0,0,504,1,NA,NA,1,"ZERO_EVENTS",1,5
3004905,"Lipase [Enzymatic activity/volume] in Serum or Plasma","Measurement",0,0,504,1,NA,NA,1,"ZERO_EVENTS",1,5
3005673,"Hemoglobin A1c/Hemoglobin.total in Blood by HPLC","Measurement",0,0,504,1,NA,NA,1,"ZERO_EVENTS",1,5
3005895,"Myoglobin [Mass/volume] in Serum or Plasma","Measurement",0,0,504,1,NA,NA,1,"ZERO_EVENTS",1,5
3005996,"Glucose [Mass/volume] in Serum or Plasma --3 hours post 1.2 g/kg lactose PO","Measurement",0,0,504,NA,NA,NA,NA,"SUPPRESSED_MINCELL",NA,5
3006297,"Platelets [#/volume] in Plasma","Measurement",0,0,504,1,NA,NA,1,"ZERO_EVENTS",1,5
3006453,"Hepatitis B virus surface Ab [Presence] in Serum by Immunoassay","Measurement",0,0,504,1,NA,NA,1,"ZERO_EVENTS",1,5
3006576,"Bicarbonate [Moles/volume] in Blood","Measurement",0,0,504,1,NA,NA,1,"ZERO_EVENTS",1,5
3007210,"Streptococcus pyogenes enzyme Ab [Presence] in Serum by Sheep Cell Agglutination","Measurement",0,0,504,NA,NA,NA,NA,"SUPPRESSED_MINCELL",NA,5
3008486,"Thyroxine (T4) free [Moles/volume] in Serum or Plasma","Measurement",0,0,504,1,NA,NA,1,"ZERO_EVENTS",1,5
3008641,"Thyroperoxidase Ab [Titer] in Serum or Plasma by Latex agglutination","Measurement",0,0,504,1,NA,NA,1,"ZERO_EVENTS",1,5
3008877,"Alpha-1-acid glycoprotein [Mass/volume] in Serum or Plasma","Measurement",0,0,504,1,NA,NA,1,"ZERO_EVENTS",1,5
3008893,"Testosterone [Mass/volume] in Serum or Plasma","Measurement",0,0,504,1,NA,NA,1,"ZERO_EVENTS",1,5
3009214,"Lutropin [Units/volume] in Serum or Plasma","Measurement",0,0,504,1,NA,NA,1,"ZERO_EVENTS",1,5
3009609,"Carbon dioxide, total [Moles/volume] in Arterial blood","Measurement",0,0,504,1,NA,NA,1,"ZERO_EVENTS",1,5
3009931,"Hyaluronate [Mass/volume] in Serum or Plasma","Measurement",0,0,504,NA,NA,NA,NA,"SUPPRESSED_MINCELL",NA,5
3011337,"Aldosterone [Mass/volume] in Serum or Plasma","Measurement",0,0,504,1,NA,NA,1,"ZERO_EVENTS",1,5
3011544,"Albumin [Mass/volume] in Pleural fluid","Measurement",0,0,504,NA,NA,NA,NA,"SUPPRESSED_MINCELL",NA,5
3011904,"Phosphate [Mass/volume] in Serum or Plasma","Measurement",0,0,504,1,NA,NA,1,"ZERO_EVENTS",1,5
3011960,"Natriuretic peptide B [Mass/volume] in Serum or Plasma","Measurement",0,0,504,1,NA,NA,1,"ZERO_EVENTS",1,5
3013194,"Chloride [Moles/volume] in Body fluid","Measurement",0,0,504,1,NA,NA,1,"ZERO_EVENTS",1,5
3014037,"CD3+CD4+ (T4 helper) cells/100 cells in Blood","Measurement",0,0,504,1,NA,NA,1,"ZERO_EVENTS",1,5
3014749,"Leukocytes [#/volume] in Urine by Test strip","Measurement",0,0,504,NA,NA,NA,NA,"SUPPRESSED_MINCELL",NA,5
3015242,"Ferritin [Mass/volume] in Serum or Plasma by Immunoassay","Measurement",0,0,504,1,NA,NA,1,"ZERO_EVENTS",1,5
3015378,"Treponema pallidum Ab [Units/volume] in Serum","Measurement",0,0,504,1,NA,NA,1,"ZERO_EVENTS",1,5
3016070,"Creatine kinase.MB [Enzymatic activity/volume] in Serum or Plasma by Electrophoresis","Measurement",0,0,504,NA,NA,NA,NA,"SUPPRESSED_MINCELL",NA,5
3016083,"Glucose [Mass/volume] in 24 hour Peritoneal dialysis fluid","Measurement",0,0,504,1,NA,NA,1,"ZERO_EVENTS",1,5
3016228,"CD19 cells/100 cells in Blood","Measurement",0,0,504,1,NA,NA,1,"ZERO_EVENTS",1,5
3016724,"Homocysteine [Moles/volume] in Serum or Plasma","Measurement",0,0,504,1,NA,NA,1,"ZERO_EVENTS",1,5
3016771,"Amylase [Enzymatic activity/volume] in Serum or Plasma","Measurement",0,0,504,1,NA,NA,1,"ZERO_EVENTS",1,5
3016906,"Vancomycin [Mass/volume] in Body fluid","Measurement",0,0,504,1,NA,NA,1,"ZERO_EVENTS",1,5
3017250,"Creatinine [Mass/volume] in Urine","Measurement",0,0,504,1,NA,NA,1,"ZERO_EVENTS",1,5
3017315,"Amylase [Enzymatic activity/volume] in Urine","Measurement",0,0,504,1,NA,NA,1,"ZERO_EVENTS",1,5
3017861,"Lactate dehydrogenase 2 [Enzymatic activity/volume] in Serum or Plasma","Measurement",0,0,504,1,NA,NA,1,"ZERO_EVENTS",1,5
3018731,"Cancer Ag 72-4 [Units/volume] in Serum or Plasma","Measurement",0,0,504,1,NA,NA,1,"ZERO_EVENTS",1,5
3019446,"Platelet mean diameter [Entitic length] in Blood","Measurement",0,0,504,1,NA,NA,1,"ZERO_EVENTS",1,5
3019897,"Erythrocyte distribution width [Ratio] by Automated count","Measurement",0,0,504,1,NA,NA,1,"ZERO_EVENTS",1,5
3019900,"Cholesterol [Moles/volume] in Serum or Plasma","Measurement",0,0,504,NA,NA,NA,NA,"SUPPRESSED_MINCELL",NA,5
3019930,"Urea nitrogen [Mass/volume] in Body fluid","Measurement",0,0,504,1,NA,NA,1,"ZERO_EVENTS",1,5
3019977,"pH of Arterial blood","Measurement",0,0,504,1,NA,NA,1,"ZERO_EVENTS",1,5
3021082,"Mycoplasma pneumoniae IgM Ab [Presence] in Serum","Measurement",0,0,504,1,NA,NA,1,"ZERO_EVENTS",1,5
3021200,"Thyroglobulin Ab [Units/volume] in Serum by Radioimmunoassay (RIA)","Measurement",0,0,504,1,NA,NA,1,"ZERO_EVENTS",1,5
3021797,"Glucose-6-Phosphate dehydrogenase [Enzymatic activity/volume] in Serum","Measurement",0,0,504,1,NA,NA,1,"ZERO_EVENTS",1,5
3022466,"Insulin [Mass/volume] in Serum or Plasma","Measurement",0,0,504,NA,NA,NA,NA,"SUPPRESSED_MINCELL",NA,5
3022533,"CD3 cells/100 cells in Blood","Measurement",0,0,504,1,NA,NA,1,"ZERO_EVENTS",1,5
3022893,"Aspartate aminotransferase/Alanine aminotransferase [Enzymatic activity ratio] in Serum or Plasma","Measurement",0,0,504,1,NA,NA,1,"ZERO_EVENTS",1,5
3022948,"Iron [Moles/volume] in Serum or Plasma","Measurement",0,0,504,1,NA,NA,1,"ZERO_EVENTS",1,5
3023091,"Interleukin 6 [Mass/volume] in Serum or Plasma","Measurement",0,0,504,1,NA,NA,1,"ZERO_EVENTS",1,5
3023202,"Hepatitis B virus e Ab [Units/volume] in Serum by Immunoassay","Measurement",0,0,504,1,NA,NA,1,"ZERO_EVENTS",1,5
3023314,"Hematocrit [Volume Fraction] of Blood by Automated count","Measurement",0,0,504,1,NA,NA,1,"ZERO_EVENTS",1,5
3023323,"Follitropin [Units/volume] in Serum or Plasma","Measurement",0,0,504,1,NA,NA,1,"ZERO_EVENTS",1,5
3024552,"Cancer Ag 19-9 [Presence] in Serum or Plasma","Measurement",0,0,504,1,NA,NA,1,"ZERO_EVENTS",1,5
3024731,"MCV [Entitic volume]","Measurement",0,0,504,1,NA,NA,1,"ZERO_EVENTS",1,5
3025285,"Estradiol (E2) [Mass/volume] in Serum or Plasma","Measurement",0,0,504,1,NA,NA,1,"ZERO_EVENTS",1,5
3025887,"Neutrophils.hypersegmented/100 leukocytes in Blood by Manual count","Measurement",0,0,504,1,NA,NA,1,"ZERO_EVENTS",1,5
3026692,"Albumin [Mass/volume] in Peritoneal fluid","Measurement",0,0,504,1,NA,NA,1,"ZERO_EVENTS",1,5
3027144,"Progesterone [Mass/volume] in Serum or Plasma","Measurement",0,0,504,1,NA,NA,1,"ZERO_EVENTS",1,5
3027206,"Corticotropin [Mass/volume] in Plasma by Radioimmunoassay (RIA)","Measurement",0,0,504,1,NA,NA,1,"ZERO_EVENTS",1,5
3027215,"Base excess standard in Venous blood by calculation","Measurement",0,0,504,1,NA,NA,1,"ZERO_EVENTS",1,5
3027801,"Oxygen [Partial pressure] in Arterial blood","Measurement",0,0,504,1,NA,NA,1,"ZERO_EVENTS",1,5
3027828,"Triiodothyronine (T3).reverse [Moles/volume] in Serum or Plasma","Measurement",0,0,504,1,NA,NA,1,"ZERO_EVENTS",1,5
3028531,"Enolase.neuron specific [Mass/volume] in Serum or Plasma","Measurement",0,0,504,1,NA,NA,1,"ZERO_EVENTS",1,5
3029187,"Natriuretic peptide.B prohormone N-Terminal [Mass/volume] in Serum or Plasma","Measurement",0,0,504,1,NA,NA,1,"ZERO_EVENTS",1,5
3029794,"Leukocyte clumps [#/volume] in Urine by Automated count","Measurement",0,0,504,1,NA,NA,1,"ZERO_EVENTS",1,5
3029991,"Specific gravity of Urine by Refractometry automated","Measurement",0,0,504,1,NA,NA,1,"ZERO_EVENTS",1,5
3030306,"Epithelial cells.non-squamous [#/volume] in Urine by Automated count","Measurement",0,0,504,1,NA,NA,1,"ZERO_EVENTS",1,5
3031767,"Vascular endothelial growth factor [Mass/volume] in Serum or Plasma","Measurement",0,0,504,NA,NA,NA,NA,"SUPPRESSED_MINCELL",NA,5
3032632,"Band form neutrophils [#/volume] in Body fluid","Measurement",0,0,504,1,NA,NA,1,"ZERO_EVENTS",1,5
3032971,"Troponin I.cardiac [Mass/volume] in Serum or Plasma by Detection limit <= 0.01 ng/mL","Measurement",0,0,504,1,NA,NA,1,"ZERO_EVENTS",1,5
3034459,"Mononuclear cells/100 leukocytes in Pleural fluid","Measurement",0,0,504,1,NA,NA,1,"ZERO_EVENTS",1,5
3034485,"Albumin/Creatinine [Mass Ratio] in Urine","Measurement",0,0,504,1,NA,NA,1,"ZERO_EVENTS",1,5
3035529,"Creatinine renal clearance predicted by Cockcroft-Gault formula","Measurement",0,0,504,1,NA,NA,1,"ZERO_EVENTS",1,5
3036078,"Lutropin [Moles/volume] in Serum or Plasma","Measurement",0,0,504,1,NA,NA,1,"ZERO_EVENTS",1,5
3036428,"Adenosine deaminase [Enzymatic activity/volume] in Pleural fluid","Measurement",0,0,504,1,NA,NA,1,"ZERO_EVENTS",1,5
3036887,"Ammonia [Mass/volume] in Plasma","Measurement",0,0,504,1,NA,NA,1,"ZERO_EVENTS",1,5
3037202,"Fibrin+Fibrinogen fragments [Mass/volume] in Serum","Measurement",0,0,504,1,NA,NA,1,"ZERO_EVENTS",1,5
3037310,"Renin [Mass/volume] in Plasma","Measurement",0,0,504,1,NA,NA,1,"ZERO_EVENTS",1,5
3037524,"Glucose-6-Phosphate dehydrogenase [Enzymatic activity/volume] in Red Blood Cells","Measurement",0,0,504,1,NA,NA,1,"ZERO_EVENTS",1,5
3037850,"Specific gravity of Body fluid","Measurement",0,0,504,NA,NA,NA,NA,"SUPPRESSED_MINCELL",NA,5
3038334,"Lactate dehydrogenase in peritoneal fluid/Lactate dehydrogenase in serum","Measurement",0,0,504,1,NA,NA,1,"ZERO_EVENTS",1,5
3040208,"Hepatitis E virus IgM Ab [Units/volume] in Serum","Measurement",0,0,504,1,NA,NA,1,"ZERO_EVENTS",1,5
3040659,"Glucose [Moles/volume] in Serum or Plasma --1 hour post meal","Measurement",0,0,504,NA,NA,NA,NA,"SUPPRESSED_MINCELL",NA,5
3046044,"N-acetyl-beta-glucosaminidase [Enzymatic activity/volume] in Urine","Measurement",0,0,504,1,NA,NA,1,"ZERO_EVENTS",1,5
3046279,"Procalcitonin [Mass/volume] in Serum or Plasma","Measurement",0,0,504,1,NA,NA,1,"ZERO_EVENTS",1,5
3048516,"Microalbumin/Protein.total in 24 hour Urine","Measurement",0,0,504,1,NA,NA,1,"ZERO_EVENTS",1,5
3051714,"Fibrin D-dimer FEU [Mass/volume] in Platelet poor plasma","Measurement",0,0,504,1,NA,NA,1,"ZERO_EVENTS",1,5
3052007,"Protein Fractions [Interpretation] in Body fluid","Measurement",0,0,504,1,NA,NA,1,"ZERO_EVENTS",1,5
4263457,"Aspartate aminotransferase measurement","Measurement",0,0,504,1,NA,NA,1,"ZERO_EVENTS",1,5
21491865,"Prolactin.dimeric/Prolactin in Serum or Plasma","Measurement",0,0,504,1,NA,NA,1,"ZERO_EVENTS",1,5
21493866,"Erythrocytes [#/volume] in Peritoneal dialysis fluid by Automated count","Measurement",0,0,504,1,NA,NA,1,"ZERO_EVENTS",1,5
21493867,"HIV 2 Ab [Presence] in Serum, Plasma or Blood by Rapid immunoassay","Measurement",0,0,504,1,NA,NA,1,"ZERO_EVENTS",1,5
36031203,"Mononuclear cells [#] in Blood product unit","Measurement",0,0,504,1,NA,NA,1,"ZERO_EVENTS",1,5
40759718,"Epstein Barr virus early IgM Ab [Units/volume] in Serum by Immunoassay","Measurement",0,0,504,1,NA,NA,1,"ZERO_EVENTS",1,5
40760213,"Phenol [Mass/volume] adjusted to specific gravity 1.024 in Urine","Measurement",0,0,504,NA,NA,NA,NA,"SUPPRESSED_MINCELL",NA,5
40760909,"Oxygen content in Blood by calculation","Measurement",0,0,504,1,NA,NA,1,"ZERO_EVENTS",1,5
40769783,"Troponin T.cardiac [Mass/volume] in Serum or Plasma by High sensitivity method","Measurement",0,0,504,1,NA,NA,1,"ZERO_EVENTS",1,5
42529190,"Alpha-1-Fetoprotein [Mass/volume] in Serum or Plasma by Immunoassay","Measurement",0,0,504,1,NA,NA,1,"ZERO_EVENTS",1,5
42529194,"Beta-2-Microglobulin [Mass/volume] in Urine by Immunoassay","Measurement",0,0,504,1,NA,NA,1,"ZERO_EVENTS",1,5
42529205,"Cortisol [Mass/volume] in Serum or Plasma by Immunoassay","Measurement",0,0,504,1,NA,NA,1,"ZERO_EVENTS",1,5
42529231,"Thyroxine (T4) [Moles/volume] in Serum or Plasma by Immunoassay","Measurement",0,0,504,1,NA,NA,1,"ZERO_EVENTS",1,5
42868453,"Bicarbonate [Moles/volume] standard in Plasma","Measurement",0,0,504,1,NA,NA,1,"ZERO_EVENTS",1,5
43055410,"Prostate Specific Ag Free/Prostate specific Ag.total [Pure mass fraction] in Serum or Plasma","Measurement",0,0,504,1,NA,NA,1,"ZERO_EVENTS",1,5
43055483,"Glucose in serum - glucose in peritoneal fluid [Molar concentration difference]","Measurement",0,0,504,1,NA,NA,1,"ZERO_EVENTS",1,5
43534062,"3-epi-25-Hydroxyvitamin D3/25-hydroxyvitamin D.total in Serum or Plasma","Measurement",0,0,504,1,NA,NA,1,"ZERO_EVENTS",1,5
46234928,"Hepatitis B virus e Ab [Presence] in Serum, Plasma or Blood by Rapid immunoassay","Measurement",0,0,504,1,NA,NA,1,"ZERO_EVENTS",1,5
46234929,"Hepatitis B virus e Ag [Presence] in Serum, Plasma or Blood by Rapid immunoassay","Measurement",0,0,504,1,NA,NA,1,"ZERO_EVENTS",1,5
