concept_id,concept_name,domain,occurrence_count,patient_count,avg_days_to_onset
194574,Chronic type B viral hepatitis,Condition,173,167,1.0
37116804,Improved dentition,Condition,292,163,1.2
45771255,Compensated liver disease,Condition,69,69,0.0
4064161,Cirrhosis of liver,Condition,70,64,1.3
196951,Chronic congestive splenomegaly,Condition,65,63,1.6
4225273,Chronic gastritis,Condition,55,55,1.3
4094864,Primary carcinoma of liver,Condition,59,53,1.9
443392,Malignant neoplastic disease,Condition,44,43,2.9
24966,Esophageal varices,Condition,66,42,0.6
4246127,Malignant neoplasm of liver,Condition,53,40,7.4
196456,Gallstone,Condition,40,40,0.1
43530637,Postprocedural fever,Condition,37,36,3.5
4296301,Hepatic congestion,Condition,45,35,5.6
4001171,Liver cell carcinoma,Condition,41,31,8.2
45766052,Type II diabetes mellitus in remission,Condition,29,28,1.2
3013721,Aspartate aminotransferase [Enzymatic activity/volume] in Serum or Plasma,Measurement,3353,784,6.1
3024128,Bilirubin.total [Mass/volume] in Serum or Plasma,Measurement,3308,778,6.2
3007242,Bilirubin.indirect [Moles/volume] in Serum or Plasma,Measurement,3304,778,6.2
3028638,Bilirubin.direct [Moles/volume] in Serum or Plasma,Measurement,3304,778,6.2
3043688,Hemoglobin [Mass/volume] in Body fluid,Measurement,3414,777,6.2
3020416,Erythrocytes [#/volume] in Blood by Automated count,Measurement,3390,777,6.2
3001604,Monocytes [#/volume] in Blood,Measurement,3380,777,6.2
3010457,Eosinophils/100 leukocytes in Blood by Automated count,Measurement,3380,777,6.2
3009744,MCHC [Mass/volume] by Automated count,Measurement,3380,777,6.2
3024386,Platelet mean volume [Entitic volume] in Blood by Rees-Ecker,Measurement,3380,777,6.2
3037511,Lymphocytes/100 leukocytes in Blood by Automated count,Measurement,3380,777,6.2
3002888,Erythrocyte distribution width [Entitic volume],Measurement,3380,777,6.2
3022096,Basophils/100 leukocytes in Blood,Measurement,3380,777,6.2
3039417,Platelet distribution width [Ratio] in Blood,Measurement,3380,777,6.2
3009932,Eosinophils [#/volume] in Blood by Manual count,Measurement,3380,777,6.2
3026710,Lymphocytes [#/volume] in Blood by Flow cytometry (FC),Measurement,3380,777,6.2
3039312,Plateletcrit [Volume Fraction] in Blood,Measurement,3380,777,6.2
3027651,Basophils [#/volume] in Blood by Manual count,Measurement,3380,777,6.2
3964927,Monocytes/100 leukocytes in Blood by Flow cytometry (FC),Measurement,3380,777,6.2
3017732,Neutrophils [#/volume] in Blood,Measurement,3380,777,6.2
3016682,Platelets [#/volume] in Plasma by Automated count,Measurement,3380,777,6.2
46235784,Sodium [Moles/volume] in Serum  Plasma or Blood,Measurement,3212,769,5.8
46235078,Potassium [Moles/volume] in Serum  Plasma or Blood,Measurement,3212,769,5.8
3014576,Chloride [Moles/volume] in Serum or Plasma,Measurement,3210,769,5.8
3010568,Globulin [Mass/volume] in Plasma,Measurement,3230,768,6.1
3035995,Alkaline phosphatase [Enzymatic activity/volume] in Serum or Plasma,Measurement,3226,768,6.1
3020509,Albumin/Globulin [Mass Ratio] in Serum or Plasma,Measurement,3226,768,6.1
3028110,Bile acid [Moles/volume] in Serum or Plasma,Measurement,3110,767,5.8
3010866,Cholinesterase [Enzymatic activity/volume] in Serum or Plasma,Measurement,3100,766,5.8
3003805,Alpha fucosidase [Enzymatic activity/volume] in Serum or Plasma,Measurement,3100,766,5.8
3052649,Adenosine deaminase [Enzymatic activity/volume] in Serum or Plasma,Measurement,3100,766,5.8
3002590,Prealbumin [Mass/volume] in Serum or Plasma by Electrophoresis,Measurement,3100,766,5.8
3032080,INR in Blood by Coagulation assay,Measurement,2766,755,5.2
3034426,Prothrombin time (PT),Measurement,2766,755,5.2
3016723,Creatinine [Mass/volume] in Serum or Plasma,Measurement,2668,750,5.0
