concept_id,concept_name,domain,occurrence_count,patient_count,avg_days_to_onset
37116804,Improved dentition,Condition,69,28,0.3
4225273,Chronic gastritis,Condition,18,16,0.4
194574,Chronic type B viral hepatitis,Condition,11,11,0.0
36716270,Cyst of kidney,Condition,9,9,0.0
201340,Gastritis,Condition,9,8,0.1
201519,Primary malignant neoplasm of liver,Condition,9,8,0.7
201322,Internal hemorrhoids without complication,Condition,8,8,0.0
4064161,Cirrhosis of liver,Condition,8,8,0.5
432867,Hyperlipidemia,Condition,8,7,0.9
4177611,Finding of wound healing,Condition,10,6,1.4
4001171,Liver cell carcinoma,Condition,7,6,0.1
195562,Hemorrhoids,Condition,7,6,1.0
201618,Disorder of intestine,Condition,6,6,0.0
4303233,Gastric polyp,Condition,6,5,1.2
24966,Esophageal varices,Condition,6,5,0.0
3013721,Aspartate aminotransferase [Enzymatic activity/volume] in Serum or Plasma,Measurement,1376,410,2.4
3007242,Bilirubin.indirect [Moles/volume] in Serum or Plasma,Measurement,1340,407,2.4
3028638,Bilirubin.direct [Moles/volume] in Serum or Plasma,Measurement,1340,407,2.4
3024128,Bilirubin.total [Mass/volume] in Serum or Plasma,Measurement,1340,407,2.4
3043688,Hemoglobin [Mass/volume] in Body fluid,Measurement,1414,397,2.4
3009744,MCHC [Mass/volume] by Automated count,Measurement,1405,396,2.4
3039312,Plateletcrit [Volume Fraction] in Blood,Measurement,1405,396,2.4
3017732,Neutrophils [#/volume] in Blood,Measurement,1405,396,2.4
3010457,Eosinophils/100 leukocytes in Blood by Automated count,Measurement,1405,396,2.4
3027651,Basophils [#/volume] in Blood by Manual count,Measurement,1405,396,2.4
3964927,Monocytes/100 leukocytes in Blood by Flow cytometry (FC),Measurement,1405,396,2.4
3002888,Erythrocyte distribution width [Entitic volume],Measurement,1405,396,2.4
3039417,Platelet distribution width [Ratio] in Blood,Measurement,1405,396,2.4
3024386,Platelet mean volume [Entitic volume] in Blood by Rees-Ecker,Measurement,1405,396,2.4
3037511,Lymphocytes/100 leukocytes in Blood by Automated count,Measurement,1405,396,2.4
3001604,Monocytes [#/volume] in Blood,Measurement,1405,396,2.4
3009932,Eosinophils [#/volume] in Blood by Manual count,Measurement,1405,396,2.4
3020416,Erythrocytes [#/volume] in Blood by Automated count,Measurement,1405,396,2.4
3022096,Basophils/100 leukocytes in Blood,Measurement,1405,396,2.4
3016682,Platelets [#/volume] in Plasma by Automated count,Measurement,1405,396,2.4
3026710,Lymphocytes [#/volume] in Blood by Flow cytometry (FC),Measurement,1405,396,2.4
3035995,Alkaline phosphatase [Enzymatic activity/volume] in Serum or Plasma,Measurement,1253,385,2.4
3020509,Albumin/Globulin [Mass Ratio] in Serum or Plasma,Measurement,1253,385,2.4
3010568,Globulin [Mass/volume] in Plasma,Measurement,1253,385,2.4
46235784,Sodium [Moles/volume] in Serum  Plasma or Blood,Measurement,1304,366,2.5
3014576,Chloride [Moles/volume] in Serum or Plasma,Measurement,1304,366,2.5
46235078,Potassium [Moles/volume] in Serum  Plasma or Blood,Measurement,1304,366,2.5
40766836,Hemoglobins that can be presumptively identified based on available controls in DBS,Measurement,1290,365,2.4
3028110,Bile acid [Moles/volume] in Serum or Plasma,Measurement,1105,352,2.2
3002590,Prealbumin [Mass/volume] in Serum or Plasma by Electrophoresis,Measurement,1088,348,2.2
3010866,Cholinesterase [Enzymatic activity/volume] in Serum or Plasma,Measurement,1088,348,2.2
3052649,Adenosine deaminase [Enzymatic activity/volume] in Serum or Plasma,Measurement,1088,348,2.2
3003805,Alpha fucosidase [Enzymatic activity/volume] in Serum or Plasma,Measurement,1088,348,2.2
3018010,Neutrophils/100 leukocytes in Blood,Measurement,1151,330,2.3
3016723,Creatinine [Mass/volume] in Serum or Plasma,Measurement,935,308,2.1
