"outcome_concept_id","outcome_name","outcome_domain","post_events","pre_events","n_exposures","irr","ci95l","ci95u","p","reason_code","p_adj","min_cell_count"
4064161,"Cirrhosis of liver","Condition",118,214,948,0.482476635514019,0.382046081237005,0.606858432393379,8.11941757752963e-11,"OK",3.07635710437511e-09,5
194574,"Chronic type B viral hepatitis","Condition",95,197,948,0.421954314720812,0.326775100726922,0.541689093034398,9.50749323358515e-13,"OK",4.05256899081567e-11,5
37116804,"Improved dentition","Condition",64,329,948,0.170212765957447,0.128130294818181,0.223061075217155,3.00953131313534e-52,"OK",1.02625017777915e-49,5
201340,"Gastritis","Condition",51,269,948,0.16589219330855,0.120478755928133,0.224477190956833,1.16802475485034e-43,"OK",1.99148220701984e-41,5
3964927,"Monocytes/100 leukocytes in Blood by Flow cytometry (FC)","Measurement",44,39,948,0.987179487179487,0.626818275970633,1.55999286214683,1,"OK",1,5
201519,"Primary malignant neoplasm of liver","Condition",44,110,948,0.35,0.240919575895522,0.500747024333057,6.42599696519906e-10,"OK",2.19126496513288e-08,5
4001171,"Liver cell carcinoma","Condition",43,92,948,0.408967391304348,0.277876040541758,0.593548291861685,6.11903901709854e-07,"OK",1.73882692069217e-05,5
3001604,"Monocytes [#/volume] in Blood","Measurement",37,40,948,0.809375,0.503337777359145,1.29840114560287,0.363035873569812,"OK",1,5
201618,"Disorder of intestine","Condition",37,168,948,0.192708333333333,0.131184776082313,0.276451651570795,2.28919308201466e-25,"OK",2.60204946989e-23,5
3007242,"Bilirubin.indirect [Moles/volume] in Serum or Plasma","Measurement",35,40,948,0.765625,0.472191163258349,1.23621044939899,0.249905194193772,"OK",0.979513462299726,5
3017732,"Neutrophils [#/volume] in Blood","Measurement",30,44,948,0.596590909090909,0.362143514783397,0.970594561895518,0.0352712993801411,"OK",0.2358335899731,5
3010866,"Cholinesterase [Enzymatic activity/volume] in Serum or Plasma","Measurement",29,27,948,0.939814814814815,0.537009541175835,1.6498527155954,0.893652378940366,"OK",1,5
36716270,"Cyst of kidney","Condition",29,81,948,0.313271604938272,0.197571920885587,0.484137519905813,1.35380315250308e-08,"OK",4.19678977275953e-07,5
3010568,"Globulin [Mass/volume] in Plasma","Measurement",29,51,948,0.497549019607843,0.304078266060664,0.800002504116405,0.00237032805772589,"OK",0.0367400848947514,5
3039312,"Plateletcrit [Volume Fraction] in Blood","Measurement",27,43,948,0.549418604651163,0.326461050900286,0.909623750563712,0.0160838942939501,"OK",0.14823264741181,5
3052649,"Adenosine deaminase [Enzymatic activity/volume] in Serum or Plasma","Measurement",26,25,948,0.91,0.505032888543086,1.6427830079023,0.779879424818553,"OK",1,5
3016682,"Platelets [#/volume] in Plasma by Automated count","Measurement",26,41,948,0.554878048780488,0.325880643639525,0.929056263565775,0.0196273388420718,"OK",0.160211751297243,5
3035995,"Alkaline phosphatase [Enzymatic activity/volume] in Serum or Plasma","Measurement",26,40,948,0.56875,0.333245179917769,0.955198137805247,0.0260954020365767,"OK",0.185386085301514,5
46235078,"Potassium [Moles/volume] in Serum, Plasma or Blood","Measurement",26,38,948,0.598684210526316,0.349027898995808,1.01209000182573,0.0451327261723901,"OK",0.290382257071415,5
3020509,"Albumin/Globulin [Mass Ratio] in Serum or Plasma","Measurement",26,46,948,0.494565217391304,0.293478356179592,0.817035440735893,0.0042787984856498,"OK",0.0561180878310223,5
3003805,"Alpha fucosidase [Enzymatic activity/volume] in Serum or Plasma","Measurement",26,28,948,0.8125,0.457682665113442,1.43758127677262,0.496111092368576,"OK",1,5
4225273,"Chronic gastritis","Condition",25,133,948,0.164473684210526,0.102752792358696,0.253526279845898,1.68890308290574e-22,"OK",1.43978987817714e-20,5
40766836,"Hemoglobins that can be presumptively identified based on available controls in DBS","Measurement",25,38,948,0.575657894736842,0.333048142820183,0.978786277592542,0.0319570342377948,"OK",0.222394870920164,5
3000905,"Leukocytes [#/volume] in Blood by Automated count","Measurement",25,40,948,0.546875,0.317969152389705,0.92382096228821,0.0179614320764405,"OK",0.153121208451655,5
3002590,"Prealbumin [Mass/volume] in Serum or Plasma by Electrophoresis","Measurement",25,29,948,0.754310344827586,0.423652398254663,1.33406625384286,0.340353493930525,"OK",1,5
3028110,"Bile acid [Moles/volume] in Serum or Plasma","Measurement",24,29,948,0.724137931034483,0.403520661507945,1.28817353594945,0.271414364659042,"OK",1,5
3009744,"MCHC [Mass/volume] by Automated count","Measurement",24,34,948,0.617647058823529,0.350427147088067,1.07262040329045,0.0862766729465602,"OK",0.484261554583521,5
3013721,"Aspartate aminotransferase [Enzymatic activity/volume] in Serum or Plasma","Measurement",24,34,948,0.617647058823529,0.350427147088067,1.07262040329045,0.0862766729465602,"OK",0.484261554583521,5
3037511,"Lymphocytes/100 leukocytes in Blood by Automated count","Measurement",24,30,948,0.7,0.391640900861802,1.23852489537634,0.219855460071045,"OK",0.882008375108545,5
3024128,"Bilirubin.total [Mass/volume] in Serum or Plasma","Measurement",23,28,948,0.71875,0.395463588223794,1.2939617596413,0.262826516800239,"OK",0.99662607353757,5
3002888,"Erythrocyte distribution width [Entitic volume]","Measurement",23,30,948,0.670833333333333,0.372135366564075,1.19440998632182,0.168796887339486,"OK",0.777834305172497,5
3026710,"Lymphocytes [#/volume] in Blood by Flow cytometry (FC)","Measurement",23,35,948,0.575,0.324380168886683,1.00101353454428,0.047475522154701,"OK",0.299799130643575,5
3024386,"Platelet mean volume [Entitic volume] in Blood by Rees-Ecker","Measurement",23,40,948,0.503125,0.287548554913485,0.860943103523595,0.00789871554953752,"OK",0.088047035890013,5
3028638,"Bilirubin.direct [Moles/volume] in Serum or Plasma","Measurement",22,26,948,0.740384615384615,0.399981295138505,1.35872699353977,0.314100123210763,"OK",1,5
3026910,"Gamma glutamyl transferase [Enzymatic activity/volume] in Serum or Plasma","Measurement",22,25,948,0.77,0.41387859664625,1.42292754111398,0.383974544329683,"OK",1,5
3020416,"Erythrocytes [#/volume] in Blood by Automated count","Measurement",20,44,948,0.397727272727273,0.222070658146458,0.689160151591611,0.000404874612322783,"OK",0.00726643383168784,5
3039417,"Platelet distribution width [Ratio] in Blood","Measurement",20,38,948,0.460526315789474,0.253887956128118,0.811575697287302,0.00527190041380226,"OK",0.0642042157538061,5
3023599,"MCV [Entitic volume] by Automated count","Measurement",20,26,948,0.673076923076923,0.356255508985492,1.25358417049389,0.186849849968439,"OK",0.838026597651825,5
3014576,"Chloride [Moles/volume] in Serum or Plasma","Measurement",20,32,948,0.546875,0.296425040455743,0.985970323481777,0.0366400649748587,"OK",0.240274272238978,5
3001127,"Alpha 1 antitrypsin [Mass/volume] in Serum or Plasma by Nephelometry","Measurement",20,36,948,0.486111111111111,0.266634127386302,0.862513831889635,0.0103622207496216,"OK",0.107076281079423,5
3010457,"Eosinophils/100 leukocytes in Blood by Automated count","Measurement",19,20,948,0.83125,0.41972494323289,1.64079770472649,0.631261599923741,"OK",1,5
3006923,"Alanine aminotransferase [Enzymatic activity/volume] in Serum or Plasma","Measurement",19,26,948,0.639423076923077,0.334510810488307,1.20090315947976,0.138489317868574,"OK",0.655900797127553,5
3018010,"Neutrophils/100 leukocytes in Blood","Measurement",18,37,948,0.425675675675676,0.228137864376925,0.76686989110421,0.00266154163756149,"OK",0.0383586824999436,5
37172783,"Alpha-fetoprotein mass concentration in plasma","Measurement",17,25,948,0.595,0.301535328103991,1.14662145765274,0.121098693536315,"OK",0.598473253563528,5
195562,"Hemorrhoids","Condition",17,89,948,0.167134831460674,0.093232897302186,0.282892135831868,2.70259716754374e-15,"OK",1.53597605688736e-13,5
3022096,"Basophils/100 leukocytes in Blood","Measurement",15,23,948,0.570652173913043,0.276903705428785,1.14177245418956,0.103685872837499,"OK",0.522367644960865,5
46235784,"Sodium [Moles/volume] in Serum, Plasma or Blood","Measurement",15,34,948,0.386029411764706,0.195361854456639,0.728011643759786,0.00150457197111968,"OK",0.0256529521075906,5
3010156,"C reactive protein [Mass/volume] in Serum or Plasma by High sensitivity method","Measurement",14,32,948,0.3828125,0.188735137822183,0.738047884030284,0.00269973131964413,"OK",0.0383586824999436,5
24966,"Esophageal varices","Condition",14,84,948,0.145833333333333,0.076458762397459,0.258508515254641,1.006738845728e-15,"OK",6.86595892786498e-14,5
43534077,"Urea [Moles/volume] in Blood","Measurement",14,22,948,0.556818181818182,0.263469659838667,1.13816936042933,0.0950974305824491,"OK",0.522367644960865,5
4303233,"Gastric polyp","Condition",14,83,948,0.147590361445783,0.0773425381503538,0.26179190983808,3.25955105465247e-15,"OK",1.58786701376642e-13,5
3009932,"Eosinophils [#/volume] in Blood by Manual count","Measurement",13,12,948,0.947916666666667,0.398759331745952,2.27284424667773,1,"OK",1,5
3043688,"Hemoglobin [Mass/volume] in Body fluid","Measurement",13,38,948,0.299342105263158,0.146316430698069,0.5744775495979,6.36567664126101e-05,"OK",0.00155049695333572,5
3005353,"Prothrombin activity actual/normal in Platelet poor plasma by Coagulation assay","Measurement",13,17,948,0.669117647058823,0.298878270280901,1.4628628608995,0.279330464689212,"OK",1,5
3024561,"Albumin [Mass/volume] in Serum or Plasma","Measurement",13,25,948,0.455,0.213754106093985,0.923660068734058,0.0220384549027856,"OK",0.164070481302559,5
3034426,"Prothrombin time (PT)","Measurement",13,14,948,0.8125,0.351645627766816,1.8636837528901,0.700551974955987,"OK",1,5
3028437,"Cholesterol in LDL [Mass/volume] in Serum or Plasma","Measurement",13,21,948,0.541666666666667,0.249195216561358,1.13354048966769,0.0866274335178733,"OK",0.484261554583521,5
3030366,"Cystatin C [Mass/volume] in Serum or Plasma","Measurement",12,10,948,1.05,0.41575990114557,2.71309687889546,1,"OK",1,5
3020630,"Protein [Mass/volume] in Serum or Plasma","Measurement",12,15,948,0.7,0.299179547465639,1.60189951287291,0.441195803572601,"OK",1,5
46235079,"Carbon dioxide, total [Moles/volume] in Serum, Plasma or Blood","Measurement",12,25,948,0.42,0.192253625166073,0.867518613129962,0.0128212106818017,"OK",0.124915224071268,5
3016723,"Creatinine [Mass/volume] in Serum or Plasma","Measurement",12,15,948,0.7,0.299179547465639,1.60189951287291,0.441195803572601,"OK",1,5
432867,"Hyperlipidemia","Condition",12,44,948,0.238636363636364,0.114731898175667,0.459645935669655,1.35124713476253e-06,"OK",3.54442517656942e-05,5
3009542,"Hematocrit [Volume Fraction] of Blood","Measurement",11,26,948,0.370192307692308,0.165088501231386,0.775319186329285,0.00464649659617397,"OK",0.0586835310850121,5
3008342,"Neutrophils/100 leukocytes in Blood by Automated count","Measurement",0,0,948,NA,NA,NA,NA,"SUPPRESSED_MINCELL",NA,5
3037850,"Specific gravity of Body fluid","Measurement",10,14,948,0.625,0.248374661118082,1.51290071292392,0.307599118132259,"OK",1,5
3052964,"Fibrinogen [Mass/volume] in Platelet poor plasma by Coagulation.derived","Measurement",10,15,948,0.583333333333333,0.234356997890004,1.38800811571808,0.229266365613706,"OK",0.909067798538067,5
201322,"Internal hemorrhoids without complication","Condition",10,30,948,0.291666666666667,0.127193140979259,0.612999024663962,0.000367600761630247,"OK",0.00696399220643968,5
3027114,"Cholesterol [Mass/volume] in Serum or Plasma","Measurement",10,21,948,0.416666666666667,0.175197820415353,0.924411218802892,0.0197328256729742,"OK",0.160211751297243,5
46236949,"Alanine aminotransferase [Enzymatic activity/volume] in Serum, Plasma or Blood","Measurement",9,7,948,1.125,0.372819700828411,3.55461402844332,1,"OK",1,5
3005029,"Protein [Mass/volume] in Body fluid","Measurement",9,8,948,0.984375,0.337109962617611,2.93211730088829,1,"OK",1,5
3032080,"INR in Blood by Coagulation assay","Measurement",9,14,948,0.5625,0.21476747740464,1.39525677700957,0.21084573847383,"OK",0.882008375108545,5
3012095,"Magnesium [Moles/volume] in Serum or Plasma","Measurement",9,9,948,0.875,0.307737039796193,2.4879195579026,0.816726788116406,"OK",1,5
3015377,"Calcium [Moles/volume] in Serum or Plasma","Measurement",9,11,948,0.715909090909091,0.262217135215541,1.9003272691686,0.506318327297894,"OK",1,5
3027651,"Basophils [#/volume] in Blood by Manual count","Measurement",8,21,948,0.333333333333333,0.127681587798461,0.783404597404526,0.00800427599000118,"OK",0.088047035890013,5
3010748,"Hematocrit/Hemoglobin [Ratio] of Blood by Automated count","Measurement",8,13,948,0.538461538461538,0.193469511240417,1.40154482920826,0.191657417571715,"OK",0.838026597651825,5
3007835,"Cancer Ag 125 [Presence] in Serum or Plasma","Measurement",8,7,948,1,0.316872947644158,3.23941884669863,1,"OK",1,5
3005162,"Calcium [Moles/volume] in Blood","Measurement",7,20,948,0.30625,0.109412046576536,0.753963885717779,0.00589645668805878,"OK",0.0693341976078636,5
3025839,"Triglyceride [Moles/volume] in Serum or Plasma","Measurement",7,27,948,0.226851851851852,0.0834013353554429,0.533967227732117,0.000187679187164309,"OK",0.00426657352153529,5
3031305,"aPTT panel - Platelet poor plasma","Measurement",7,12,948,0.510416666666667,0.170257714444068,1.40615318118241,0.171719806047868,"OK",0.780752718164308,5
4177611,"Finding of wound healing","Condition",6,16,948,0.328125,0.105160705360305,0.882808894685751,0.0176009945873889,"OK",0.153121208451655,5
46236948,"Glucose [Moles/volume] in Serum, Plasma or Blood","Measurement",6,17,948,0.308823529411765,0.0996981004273583,0.820907242212937,0.010993995620797,"OK",0.110263309020346,5
3009596,"Cholesterol in VLDL [Mass/volume] in Serum or Plasma by calculation","Measurement",6,24,948,0.21875,0.073134868530135,0.54930783224837,0.000318050257212944,"OK",0.00638200186645355,5
1002070,"Acarboxyprothrombin [Units/volume] in Serum or Plasma","Measurement",6,8,948,0.65625,0.187681303275019,2.15677928329382,0.593916038532609,"OK",1,5
3014791,"Apolipoprotein B [Mass/volume] in Serum or Plasma","Measurement",6,16,948,0.328125,0.105160705360305,0.882808894685751,0.0176009945873889,"OK",0.153121208451655,5
3010813,"Leukocytes [#/volume] in Blood","Measurement",5,11,948,0.397727272727273,0.108333845197183,1.24169976093773,0.0845727498888125,"OK",0.484261554583521,5
3966438,"CE Ab [Presence] in Serum or Plasma","Measurement",5,11,948,0.397727272727273,0.108333845197183,1.24169976093773,0.0845727498888125,"OK",0.484261554583521,5
3002656,"Lipoproteins [Mass/volume] in Serum or Plasma","Measurement",5,13,948,0.336538461538462,0.0939377520472683,1.00591938328304,0.0340394033574751,"OK",0.23214873089798,5
3028465,"Gamma glutamyl transferase [Enzymatic activity/volume] in Body fluid","Measurement",5,12,948,0.364583333333333,0.100621193636261,1.11175219447606,0.0540904006488688,"OK",0.329371903951147,5
40759253,"Cholesterol in HDL 2a [Moles/volume] in Serum or Plasma","Measurement",5,5,948,0.875,0.201374660320844,3.8019927570835,1,"OK",1,5
3016436,"Lactate dehydrogenase [Enzymatic activity/volume] in Serum or Plasma","Measurement",5,10,948,0.4375,0.117334756520261,1.40481107480808,0.129856575504727,"OK",0.623677355593124,5
3006742,"Cancer Ag 15-3 [Presence] in Serum or Plasma","Measurement",5,22,948,0.198863636363636,0.0588313832498269,0.538181887264924,0.000318164315922904,"OK",0.00638200186645355,5
3028286,"Albumin [Mass/volume] in Serum or Plasma by Electrophoresis","Measurement",0,0,948,NA,NA,NA,NA,"SUPPRESSED_MINCELL",NA,5
3007220,"Creatine kinase [Enzymatic activity/volume] in Serum or Plasma","Measurement",0,0,948,NA,NA,NA,NA,"SUPPRESSED_MINCELL",NA,5
42529199,"Cancer Ag 125 [Units/volume] in Serum or Plasma by Immunoassay","Measurement",0,0,948,NA,NA,NA,NA,"SUPPRESSED_MINCELL",NA,5
3008364,"Apolipoprotein A-I [Mass/volume] in Serum or Plasma","Measurement",0,0,948,NA,NA,NA,NA,"SUPPRESSED_MINCELL",NA,5
3007070,"Cholesterol in HDL [Mass/volume] in Serum or Plasma","Measurement",0,0,948,NA,NA,NA,NA,"SUPPRESSED_MINCELL",NA,5
3016407,"Fibrinogen [Mass/volume] in Platelet poor plasma by Coagulation assay","Measurement",0,0,948,NA,NA,NA,NA,"SUPPRESSED_MINCELL",NA,5
3024552,"Cancer Ag 19-9 [Presence] in Serum or Plasma","Measurement",0,0,948,NA,NA,NA,NA,"SUPPRESSED_MINCELL",NA,5
3008304,"Triiodothyronine (T3) [Moles/volume] in Serum or Plasma","Measurement",0,0,948,NA,NA,NA,NA,"SUPPRESSED_MINCELL",NA,5
3010963,"Hepatitis B virus e Ab [Units/volume] in Serum by Radioimmunoassay (RIA)","Measurement",0,0,948,NA,NA,NA,NA,"SUPPRESSED_MINCELL",NA,5
3026076,"Alpha hydroxybutyrate dehydrogenase [Enzymatic activity/volume] in Serum or Plasma","Measurement",0,0,948,NA,NA,NA,NA,"SUPPRESSED_MINCELL",NA,5
3032567,"Hepatitis B virus DNA [Units/volume] (viral load) in Serum or Plasma by NAA with probe detection","Measurement",0,0,948,NA,NA,NA,NA,"SUPPRESSED_MINCELL",NA,5
3018677,"aPTT in Platelet poor plasma by Coagulation assay","Measurement",0,0,948,NA,NA,NA,NA,"SUPPRESSED_MINCELL",NA,5
3045975,"IgA [Presence] in Serum","Measurement",0,0,948,NA,NA,NA,NA,"SUPPRESSED_MINCELL",NA,5
3022893,"Aspartate aminotransferase/Alanine aminotransferase [Enzymatic activity ratio] in Serum or Plasma","Measurement",0,0,948,NA,NA,NA,NA,"SUPPRESSED_MINCELL",NA,5
3022764,"Mononuclear cells/100 leukocytes in Peritoneal fluid","Measurement",0,0,948,NA,NA,NA,NA,"SUPPRESSED_MINCELL",NA,5
3051714,"Fibrin D-dimer FEU [Mass/volume] in Platelet poor plasma","Measurement",0,0,948,NA,NA,NA,NA,"SUPPRESSED_MINCELL",NA,5
3015759,"IgM [Presence] in Serum","Measurement",0,0,948,NA,NA,NA,NA,"SUPPRESSED_MINCELL",NA,5
3022948,"Iron [Moles/volume] in Serum or Plasma","Measurement",0,0,948,NA,NA,NA,NA,"SUPPRESSED_MINCELL",NA,5
3015736,"pH of Urine","Measurement",0,0,948,NA,NA,NA,NA,"SUPPRESSED_MINCELL",NA,5
3016771,"Amylase [Enzymatic activity/volume] in Serum or Plasma","Measurement",0,0,948,NA,NA,NA,NA,"SUPPRESSED_MINCELL",NA,5
3003470,"Hepatitis C virus Ab [Units/volume] in Serum by Immunoassay","Measurement",0,0,948,NA,NA,NA,NA,"SUPPRESSED_MINCELL",NA,5
3019900,"Cholesterol [Moles/volume] in Serum or Plasma","Measurement",0,0,948,NA,NA,NA,NA,"SUPPRESSED_MINCELL",NA,5
3008893,"Testosterone [Mass/volume] in Serum or Plasma","Measurement",0,0,948,NA,NA,NA,NA,"SUPPRESSED_MINCELL",NA,5
3003785,"Carcinoembryonic Ag [Mass/volume] in Serum or Plasma","Measurement",0,0,948,NA,NA,NA,NA,"SUPPRESSED_MINCELL",NA,5
3018913,"Phosphate [Moles/volume] in Blood","Measurement",0,0,948,NA,NA,NA,NA,"SUPPRESSED_MINCELL",NA,5
1988277,"Alpha-1-Fetoprotein L3 [Mass/volume] in Serum or Plasma by Immunoassay","Measurement",0,0,948,NA,NA,NA,NA,"SUPPRESSED_MINCELL",NA,5
3031987,"Alpha-1-Fetoprotein L3/Alpha-1-fetoprotein.total in Serum or Plasma","Measurement",0,0,948,NA,NA,NA,NA,"SUPPRESSED_MINCELL",NA,5
3030929,"Transferrin.carbohydrate deficient.XXX/Transferrin.total in Serum or Plasma","Measurement",0,0,948,NA,NA,NA,NA,"SUPPRESSED_MINCELL",NA,5
3009577,"Iron binding capacity [Moles/volume] in Serum or Plasma","Measurement",0,0,948,NA,NA,NA,NA,"SUPPRESSED_MINCELL",NA,5
3011904,"Phosphate [Mass/volume] in Serum or Plasma","Measurement",0,0,948,NA,NA,NA,NA,"SUPPRESSED_MINCELL",NA,5
40762352,"Hemoglobin A1c/Hemoglobin.total in Blood by IFCC protocol","Measurement",0,0,948,NA,NA,NA,NA,"SUPPRESSED_MINCELL",NA,5
46236951,"Amylase [Enzymatic activity/volume] in Serum, Plasma or Blood","Measurement",0,0,948,NA,NA,NA,NA,"SUPPRESSED_MINCELL",NA,5
3001019,"Free T4 and TSH panel - Serum or Plasma","Measurement",0,0,948,NA,NA,NA,NA,"SUPPRESSED_MINCELL",NA,5
3002532,"Iron binding capacity.unsaturated [Moles/volume] in Serum or Plasma","Measurement",0,0,948,NA,NA,NA,NA,"SUPPRESSED_MINCELL",NA,5
3003181,"Sodium [Moles/volume] in Urine","Measurement",0,0,948,NA,NA,NA,NA,"SUPPRESSED_MINCELL",NA,5
3004789,"Transferrin [Mass/volume] in Serum or Plasma","Measurement",0,0,948,NA,NA,NA,NA,"SUPPRESSED_MINCELL",NA,5
3005673,"Hemoglobin A1c/Hemoglobin.total in Blood by HPLC","Measurement",0,0,948,NA,NA,NA,NA,"SUPPRESSED_MINCELL",NA,5
3005895,"Myoglobin [Mass/volume] in Serum or Plasma","Measurement",0,0,948,NA,NA,NA,NA,"SUPPRESSED_MINCELL",NA,5
3008143,"IgG [Presence] in Serum","Measurement",0,0,948,NA,NA,NA,NA,"SUPPRESSED_MINCELL",NA,5
3010084,"C peptide [Mass/volume] in Serum or Plasma","Measurement",0,0,948,NA,NA,NA,NA,"SUPPRESSED_MINCELL",NA,5
3011544,"Albumin [Mass/volume] in Pleural fluid","Measurement",0,0,948,NA,NA,NA,NA,"SUPPRESSED_MINCELL",NA,5
3012898,"Urea [Moles/volume] in Urine","Measurement",0,0,948,NA,NA,NA,NA,"SUPPRESSED_MINCELL",NA,5
3017400,"Magnesium [Moles/volume] in Urine","Measurement",0,0,948,NA,NA,NA,NA,"SUPPRESSED_MINCELL",NA,5
3018095,"Leukocytes [#/volume] in Urine","Measurement",0,0,948,NA,NA,NA,NA,"SUPPRESSED_MINCELL",NA,5
3019209,"Epstein Barr virus capsid IgM Ab [Presence] in Serum by Immunoassay","Measurement",0,0,948,NA,NA,NA,NA,"SUPPRESSED_MINCELL",NA,5
3023091,"Interleukin 6 [Mass/volume] in Serum or Plasma","Measurement",0,0,948,NA,NA,NA,NA,"SUPPRESSED_MINCELL",NA,5
3023314,"Hematocrit [Volume Fraction] of Blood by Automated count","Measurement",0,0,948,NA,NA,NA,NA,"SUPPRESSED_MINCELL",NA,5
3025734,"Magnesium [Moles/volume] in 24 hour Urine","Measurement",0,0,948,NA,NA,NA,NA,"SUPPRESSED_MINCELL",NA,5
3027828,"Triiodothyronine (T3).reverse [Moles/volume] in Serum or Plasma","Measurement",0,0,948,NA,NA,NA,NA,"SUPPRESSED_MINCELL",NA,5
3029790,"Creatine kinase.MB [Enzymatic activity/volume] in Serum or Plasma","Measurement",0,0,948,NA,NA,NA,NA,"SUPPRESSED_MINCELL",NA,5
3029794,"Leukocyte clumps [#/volume] in Urine by Automated count","Measurement",0,0,948,NA,NA,NA,NA,"SUPPRESSED_MINCELL",NA,5
3029879,"Epithelial cells.squamous [#/volume] in Urine by Automated count","Measurement",0,0,948,NA,NA,NA,NA,"SUPPRESSED_MINCELL",NA,5
3030981,"Hyaline casts [#/volume] in Urine by Automated count","Measurement",0,0,948,NA,NA,NA,NA,"SUPPRESSED_MINCELL",NA,5
3031780,"Promyelocytes [#/volume] in Body fluid","Measurement",0,0,948,NA,NA,NA,NA,"SUPPRESSED_MINCELL",NA,5
3032333,"Phosphate [Mass or Moles] in 24 hour Urine","Measurement",0,0,948,NA,NA,NA,NA,"SUPPRESSED_MINCELL",NA,5
3032971,"Troponin I.cardiac [Mass/volume] in Serum or Plasma by Detection limit <= 0.01 ng/mL","Measurement",0,0,948,NA,NA,NA,NA,"SUPPRESSED_MINCELL",NA,5
3036887,"Ammonia [Mass/volume] in Plasma","Measurement",0,0,948,NA,NA,NA,NA,"SUPPRESSED_MINCELL",NA,5
3037202,"Fibrin+Fibrinogen fragments [Mass/volume] in Serum","Measurement",0,0,948,NA,NA,NA,NA,"SUPPRESSED_MINCELL",NA,5
3039720,"Glucose mean value [Moles/volume] in Blood Estimated from glycated hemoglobin","Measurement",0,0,948,NA,NA,NA,NA,"SUPPRESSED_MINCELL",NA,5
3040208,"Hepatitis E virus IgM Ab [Units/volume] in Serum","Measurement",0,0,948,NA,NA,NA,NA,"SUPPRESSED_MINCELL",NA,5
3046279,"Procalcitonin [Mass/volume] in Serum or Plasma","Measurement",0,0,948,NA,NA,NA,NA,"SUPPRESSED_MINCELL",NA,5
3052007,"Protein Fractions [Interpretation] in Body fluid","Measurement",0,0,948,NA,NA,NA,NA,"SUPPRESSED_MINCELL",NA,5
40760007,"HIV 1+2 Ab+HIV1 p24 Ag [Presence] in Serum or Plasma by Immunoassay","Measurement",0,0,948,NA,NA,NA,NA,"SUPPRESSED_MINCELL",NA,5
40760213,"Phenol [Mass/volume] adjusted to specific gravity 1.024 in Urine","Measurement",0,0,948,NA,NA,NA,NA,"SUPPRESSED_MINCELL",NA,5
40760909,"Oxygen content in Blood by calculation","Measurement",0,0,948,NA,NA,NA,NA,"SUPPRESSED_MINCELL",NA,5
40766110,"DNA double strand IgG Ab [Presence] in Serum","Measurement",0,0,948,NA,NA,NA,NA,"SUPPRESSED_MINCELL",NA,5
42529231,"Thyroxine (T4) [Moles/volume] in Serum or Plasma by Immunoassay","Measurement",0,0,948,NA,NA,NA,NA,"SUPPRESSED_MINCELL",NA,5
42869548,"Treponema pallidum Ab [Titer] in Serum or Plasma by Agglutination","Measurement",0,0,948,NA,NA,NA,NA,"SUPPRESSED_MINCELL",NA,5
42869583,"Hematocrit [Pure volume fraction] of Body fluid","Measurement",0,0,948,NA,NA,NA,NA,"SUPPRESSED_MINCELL",NA,5
3021200,"Thyroglobulin Ab [Units/volume] in Serum by Radioimmunoassay (RIA)","Measurement",0,0,948,1,NA,NA,1,"ZERO_EVENTS",1,5
3021614,"Rheumatoid factor [Units/volume] in Serum or Plasma","Measurement",0,0,948,1,NA,NA,1,"ZERO_EVENTS",1,5
3021797,"Glucose-6-Phosphate dehydrogenase [Enzymatic activity/volume] in Serum","Measurement",0,0,948,NA,NA,NA,NA,"SUPPRESSED_MINCELL",NA,5
3013194,"Chloride [Moles/volume] in Body fluid","Measurement",0,0,948,1,NA,NA,1,"ZERO_EVENTS",1,5
3022177,"Hepatitis B virus core Ab [Units/volume] in Serum by Radioimmunoassay (RIA)","Measurement",0,0,948,1,NA,NA,1,"ZERO_EVENTS",1,5
3022533,"CD3 cells/100 cells in Blood","Measurement",0,0,948,NA,NA,NA,NA,"SUPPRESSED_MINCELL",NA,5
3022648,"Aquacobalamin [Mass/volume] in Serum or Plasma","Measurement",0,0,948,1,NA,NA,1,"ZERO_EVENTS",1,5
3012516,"Albumin [Mass/volume] in Urine","Measurement",0,0,948,1,NA,NA,1,"ZERO_EVENTS",1,5
3012413,"Glucose [Moles/volume] in Serum or Plasma --2 hours post meal","Measurement",0,0,948,NA,NA,NA,NA,"SUPPRESSED_MINCELL",NA,5
3011960,"Natriuretic peptide B [Mass/volume] in Serum or Plasma","Measurement",0,0,948,1,NA,NA,1,"ZERO_EVENTS",1,5
3022976,"Prolactin [Units/volume] in Serum or Plasma by 3rd IS","Measurement",0,0,948,1,NA,NA,1,"ZERO_EVENTS",1,5
42529546,"Reticulocytes.low light scatter/Reticulocytes.total in Blood by Automated count","Measurement",0,0,948,1,NA,NA,1,"ZERO_EVENTS",1,5
3023202,"Hepatitis B virus e Ab [Units/volume] in Serum by Immunoassay","Measurement",0,0,948,1,NA,NA,1,"ZERO_EVENTS",1,5
42529562,"Prostate Specific Ag Free [Mass/volume] in Serum or Plasma by Immunoassay","Measurement",0,0,948,1,NA,NA,1,"ZERO_EVENTS",1,5
3023323,"Follitropin [Units/volume] in Serum or Plasma","Measurement",0,0,948,1,NA,NA,1,"ZERO_EVENTS",1,5
3023520,"Reticulocytes [#/volume] in Blood","Measurement",0,0,948,1,NA,NA,1,"ZERO_EVENTS",1,5
3011958,"Ammonia [Moles/volume] in Plasma","Measurement",0,0,948,1,NA,NA,1,"ZERO_EVENTS",1,5
3011724,"Hepatitis B virus e Ag [Presence] in Serum by Radioimmunoassay (RIA)","Measurement",0,0,948,1,NA,NA,1,"ZERO_EVENTS",1,5
3011705,"Protein [Mass/volume] in 24 hour Urine","Measurement",0,0,948,1,NA,NA,1,"ZERO_EVENTS",1,5
3011648,"Oxygen content in Venous blood","Measurement",0,0,948,1,NA,NA,1,"ZERO_EVENTS",1,5
3011639,"Organic acids [Units/volume] in Urine","Measurement",0,0,948,NA,NA,NA,NA,"SUPPRESSED_MINCELL",NA,5
3024731,"MCV [Entitic volume]","Measurement",0,0,948,1,NA,NA,1,"ZERO_EVENTS",1,5
3024800,"Alpha 1 globulin/Protein.total in Serum or Plasma by Electrophoresis","Measurement",0,0,948,1,NA,NA,1,"ZERO_EVENTS",1,5
3025271,"CD3-CD16+CD56+ (Natural killer) cells [#/volume] in Blood","Measurement",0,0,948,1,NA,NA,1,"ZERO_EVENTS",1,5
3025285,"Estradiol (E2) [Mass/volume] in Serum or Plasma","Measurement",0,0,948,1,NA,NA,1,"ZERO_EVENTS",1,5
3025678,"Hemoglobin H [Presence] in Blood by Heat denaturation","Measurement",0,0,948,1,NA,NA,1,"ZERO_EVENTS",1,5
42868453,"Bicarbonate [Moles/volume] standard in Plasma","Measurement",0,0,948,1,NA,NA,1,"ZERO_EVENTS",1,5
3011412,"CD3 cells [#/volume] in Blood","Measurement",0,0,948,1,NA,NA,1,"ZERO_EVENTS",1,5
3011337,"Aldosterone [Mass/volume] in Serum or Plasma","Measurement",0,0,948,1,NA,NA,1,"ZERO_EVENTS",1,5
3026692,"Albumin [Mass/volume] in Peritoneal fluid","Measurement",0,0,948,NA,NA,NA,NA,"SUPPRESSED_MINCELL",NA,5
3010340,"Triiodothyronine (T3) [Mass/volume] in Serum or Plasma","Measurement",0,0,948,NA,NA,NA,NA,"SUPPRESSED_MINCELL",NA,5
3009931,"Hyaluronate [Mass/volume] in Serum or Plasma","Measurement",0,0,948,1,NA,NA,1,"ZERO_EVENTS",1,5
3009759,"Haptoglobin [Mass/volume] in Serum or Plasma by Electrophoresis","Measurement",0,0,948,1,NA,NA,1,"ZERO_EVENTS",1,5
3027144,"Progesterone [Mass/volume] in Serum or Plasma","Measurement",0,0,948,1,NA,NA,1,"ZERO_EVENTS",1,5
3027206,"Corticotropin [Mass/volume] in Plasma by Radioimmunoassay (RIA)","Measurement",0,0,948,NA,NA,NA,NA,"SUPPRESSED_MINCELL",NA,5
3027215,"Base excess standard in Venous blood by calculation","Measurement",0,0,948,1,NA,NA,1,"ZERO_EVENTS",1,5
3009609,"Carbon dioxide, total [Moles/volume] in Arterial blood","Measurement",0,0,948,1,NA,NA,1,"ZERO_EVENTS",1,5
3027801,"Oxygen [Partial pressure] in Arterial blood","Measurement",0,0,948,1,NA,NA,1,"ZERO_EVENTS",1,5
42868533,"Mononuclear cells [#/volume] in Peritoneal fluid by Automated count","Measurement",0,0,948,1,NA,NA,1,"ZERO_EVENTS",1,5
3009214,"Lutropin [Units/volume] in Serum or Plasma","Measurement",0,0,948,1,NA,NA,1,"ZERO_EVENTS",1,5
3028167,"CD3+CD4+ (T4 helper) cells [#/volume] in Blood","Measurement",0,0,948,1,NA,NA,1,"ZERO_EVENTS",1,5
3009201,"Thyrotropin [Units/volume] in Serum or Plasma","Measurement",0,5,948,0,0,0.954869217034728,0.0221326748971193,"OK",0.164070481302559,5
3009105,"Erythrocytes [#/volume] in Urine by Test strip","Measurement",0,0,948,NA,NA,NA,NA,"SUPPRESSED_MINCELL",NA,5
3008877,"Alpha-1-acid glycoprotein [Mass/volume] in Serum or Plasma","Measurement",0,0,948,NA,NA,NA,NA,"SUPPRESSED_MINCELL",NA,5
3028531,"Enolase.neuron specific [Mass/volume] in Serum or Plasma","Measurement",0,0,948,1,NA,NA,1,"ZERO_EVENTS",1,5
3008486,"Thyroxine (T4) free [Moles/volume] in Serum or Plasma","Measurement",0,0,948,NA,NA,NA,NA,"SUPPRESSED_MINCELL",NA,5
3029187,"Natriuretic peptide.B prohormone N-Terminal [Mass/volume] in Serum or Plasma","Measurement",0,0,948,1,NA,NA,1,"ZERO_EVENTS",1,5
3029707,"Crystals [#/volume] in Urine by Automated count","Measurement",0,5,948,0,0,0.954869217034728,0.0221326748971193,"OK",0.164070481302559,5
42869547,"Procollagen type III.N-terminal propeptide [Mass/volume] in Serum","Measurement",0,0,948,1,NA,NA,1,"ZERO_EVENTS",1,5
1616684,"HBc+HBe+p22cr Ag [Units/volume] in Serum or Plasma by Immunoassay","Measurement",0,0,948,1,NA,NA,1,"ZERO_EVENTS",1,5
1259742,"Aldosterone/Renin [Ratio] in Serum or Plasma","Measurement",0,0,948,1,NA,NA,1,"ZERO_EVENTS",1,5
3029991,"Specific gravity of Urine by Refractometry automated","Measurement",0,0,948,1,NA,NA,1,"ZERO_EVENTS",1,5
3030306,"Epithelial cells.non-squamous [#/volume] in Urine by Automated count","Measurement",0,0,948,NA,NA,NA,NA,"SUPPRESSED_MINCELL",NA,5
3007449,"CD3+CD8+ (T8 suppressor) cells/100 cells in Blood","Measurement",0,0,948,NA,NA,NA,NA,"SUPPRESSED_MINCELL",NA,5
3030511,"Albumin [Mass/volume] in 24 hour Urine by Electrophoresis","Measurement",0,0,948,1,NA,NA,1,"ZERO_EVENTS",1,5
3030548,"Basophils [#/volume] in Body fluid","Measurement",0,0,948,NA,NA,NA,NA,"SUPPRESSED_MINCELL",NA,5
3030664,"Beta 1 globulin [Mass/volume] in Body fluid by Electrophoresis","Measurement",0,0,948,1,NA,NA,1,"ZERO_EVENTS",1,5
3007210,"Streptococcus pyogenes enzyme Ab [Presence] in Serum by Sheep Cell Agglutination","Measurement",0,0,948,1,NA,NA,1,"ZERO_EVENTS",1,5
43055410,"Prostate Specific Ag Free/Prostate specific Ag.total [Pure mass fraction] in Serum or Plasma","Measurement",0,0,948,1,NA,NA,1,"ZERO_EVENTS",1,5
3006969,"Lambda light chains [Mass/volume] in Urine","Measurement",0,0,948,1,NA,NA,1,"ZERO_EVENTS",1,5
3031767,"Vascular endothelial growth factor [Mass/volume] in Serum or Plasma","Measurement",0,0,948,1,NA,NA,1,"ZERO_EVENTS",1,5
43055483,"Glucose in serum - glucose in peritoneal fluid [Molar concentration difference]","Measurement",0,0,948,1,NA,NA,1,"ZERO_EVENTS",1,5
3006588,"Cancer Ag 15-3 [Units/volume] in Serum or Plasma","Measurement",0,0,948,1,NA,NA,1,"ZERO_EVENTS",1,5
3006576,"Bicarbonate [Moles/volume] in Blood","Measurement",0,0,948,1,NA,NA,1,"ZERO_EVENTS",1,5
43533605,"Anion gap 4 in Capillary blood","Measurement",0,0,948,1,NA,NA,1,"ZERO_EVENTS",1,5
3032488,"Lactate dehydrogenase in pleural fluid/Lactate dehydrogenase in serum","Measurement",0,0,948,1,NA,NA,1,"ZERO_EVENTS",1,5
3006453,"Hepatitis B virus surface Ab [Presence] in Serum by Immunoassay","Measurement",0,0,948,NA,NA,NA,NA,"SUPPRESSED_MINCELL",NA,5
3032632,"Band form neutrophils [#/volume] in Body fluid","Measurement",0,0,948,1,NA,NA,1,"ZERO_EVENTS",1,5
3032893,"Mononuclear cells [#/volume] in Pleural fluid","Measurement",0,0,948,1,NA,NA,1,"ZERO_EVENTS",1,5
43534062,"3-epi-25-Hydroxyvitamin D3/25-hydroxyvitamin D.total in Serum or Plasma","Measurement",0,0,948,1,NA,NA,1,"ZERO_EVENTS",1,5
3033252,"Adenosine deaminase [Enzymatic activity/volume] in Peritoneal fluid","Measurement",0,0,948,NA,NA,NA,NA,"SUPPRESSED_MINCELL",NA,5
3034165,"Alpha-1-Fetoprotein [Mass/volume] in Body fluid","Measurement",0,0,948,1,NA,NA,1,"ZERO_EVENTS",1,5
3006330,"Alpha 2 globulin/Protein.total in Serum or Plasma by Electrophoresis","Measurement",0,0,948,1,NA,NA,1,"ZERO_EVENTS",1,5
3034459,"Mononuclear cells/100 leukocytes in Pleural fluid","Measurement",0,0,948,1,NA,NA,1,"ZERO_EVENTS",1,5
3034485,"Albumin/Creatinine [Mass Ratio] in Urine","Measurement",0,0,948,1,NA,NA,1,"ZERO_EVENTS",1,5
3034639,"Hemoglobin A1c [Mass/volume] in Blood","Measurement",0,0,948,1,NA,NA,1,"ZERO_EVENTS",1,5
3034780,"Angiotensin converting enzyme [Enzymatic activity/volume] in Serum or Plasma","Measurement",0,0,948,NA,NA,NA,NA,"SUPPRESSED_MINCELL",NA,5
3034868,"Hepatitis C virus RNA [log units/volume] (viral load) in Serum or Plasma by NAA with probe detection","Measurement",0,0,948,1,NA,NA,1,"ZERO_EVENTS",1,5
3035529,"Creatinine renal clearance predicted by Cockcroft-Gault formula","Measurement",0,0,948,1,NA,NA,1,"ZERO_EVENTS",1,5
3006308,"Cancer Ag 50 [Presence] in Serum or Plasma","Measurement",0,0,948,1,NA,NA,1,"ZERO_EVENTS",1,5
3036078,"Lutropin [Moles/volume] in Serum or Plasma","Measurement",0,0,948,1,NA,NA,1,"ZERO_EVENTS",1,5
3036428,"Adenosine deaminase [Enzymatic activity/volume] in Pleural fluid","Measurement",0,0,948,1,NA,NA,1,"ZERO_EVENTS",1,5
3036677,"Immunoglobulin light chains [Mass/volume] in Urine","Measurement",0,0,948,1,NA,NA,1,"ZERO_EVENTS",1,5
1989123,"Erythrocytes.ghost cells [#/volume] in Urine sediment by Computer assisted method","Measurement",0,0,948,1,NA,NA,1,"ZERO_EVENTS",1,5
3036987,"Folate [Mass/volume] in Serum or Plasma","Measurement",0,0,948,1,NA,NA,1,"ZERO_EVENTS",1,5
3037121,"Protein [Mass/volume] in Urine","Measurement",0,0,948,1,NA,NA,1,"ZERO_EVENTS",1,5
44787068,"Myelocytes.neutrophilic/100 leukocytes in Blood by Manual count","Measurement",0,0,948,1,NA,NA,1,"ZERO_EVENTS",1,5
3006297,"Platelets [#/volume] in Plasma","Measurement",0,0,948,1,NA,NA,1,"ZERO_EVENTS",1,5
3005996,"Glucose [Mass/volume] in Serum or Plasma --3 hours post 1.2 g/kg lactose PO","Measurement",0,0,948,NA,NA,NA,NA,"SUPPRESSED_MINCELL",NA,5
3038334,"Lactate dehydrogenase in peritoneal fluid/Lactate dehydrogenase in serum","Measurement",0,0,948,1,NA,NA,1,"ZERO_EVENTS",1,5
3005785,"Creatine kinase.MB [Mass/volume] in Serum or Plasma","Measurement",0,0,948,1,NA,NA,1,"ZERO_EVENTS",1,5
3005411,"Squamous cell carcinoma Ag [Mass/volume] in Serum or Plasma","Measurement",0,0,948,1,NA,NA,1,"ZERO_EVENTS",1,5
3039426,"Oxygen saturation Calculated from oxygen partial pressure in Arterial blood","Measurement",0,0,948,1,NA,NA,1,"ZERO_EVENTS",1,5
44787071,"Metamyelocytes.neutrophilic/100 leukocytes in Blood by Manual count","Measurement",0,0,948,1,NA,NA,1,"ZERO_EVENTS",1,5
3039902,"Granular casts [#/volume] in Urine by Computer assisted method","Measurement",0,0,948,NA,NA,NA,NA,"SUPPRESSED_MINCELL",NA,5
3040139,"Yeast.hyphae [#/volume] in Urine by Computer assisted method","Measurement",0,0,948,NA,NA,NA,NA,"SUPPRESSED_MINCELL",NA,5
46234928,"Hepatitis B virus e Ab [Presence] in Serum, Plasma or Blood by Rapid immunoassay","Measurement",0,0,948,1,NA,NA,1,"ZERO_EVENTS",1,5
3040659,"Glucose [Moles/volume] in Serum or Plasma --1 hour post meal","Measurement",0,0,948,NA,NA,NA,NA,"SUPPRESSED_MINCELL",NA,5
3041096,"Erythrocytes [Presence] in Urine by Automated","Measurement",0,0,948,1,NA,NA,1,"ZERO_EVENTS",1,5
3041154,"Reticulocytes [#/volume] in Blood by Manual count","Measurement",0,0,948,1,NA,NA,1,"ZERO_EVENTS",1,5
3041522,"Reticulocytes.high light scatter/Reticulocytes.total in Blood","Measurement",0,0,948,1,NA,NA,1,"ZERO_EVENTS",1,5
3043387,"Monocytes/100 leukocytes in Pleural fluid","Measurement",0,0,948,1,NA,NA,1,"ZERO_EVENTS",1,5
3005071,"Albumin/Protein.total in Body fluid by Electrophoresis","Measurement",0,0,948,1,NA,NA,1,"ZERO_EVENTS",1,5
3044042,"Cancer Ag 50 [Units/volume] in Serum or Plasma","Measurement",0,0,948,1,NA,NA,1,"ZERO_EVENTS",1,5
3044169,"IgA Ab [Presence] in Serum or Plasma","Measurement",0,0,948,1,NA,NA,1,"ZERO_EVENTS",1,5
3045331,"Galactomannan Ag [Units/volume] in Serum or Plasma by Immunoassay","Measurement",0,0,948,1,NA,NA,1,"ZERO_EVENTS",1,5
3045716,"Anion gap in Serum or Plasma","Measurement",0,0,948,1,NA,NA,1,"ZERO_EVENTS",1,5
3004905,"Lipase [Enzymatic activity/volume] in Serum or Plasma","Measurement",0,0,948,1,NA,NA,1,"ZERO_EVENTS",1,5
46234929,"Hepatitis B virus e Ag [Presence] in Serum, Plasma or Blood by Rapid immunoassay","Measurement",0,0,948,1,NA,NA,1,"ZERO_EVENTS",1,5
3046743,"Choriogonadotropin [Presence] in Control Serum","Measurement",0,0,948,1,NA,NA,1,"ZERO_EVENTS",1,5
3048516,"Microalbumin/Protein.total in 24 hour Urine","Measurement",0,0,948,1,NA,NA,1,"ZERO_EVENTS",1,5
3049408,"Hepatitis B virus surface Ag [Presence] in Serum from Donor by Immunoassay","Measurement",0,0,948,1,NA,NA,1,"ZERO_EVENTS",1,5
3004391,"Epithelial cells [#/volume] in Urine by Manual count","Measurement",0,0,948,1,NA,NA,1,"ZERO_EVENTS",1,5
46234930,"Hepatitis B virus surface Ab [Presence] in Serum, Plasma or Blood by Rapid immunoassay","Measurement",0,0,948,1,NA,NA,1,"ZERO_EVENTS",1,5
3004327,"Lymphocytes [#/volume] in Blood by Automated count","Measurement",0,0,948,1,NA,NA,1,"ZERO_EVENTS",1,5
3052732,"Thyroglobulin Ab [Titer] in Serum by Immunofluorescence","Measurement",0,0,948,1,NA,NA,1,"ZERO_EVENTS",1,5
3052822,"Hepatitis C virus Ab [Presence] in Serum from Donor by Immunoassay","Measurement",0,0,948,1,NA,NA,1,"ZERO_EVENTS",1,5
3004200,"Lactate dehydrogenase 1 [Enzymatic activity/volume] in Serum or Plasma by Chemical separation","Measurement",0,0,948,NA,NA,NA,NA,"SUPPRESSED_MINCELL",NA,5
3004067,"Glucose [Moles/volume] in Serum or Plasma --pre 75 g glucose PO","Measurement",0,0,948,1,NA,NA,1,"ZERO_EVENTS",1,5
3003745,"Microscopic observation [Identifier] in Urine by Gram stain","Measurement",0,0,948,1,NA,NA,1,"ZERO_EVENTS",1,5
3003467,"Lymphocytes [#/volume] in Body fluid","Measurement",0,0,948,1,NA,NA,1,"ZERO_EVENTS",1,5
3003260,"Angiotensin II [Mass/volume] in Plasma","Measurement",0,0,948,1,NA,NA,1,"ZERO_EVENTS",1,5
3002971,"Nuclear Ab [Titer] in Serum by Immunofluorescence","Measurement",0,0,948,NA,NA,NA,NA,"SUPPRESSED_MINCELL",NA,5
3002736,"Platelet distribution width [Entitic volume] in Blood by Automated count","Measurement",0,0,948,1,NA,NA,1,"ZERO_EVENTS",1,5
4263457,"Aspartate aminotransferase measurement","Measurement",0,0,948,1,NA,NA,1,"ZERO_EVENTS",1,5
3002032,"Base excess in Venous blood by calculation","Measurement",0,0,948,1,NA,NA,1,"ZERO_EVENTS",1,5
21491346,"Pathologic casts [#/volume] in Urine by Automated count","Measurement",0,0,948,1,NA,NA,1,"ZERO_EVENTS",1,5
21491865,"Prolactin.dimeric/Prolactin in Serum or Plasma","Measurement",0,0,948,1,NA,NA,1,"ZERO_EVENTS",1,5
21493866,"Erythrocytes [#/volume] in Peritoneal dialysis fluid by Automated count","Measurement",0,0,948,1,NA,NA,1,"ZERO_EVENTS",1,5
36031203,"Mononuclear cells [#] in Blood product unit","Measurement",0,0,948,1,NA,NA,1,"ZERO_EVENTS",1,5
36203209,"Erythrocytes.EMA mean fluorescence intensity actual/normal in Blood by Flow cytometry (FC)","Measurement",0,0,948,1,NA,NA,1,"ZERO_EVENTS",1,5
36203237,"HIV immunoassay testing algorithm interpretation in Serum, Plasma or Blood","Measurement",0,0,948,1,NA,NA,1,"ZERO_EVENTS",1,5
36304079,"Mucus [Presence] in Urine sediment","Measurement",0,0,948,NA,NA,NA,NA,"SUPPRESSED_MINCELL",NA,5
36305091,"Oxyhemoglobin [Mass/volume] in Plasma","Measurement",0,0,948,1,NA,NA,1,"ZERO_EVENTS",1,5
3001643,"Hemoglobin and Hematocrit panel - Blood","Measurement",0,0,948,1,NA,NA,1,"ZERO_EVENTS",1,5
3001582,"Protein/Creatinine [Mass Ratio] in Urine","Measurement",0,0,948,1,NA,NA,1,"ZERO_EVENTS",1,5
3001405,"CD3+CD8+ (T8 suppressor) cells [#/volume] in Blood","Measurement",0,0,948,NA,NA,NA,NA,"SUPPRESSED_MINCELL",NA,5
40757349,"CD3+CD4+ (T4 helper) cells/CD3+CD8+ (T8 suppressor cells) cells [# Ratio] in Blood","Measurement",0,0,948,1,NA,NA,1,"ZERO_EVENTS",1,5
3000659,"Cytokeratin 19 [Mass/volume] in Serum or Plasma","Measurement",0,0,948,NA,NA,NA,NA,"SUPPRESSED_MINCELL",NA,5
1988606,"C reactive protein [Units/volume] in Body fluid","Measurement",0,0,948,NA,NA,NA,NA,"SUPPRESSED_MINCELL",NA,5
1988100,"Leukocytes [#/volume] in Peritoneal dialysis fluid by Automated count","Measurement",0,0,948,1,NA,NA,1,"ZERO_EVENTS",1,5
40760528,"Thyrotropin receptor Ab [Units/volume] in Serum by Immunoassay","Measurement",0,0,948,1,NA,NA,1,"ZERO_EVENTS",1,5
1617538,"24 hour predicted protein [Mass/time] based on random Urine by calculation","Measurement",0,0,948,1,NA,NA,1,"ZERO_EVENTS",1,5
3000620,"Complement C3 [Mass/volume] in Serum or Plasma","Measurement",0,0,948,1,NA,NA,1,"ZERO_EVENTS",1,5
40763081,"Lactate dehydrogenase [Enzymatic activity/volume] in Pleural fluid by Pyruvate to lactate reaction","Measurement",0,0,948,1,NA,NA,1,"ZERO_EVENTS",1,5
40765011,"Immature reticulocytes/Reticulocytes.total in Blood from Fetus by Automated count","Measurement",0,0,948,1,NA,NA,1,"ZERO_EVENTS",1,5
46235903,"Eosinophils [#] in Body fluid by Manual count","Measurement",0,0,948,1,NA,NA,1,"ZERO_EVENTS",1,5
3000060,"B lymphocytes [#/volume] in Blood","Measurement",0,0,948,1,NA,NA,1,"ZERO_EVENTS",1,5
40768039,"Oxygen [Partial pressure] saturation adjusted to 0.5 in Blood","Measurement",0,0,948,NA,NA,NA,NA,"SUPPRESSED_MINCELL",NA,5
40769783,"Troponin T.cardiac [Mass/volume] in Serum or Plasma by High sensitivity method","Measurement",0,0,948,1,NA,NA,1,"ZERO_EVENTS",1,5
40770975,"Lactate dehydrogenase [Enzymatic activity/volume] in Peritoneal fluid by Lactate to pyruvate reaction","Measurement",0,0,948,1,NA,NA,1,"ZERO_EVENTS",1,5
42529190,"Alpha-1-Fetoprotein [Mass/volume] in Serum or Plasma by Immunoassay","Measurement",0,0,948,1,NA,NA,1,"ZERO_EVENTS",1,5
42529194,"Beta-2-Microglobulin [Mass/volume] in Urine by Immunoassay","Measurement",0,0,948,1,NA,NA,1,"ZERO_EVENTS",1,5
3000034,"Microalbumin [Mass/volume] in Urine","Measurement",0,0,948,1,NA,NA,1,"ZERO_EVENTS",1,5
3017024,"Kappa light chains [Presence] in Serum by Immunoassay","Measurement",0,0,948,1,NA,NA,1,"ZERO_EVENTS",1,5
3017250,"Creatinine [Mass/volume] in Urine","Measurement",0,0,948,1,NA,NA,1,"ZERO_EVENTS",1,5
3017315,"Amylase [Enzymatic activity/volume] in Urine","Measurement",0,0,948,1,NA,NA,1,"ZERO_EVENTS",1,5
42529205,"Cortisol [Mass/volume] in Serum or Plasma by Immunoassay","Measurement",0,0,948,NA,NA,NA,NA,"SUPPRESSED_MINCELL",NA,5
3016724,"Homocysteine [Moles/volume] in Serum or Plasma","Measurement",0,0,948,1,NA,NA,1,"ZERO_EVENTS",1,5
3017766,"Complement C4 [Mass/volume] in Serum or Plasma","Measurement",0,0,948,1,NA,NA,1,"ZERO_EVENTS",1,5
3016228,"CD19 cells/100 cells in Blood","Measurement",0,0,948,NA,NA,NA,NA,"SUPPRESSED_MINCELL",NA,5
42529230,"Thyroxine (T4) [Mass/volume] in Serum or Plasma by Immunoassay","Measurement",0,0,948,1,NA,NA,1,"ZERO_EVENTS",1,5
3018133,"Calcium [Moles/volume] in Urine","Measurement",0,0,948,1,NA,NA,1,"ZERO_EVENTS",1,5
3018387,"Mycoplasma pneumoniae IgG Ab [Units/volume] in Serum","Measurement",0,0,948,1,NA,NA,1,"ZERO_EVENTS",1,5
3016070,"Creatine kinase.MB [Enzymatic activity/volume] in Serum or Plasma by Electrophoresis","Measurement",0,5,948,0,0,0.954869217034728,0.0221326748971193,"OK",0.164070481302559,5
3018731,"Cancer Ag 72-4 [Units/volume] in Serum or Plasma","Measurement",0,0,948,NA,NA,NA,NA,"SUPPRESSED_MINCELL",NA,5
3018853,"Superoxide dismutase [Enzymatic activity/volume] in Plasma","Measurement",0,0,948,NA,NA,NA,NA,"SUPPRESSED_MINCELL",NA,5
3015774,"Calcium.ionized [Moles/volume] in Serum or Plasma by calculation","Measurement",0,0,948,1,NA,NA,1,"ZERO_EVENTS",1,5
1617274,"Carbon dioxide, total [Moles/volume] in Central venous blood","Measurement",0,0,948,1,NA,NA,1,"ZERO_EVENTS",1,5
3019231,"Epstein Barr virus capsid IgG Ab [Presence] in Serum by Immunoassay","Measurement",0,0,948,1,NA,NA,1,"ZERO_EVENTS",1,5
3019284,"Hepatitis B virus surface Ag [Presence] in Serum","Measurement",0,0,948,NA,NA,NA,NA,"SUPPRESSED_MINCELL",NA,5
3019446,"Platelet mean diameter [Entitic length] in Blood","Measurement",0,0,948,1,NA,NA,1,"ZERO_EVENTS",1,5
3019897,"Erythrocyte distribution width [Ratio] by Automated count","Measurement",0,0,948,1,NA,NA,1,"ZERO_EVENTS",1,5
3015242,"Ferritin [Mass/volume] in Serum or Plasma by Immunoassay","Measurement",0,0,948,1,NA,NA,1,"ZERO_EVENTS",1,5
3019930,"Urea nitrogen [Mass/volume] in Body fluid","Measurement",0,0,948,1,NA,NA,1,"ZERO_EVENTS",1,5
3019977,"pH of Arterial blood","Measurement",0,0,948,1,NA,NA,1,"ZERO_EVENTS",1,5
3020410,"Lactate [Moles/volume] in Arterial plasma","Measurement",0,0,948,1,NA,NA,1,"ZERO_EVENTS",1,5
3014749,"Leukocytes [#/volume] in Urine by Test strip","Measurement",0,0,948,NA,NA,NA,NA,"SUPPRESSED_MINCELL",NA,5
3014037,"CD3+CD4+ (T4 helper) cells/100 cells in Blood","Measurement",0,0,948,1,NA,NA,1,"ZERO_EVENTS",1,5
3013603,"Prostate specific Ag [Mass/volume] in Serum or Plasma","Measurement",0,0,948,1,NA,NA,1,"ZERO_EVENTS",1,5
3021082,"Mycoplasma pneumoniae IgM Ab [Presence] in Serum","Measurement",0,0,948,1,NA,NA,1,"ZERO_EVENTS",1,5
