"outcome_concept_id","or","ci95l","ci95u","p","p_adj"
3034426,NA,NA,NA,NA,NA
3964927,NA,NA,NA,NA,NA
46235078,NA,NA,NA,NA,NA
3002590,NA,NA,NA,NA,NA
3006923,NA,NA,NA,NA,NA
3018010,NA,NA,NA,NA,NA
3003805,NA,NA,NA,NA,NA
3013721,NA,NA,NA,NA,NA
3009744,NA,NA,NA,NA,NA
3037511,NA,NA,NA,NA,NA
40766836,NA,NA,NA,NA,NA
46235784,NA,NA,NA,NA,NA
3039417,NA,NA,NA,NA,NA
3023599,NA,NA,NA,NA,NA
3010866,NA,NA,NA,NA,NA
3028638,NA,NA,NA,NA,NA
3039312,NA,NA,NA,NA,NA
3020416,NA,NA,NA,NA,NA
43534077,NA,NA,NA,NA,NA
3022096,NA,NA,NA,NA,NA
3005353,NA,NA,NA,NA,NA
3005162,NA,NA,NA,NA,NA
3032080,NA,NA,NA,NA,NA
3010156,NA,NA,NA,NA,NA
3007835,NA,NA,NA,NA,NA
3014791,NA,NA,NA,NA,NA
3008304,NA,NA,NA,NA,NA
42869583,NA,NA,NA,NA,NA
3029707,NA,NA,NA,NA,NA
3008364,NA,NA,NA,NA,NA
