concept_id,concept_name,domain,occurrence_count,patient_count,avg_days_to_onset
37116804,Improved dentition,Condition,298,138,8.5
4225273,Chronic gastritis,Condition,98,94,6.6
4303233,Gastric polyp,Condition,40,36,8.9
194574,Chronic type B viral hepatitis,Condition,39,33,19.7
195562,Hemorrhoids,Condition,33,31,5.7
4059290,Steatosis of liver,Condition,26,26,2.7
45757242,Erosive gastritis,Condition,24,24,2.7
196456,Gallstone,Condition,23,21,18.5
36716270,Cyst of kidney,Condition,19,19,15.9
4225905,Liver cyst,Condition,19,19,17.4
4064161,Cirrhosis of liver,Condition,29,18,32.0
4296301,Hepatic congestion,Condition,24,18,34.5
320128,Essential hypertension,Condition,20,18,8.8
37311148,Hypertension stage 2,Condition,20,18,10.8
201340,Gastritis,Condition,37,17,19.7
3013721,Aspartate aminotransferase [Enzymatic activity/volume] in Serum or Plasma,Measurement,3248,521,29.3
3007242,Bilirubin.indirect [Moles/volume] in Serum or Plasma,Measurement,3148,515,29.0
3024128,Bilirubin.total [Mass/volume] in Serum or Plasma,Measurement,3148,515,29.0
3028638,Bilirubin.direct [Moles/volume] in Serum or Plasma,Measurement,3148,515,29.0
3043688,Hemoglobin [Mass/volume] in Body fluid,Measurement,3407,500,30.6
3020416,Erythrocytes [#/volume] in Blood by Automated count,Measurement,3289,500,30.5
3001604,Monocytes [#/volume] in Blood,Measurement,3285,500,30.5
3009932,Eosinophils [#/volume] in Blood by Manual count,Measurement,3285,500,30.5
3009744,MCHC [Mass/volume] by Automated count,Measurement,3285,500,30.5
3002888,Erythrocyte distribution width [Entitic volume],Measurement,3285,500,30.5
3017732,Neutrophils [#/volume] in Blood,Measurement,3285,500,30.5
3039417,Platelet distribution width [Ratio] in Blood,Measurement,3285,500,30.5
3010457,Eosinophils/100 leukocytes in Blood by Automated count,Measurement,3285,500,30.5
3027651,Basophils [#/volume] in Blood by Manual count,Measurement,3285,500,30.5
3022096,Basophils/100 leukocytes in Blood,Measurement,3285,500,30.5
3024386,Platelet mean volume [Entitic volume] in Blood by Rees-Ecker,Measurement,3285,500,30.5
3037511,Lymphocytes/100 leukocytes in Blood by Automated count,Measurement,3285,500,30.5
3026710,Lymphocytes [#/volume] in Blood by Flow cytometry (FC),Measurement,3285,500,30.5
3016682,Platelets [#/volume] in Plasma by Automated count,Measurement,3285,500,30.5
3039312,Plateletcrit [Volume Fraction] in Blood,Measurement,3285,500,30.5
3964927,Monocytes/100 leukocytes in Blood by Flow cytometry (FC),Measurement,3285,500,30.5
3010568,Globulin [Mass/volume] in Plasma,Measurement,2997,500,29.2
3035995,Alkaline phosphatase [Enzymatic activity/volume] in Serum or Plasma,Measurement,2995,500,29.2
3020509,Albumin/Globulin [Mass Ratio] in Serum or Plasma,Measurement,2995,500,29.2
3028110,Bile acid [Moles/volume] in Serum or Plasma,Measurement,2956,497,29.2
3003805,Alpha fucosidase [Enzymatic activity/volume] in Serum or Plasma,Measurement,2945,497,29.2
3010866,Cholinesterase [Enzymatic activity/volume] in Serum or Plasma,Measurement,2945,497,29.2
3052649,Adenosine deaminase [Enzymatic activity/volume] in Serum or Plasma,Measurement,2945,497,29.2
3002590,Prealbumin [Mass/volume] in Serum or Plasma by Electrophoresis,Measurement,2945,497,29.2
40766836,Hemoglobins that can be presumptively identified based on available controls in DBS,Measurement,3223,496,30.2
3018010,Neutrophils/100 leukocytes in Blood,Measurement,3037,473,29.8
46235784,Sodium [Moles/volume] in Serum  Plasma or Blood,Measurement,2909,463,29.8
46235078,Potassium [Moles/volume] in Serum  Plasma or Blood,Measurement,2909,463,29.8
3014576,Chloride [Moles/volume] in Serum or Plasma,Measurement,2909,463,29.8
3006923,Alanine aminotransferase [Enzymatic activity/volume] in Serum or Plasma,Measurement,2784,461,28.9
