concept_id,concept_name,domain,occurrence_count,patient_count,avg_days_to_onset
37116804,Improved dentition,Condition,411,183,2.1
4225273,Chronic gastritis,Condition,100,98,1.3
194574,Chronic type B viral hepatitis,Condition,82,79,1.8
4291649,Upper gastrointestinal bleeding,Condition,87,76,2.9
196951,Chronic congestive splenomegaly,Condition,55,51,2.6
443530,Hematochezia,Condition,51,50,1.3
24966,Esophageal varices,Condition,72,41,4.5
439777,Anemia,Condition,40,38,1.1
26727,Hematemesis,Condition,40,37,2.1
4064161,Cirrhosis of liver,Condition,43,35,5.9
4059290,Steatosis of liver,Condition,33,30,2.8
4228222,Hypoproteinemia,Condition,32,30,6.3
619607,Esophageal varices due to cirrhosis of liver,Condition,54,28,3.1
28779,Bleeding esophageal varices,Condition,37,27,1.4
45766052,Type II diabetes mellitus in remission,Condition,28,27,2.8
3013721,Aspartate aminotransferase [Enzymatic activity/volume] in Serum or Plasma,Measurement,5484,847,7.4
3024128,Bilirubin.total [Mass/volume] in Serum or Plasma,Measurement,5339,844,7.5
3028638,Bilirubin.direct [Moles/volume] in Serum or Plasma,Measurement,5336,844,7.5
3007242,Bilirubin.indirect [Moles/volume] in Serum or Plasma,Measurement,5336,844,7.5
3043688,Hemoglobin [Mass/volume] in Body fluid,Measurement,7178,843,6.9
3020416,Erythrocytes [#/volume] in Blood by Automated count,Measurement,7041,843,6.9
3024386,Platelet mean volume [Entitic volume] in Blood by Rees-Ecker,Measurement,7035,843,6.9
3039417,Platelet distribution width [Ratio] in Blood,Measurement,7035,843,6.9
3002888,Erythrocyte distribution width [Entitic volume],Measurement,7035,843,6.9
3009744,MCHC [Mass/volume] by Automated count,Measurement,7035,843,6.9
3039312,Plateletcrit [Volume Fraction] in Blood,Measurement,7035,843,6.9
3001604,Monocytes [#/volume] in Blood,Measurement,7033,843,6.9
3009932,Eosinophils [#/volume] in Blood by Manual count,Measurement,7033,843,6.9
3964927,Monocytes/100 leukocytes in Blood by Flow cytometry (FC),Measurement,7033,843,6.9
3016682,Platelets [#/volume] in Plasma by Automated count,Measurement,7033,843,6.9
3026710,Lymphocytes [#/volume] in Blood by Flow cytometry (FC),Measurement,7033,843,6.9
3022096,Basophils/100 leukocytes in Blood,Measurement,7033,843,6.9
3027651,Basophils [#/volume] in Blood by Manual count,Measurement,7033,843,6.9
3017732,Neutrophils [#/volume] in Blood,Measurement,7033,843,6.9
3037511,Lymphocytes/100 leukocytes in Blood by Automated count,Measurement,7033,843,6.9
3010457,Eosinophils/100 leukocytes in Blood by Automated count,Measurement,7033,843,6.9
3014576,Chloride [Moles/volume] in Serum or Plasma,Measurement,6126,834,7.1
46235078,Potassium [Moles/volume] in Serum  Plasma or Blood,Measurement,6126,834,7.1
46235784,Sodium [Moles/volume] in Serum  Plasma or Blood,Measurement,6126,834,7.1
3010568,Globulin [Mass/volume] in Plasma,Measurement,5047,826,7.5
3035995,Alkaline phosphatase [Enzymatic activity/volume] in Serum or Plasma,Measurement,5045,826,7.5
3020509,Albumin/Globulin [Mass Ratio] in Serum or Plasma,Measurement,5045,826,7.5
40766836,Hemoglobins that can be presumptively identified based on available controls in DBS,Measurement,6539,824,6.7
3034426,Prothrombin time (PT),Measurement,4523,797,7.0
3032080,INR in Blood by Coagulation assay,Measurement,4523,797,7.0
3028110,Bile acid [Moles/volume] in Serum or Plasma,Measurement,4495,795,7.2
3003805,Alpha fucosidase [Enzymatic activity/volume] in Serum or Plasma,Measurement,4400,792,7.1
3010866,Cholinesterase [Enzymatic activity/volume] in Serum or Plasma,Measurement,4400,792,7.1
3052649,Adenosine deaminase [Enzymatic activity/volume] in Serum or Plasma,Measurement,4400,792,7.1
3002590,Prealbumin [Mass/volume] in Serum or Plasma by Electrophoresis,Measurement,4397,792,7.1
