concept_id,concept_name,domain,occurrence_count,patient_count,avg_days_to_onset
4173584,Chronic active type B viral hepatitis,Condition,142,96,7.0
194574,Chronic type B viral hepatitis,Condition,77,75,4.9
4296301,Hepatic congestion,Condition,85,71,6.1
37116804,Improved dentition,Condition,111,67,5.3
4318541,Cholestatic hepatitis,Condition,83,57,4.2
4064161,Cirrhosis of liver,Condition,49,38,4.2
4281232,Type B viral hepatitis,Condition,43,29,5.2
45772057,Cirrhosis of liver due to hepatitis B,Condition,32,21,7.4
196951,Chronic congestive splenomegaly,Condition,21,21,6.1
45771255,Compensated liver disease,Condition,22,18,8.6
443392,Malignant neoplastic disease,Condition,20,18,11.9
4094864,Primary carcinoma of liver,Condition,19,18,6.2
4246127,Malignant neoplasm of liver,Condition,41,17,8.9
4225905,Liver cyst,Condition,17,15,3.5
4225273,Chronic gastritis,Condition,14,14,7.1
3013721,Aspartate aminotransferase [Enzymatic activity/volume] in Serum or Plasma,Measurement,3559,1187,7.4
3028638,Bilirubin.direct [Moles/volume] in Serum or Plasma,Measurement,3511,1183,7.4
3024128,Bilirubin.total [Mass/volume] in Serum or Plasma,Measurement,3511,1183,7.4
3007242,Bilirubin.indirect [Moles/volume] in Serum or Plasma,Measurement,3511,1183,7.4
3035995,Alkaline phosphatase [Enzymatic activity/volume] in Serum or Plasma,Measurement,3341,1104,7.4
3020509,Albumin/Globulin [Mass Ratio] in Serum or Plasma,Measurement,3341,1104,7.4
3010568,Globulin [Mass/volume] in Plasma,Measurement,3341,1104,7.4
3032567,Hepatitis B virus DNA [Units/volume] (viral load) in Serum or Plasma by NAA with probe detection,Measurement,2029,1073,4.1
3028110,Bile acid [Moles/volume] in Serum or Plasma,Measurement,3051,1044,7.2
3003805,Alpha fucosidase [Enzymatic activity/volume] in Serum or Plasma,Measurement,3000,1040,7.1
3010866,Cholinesterase [Enzymatic activity/volume] in Serum or Plasma,Measurement,3000,1040,7.1
3052649,Adenosine deaminase [Enzymatic activity/volume] in Serum or Plasma,Measurement,3000,1040,7.1
3002590,Prealbumin [Mass/volume] in Serum or Plasma by Electrophoresis,Measurement,3000,1040,7.1
3001127,Alpha 1 antitrypsin [Mass/volume] in Serum or Plasma by Nephelometry,Measurement,2761,994,6.8
37172783,Alpha-fetoprotein mass concentration in plasma,Measurement,1659,879,3.3
3016723,Creatinine [Mass/volume] in Serum or Plasma,Measurement,2533,836,7.3
46235079,Carbon dioxide  total [Moles/volume] in Serum  Plasma or Blood,Measurement,2298,797,7.1
3030366,Cystatin C [Mass/volume] in Serum or Plasma,Measurement,2213,788,6.9
43534077,Urea [Moles/volume] in Blood,Measurement,1947,736,6.6
3006923,Alanine aminotransferase [Enzymatic activity/volume] in Serum or Plasma,Measurement,2065,731,7.3
3020630,Protein [Mass/volume] in Serum or Plasma,Measurement,1961,677,7.3
3024561,Albumin [Mass/volume] in Serum or Plasma,Measurement,1961,677,7.3
3026910,Gamma glutamyl transferase [Enzymatic activity/volume] in Serum or Plasma,Measurement,1695,625,6.7
3025839,Triglyceride [Moles/volume] in Serum or Plasma,Measurement,1161,586,4.0
3009596,Cholesterol in VLDL [Mass/volume] in Serum or Plasma by calculation,Measurement,1161,586,4.0
3028437,Cholesterol in LDL [Mass/volume] in Serum or Plasma,Measurement,1161,586,4.0
3020416,Erythrocytes [#/volume] in Blood by Automated count,Measurement,2421,556,9.3
3043688,Hemoglobin [Mass/volume] in Body fluid,Measurement,2429,555,9.4
3001604,Monocytes [#/volume] in Blood,Measurement,2418,555,9.3
3010457,Eosinophils/100 leukocytes in Blood by Automated count,Measurement,2418,555,9.3
3009932,Eosinophils [#/volume] in Blood by Manual count,Measurement,2418,555,9.3
3026710,Lymphocytes [#/volume] in Blood by Flow cytometry (FC),Measurement,2418,555,9.3
3039417,Platelet distribution width [Ratio] in Blood,Measurement,2418,555,9.3
3016682,Platelets [#/volume] in Plasma by Automated count,Measurement,2418,555,9.3
3024386,Platelet mean volume [Entitic volume] in Blood by Rees-Ecker,Measurement,2418,555,9.3
