concept_id,concept_name,domain,occurrence_count,patient_count,avg_days_to_onset
37116804,Improved dentition,Condition,383,199,0.1
4225273,Chronic gastritis,Condition,130,130,0.0
4303233,Gastric polyp,Condition,55,51,0.1
195562,Hemorrhoids,Condition,45,45,0.1
194574,Chronic type B viral hepatitis,Condition,44,44,0.2
4059290,Steatosis of liver,Condition,38,38,0.0
45757242,Erosive gastritis,Condition,27,27,0.0
320128,Essential hypertension,Condition,26,26,0.0
4064161,Cirrhosis of liver,Condition,26,25,0.5
36717498,Infection caused by Helicobacter pylori,Condition,29,24,0.8
196456,Gallstone,Condition,24,24,0.2
36716270,Cyst of kidney,Condition,23,23,0.3
4247651,Bile-induced gastritis,Condition,23,22,0.3
37311148,Hypertension stage 2,Condition,22,22,0.0
4225905,Liver cyst,Condition,21,21,0.0
3013721,Aspartate aminotransferase [Enzymatic activity/volume] in Serum or Plasma,Measurement,2504,830,2.0
3028638,Bilirubin.direct [Moles/volume] in Serum or Plasma,Measurement,2433,824,2.0
3024128,Bilirubin.total [Mass/volume] in Serum or Plasma,Measurement,2433,824,2.0
3007242,Bilirubin.indirect [Moles/volume] in Serum or Plasma,Measurement,2433,824,2.0
3043688,Hemoglobin [Mass/volume] in Body fluid,Measurement,2662,811,2.1
3027651,Basophils [#/volume] in Blood by Manual count,Measurement,2614,811,2.1
3026710,Lymphocytes [#/volume] in Blood by Flow cytometry (FC),Measurement,2614,811,2.1
3039312,Plateletcrit [Volume Fraction] in Blood,Measurement,2614,811,2.1
3964927,Monocytes/100 leukocytes in Blood by Flow cytometry (FC),Measurement,2614,811,2.1
3017732,Neutrophils [#/volume] in Blood,Measurement,2614,811,2.1
3022096,Basophils/100 leukocytes in Blood,Measurement,2614,811,2.1
3016682,Platelets [#/volume] in Plasma by Automated count,Measurement,2614,811,2.1
3009932,Eosinophils [#/volume] in Blood by Manual count,Measurement,2614,811,2.1
3039417,Platelet distribution width [Ratio] in Blood,Measurement,2614,811,2.1
3024386,Platelet mean volume [Entitic volume] in Blood by Rees-Ecker,Measurement,2614,811,2.1
3010457,Eosinophils/100 leukocytes in Blood by Automated count,Measurement,2614,811,2.1
3002888,Erythrocyte distribution width [Entitic volume],Measurement,2614,811,2.1
3037511,Lymphocytes/100 leukocytes in Blood by Automated count,Measurement,2614,811,2.1
3020416,Erythrocytes [#/volume] in Blood by Automated count,Measurement,2614,811,2.1
3009744,MCHC [Mass/volume] by Automated count,Measurement,2614,811,2.1
3001604,Monocytes [#/volume] in Blood,Measurement,2614,811,2.1
40766836,Hemoglobins that can be presumptively identified based on available controls in DBS,Measurement,2553,800,2.1
3020509,Albumin/Globulin [Mass Ratio] in Serum or Plasma,Measurement,2309,793,2.0
3035995,Alkaline phosphatase [Enzymatic activity/volume] in Serum or Plasma,Measurement,2309,793,2.0
3010568,Globulin [Mass/volume] in Plasma,Measurement,2309,793,2.0
3028110,Bile acid [Moles/volume] in Serum or Plasma,Measurement,2236,781,1.9
3052649,Adenosine deaminase [Enzymatic activity/volume] in Serum or Plasma,Measurement,2233,781,1.9
3003805,Alpha fucosidase [Enzymatic activity/volume] in Serum or Plasma,Measurement,2233,781,1.9
3010866,Cholinesterase [Enzymatic activity/volume] in Serum or Plasma,Measurement,2233,781,1.9
3002590,Prealbumin [Mass/volume] in Serum or Plasma by Electrophoresis,Measurement,2233,781,1.9
46235784,Sodium [Moles/volume] in Serum  Plasma or Blood,Measurement,2407,772,2.0
46235078,Potassium [Moles/volume] in Serum  Plasma or Blood,Measurement,2407,772,2.0
3014576,Chloride [Moles/volume] in Serum or Plasma,Measurement,2407,772,2.0
3018010,Neutrophils/100 leukocytes in Blood,Measurement,2356,758,2.1
3006923,Alanine aminotransferase [Enzymatic activity/volume] in Serum or Plasma,Measurement,2115,735,2.0
