"outcome_concept_id","outcome_name","outcome_domain","post_events","pre_events","n_exposures","irr","ci95l","ci95u","p","reason_code","p_adj","min_cell_count"
37116804,"Improved dentition","Condition",247,510,1621,0.423774509803922,0.362554083288712,0.494275583036443,2.12006002210528e-30,"OK",7.78062028112639e-28,5
4064161,"Cirrhosis of liver","Condition",217,360,1621,0.527430555555556,0.443593804215598,0.625929105735431,3.76507565969516e-14,"OK",4.60594255702708e-12,5
194574,"Chronic type B viral hepatitis","Condition",184,376,1621,0.428191489361702,0.356994776725996,0.512113630148729,1.87403652079721e-22,"OK",3.43885701566289e-20,5
4225273,"Chronic gastritis","Condition",177,301,1621,0.51453488372093,0.424911583219932,0.621555367561595,1.06458312661423e-12,"OK",9.76755018668556e-11,5
195562,"Hemorrhoids","Condition",79,127,1621,0.544291338582677,0.405703758931939,0.726430046537367,1.81798088841797e-05,"OK",0.000513229989268766,5
3003805,"Alpha fucosidase [Enzymatic activity/volume] in Serum or Plasma","Measurement",74,68,1621,0.952205882352941,0.675752556277655,1.34353776470525,0.801053417380904,"OK",1,5
4303233,"Gastric polyp","Condition",68,124,1621,0.479838709677419,0.351601233961235,0.650101727177937,6.90317146712829e-07,"OK",3.1668299105451e-05,5
3006923,"Alanine aminotransferase [Enzymatic activity/volume] in Serum or Plasma","Measurement",66,45,1621,1.28333333333333,0.865430570891997,1.91839528587487,0.216417269944974,"OK",1,5
3013721,"Aspartate aminotransferase [Enzymatic activity/volume] in Serum or Plasma","Measurement",62,39,1621,1.39102564102564,0.917174065936368,2.13285007448478,0.111098030293723,"OK",0.815459542355928,5
3052649,"Adenosine deaminase [Enzymatic activity/volume] in Serum or Plasma","Measurement",59,66,1621,0.78219696969697,0.541077601664635,1.12848537879164,0.179220410486946,"OK",1,5
36716270,"Cyst of kidney","Condition",58,124,1621,0.409274193548387,0.294323075804455,0.563388049667923,6.46644300755856e-09,"OK",3.3902636911057e-07,5
3964927,"Monocytes/100 leukocytes in Blood by Flow cytometry (FC)","Measurement",55,56,1621,0.859375,0.581452024027532,1.26967248023904,0.447397061845797,"OK",1,5
3002590,"Prealbumin [Mass/volume] in Serum or Plasma by Electrophoresis","Measurement",52,47,1621,0.968085106382979,0.639882055094786,1.4680617323259,0.919877552940026,"OK",1,5
4059290,"Steatosis of liver","Condition",51,77,1621,0.579545454545455,0.398633977812366,0.836310753602223,0.00249634898038286,"OK",0.0455274216654048,5
3007242,"Bilirubin.indirect [Moles/volume] in Serum or Plasma","Measurement",50,46,1621,0.951086956521739,0.624406877561063,1.45157580859551,0.83826977493795,"OK",1,5
3024386,"Platelet mean volume [Entitic volume] in Blood by Rees-Ecker","Measurement",48,62,1621,0.67741935483871,0.454824693615968,1.00357628727712,0.0447465590576575,"OK",0.430123235755812,5
3001604,"Monocytes [#/volume] in Blood","Measurement",47,37,1621,1.11148648648649,0.707142090995412,1.75875924495068,0.662894969316201,"OK",1,5
3028638,"Bilirubin.direct [Moles/volume] in Serum or Plasma","Measurement",47,33,1621,1.24621212121212,0.781721102996145,2.0077977052255,0.370562626123881,"OK",1,5
3010866,"Cholinesterase [Enzymatic activity/volume] in Serum or Plasma","Measurement",46,42,1621,0.958333333333333,0.616914362582272,1.49227369636156,0.914998805140115,"OK",1,5
46235078,"Potassium [Moles/volume] in Serum, Plasma or Blood","Measurement",44,35,1621,1.1,0.689656738080557,1.76653104973818,0.735567490298228,"OK",1,5
45757242,"Erosive gastritis","Condition",44,106,1621,0.363207547169811,0.249543249762609,0.520810789247077,3.33211458683962e-09,"OK",2.03814342228357e-07,5
3024128,"Bilirubin.total [Mass/volume] in Serum or Plasma","Measurement",44,39,1621,0.987179487179487,0.626818275970633,1.55999286214683,1,"OK",1,5
3017732,"Neutrophils [#/volume] in Blood","Measurement",42,49,1621,0.75,0.484588665200892,1.15623204238921,0.173605219607173,"OK",1,5
36717498,"Infection caused by Helicobacter pylori","Condition",40,82,1621,0.426829268292683,0.284891847849029,0.630243572088659,6.614791863546e-06,"OK",0.000207731267262929,5
3039312,"Plateletcrit [Volume Fraction] in Blood","Measurement",40,37,1621,0.945945945945946,0.589667532713478,1.52109584147845,0.820229021766435,"OK",1,5
3023599,"MCV [Entitic volume] by Automated count","Measurement",40,36,1621,0.972222222222222,0.604131527654624,1.5696925778479,0.909019373714972,"OK",1,5
3026710,"Lymphocytes [#/volume] in Blood by Flow cytometry (FC)","Measurement",39,50,1621,0.6825,0.437189152895779,1.05852558045538,0.0886047064800954,"OK",0.756230866934767,5
3035995,"Alkaline phosphatase [Enzymatic activity/volume] in Serum or Plasma","Measurement",39,52,1621,0.65625,0.421850932696118,1.01335938298961,0.0464118247205861,"OK",0.430123235755812,5
3037511,"Lymphocytes/100 leukocytes in Blood by Automated count","Measurement",38,34,1621,0.977941176470588,0.599377202639571,1.60144039101464,1,"OK",1,5
40766836,"Hemoglobins that can be presumptively identified based on available controls in DBS","Measurement",38,45,1621,0.738888888888889,0.466861231934732,1.16386265776507,0.186977317654726,"OK",1,5
3016682,"Platelets [#/volume] in Plasma by Automated count","Measurement",38,43,1621,0.773255813953488,0.486373640016791,1.22497408271504,0.266263602600372,"OK",1,5
3024561,"Albumin [Mass/volume] in Serum or Plasma","Measurement",38,40,1621,0.83125,0.518939118636497,1.32946970168183,0.428817152290562,"OK",1,5
3010568,"Globulin [Mass/volume] in Plasma","Measurement",37,63,1621,0.513888888888889,0.332840465911194,0.783301375019638,0.00124302742443411,"OK",0.0268347685157247,5
3000905,"Leukocytes [#/volume] in Blood by Automated count","Measurement",37,55,1621,0.588636363636364,0.377201413470059,0.909243349139253,0.0121490984505525,"OK",0.165137745605658,5
3020509,"Albumin/Globulin [Mass Ratio] in Serum or Plasma","Measurement",36,56,1621,0.5625,0.359442795131525,0.870222696321752,0.00655153370248266,"OK",0.100183869533797,5
3005353,"Prothrombin activity actual/normal in Platelet poor plasma by Coagulation assay","Measurement",36,20,1621,1.575,0.887666923929363,2.87144413022101,0.108937054345988,"OK",0.815459542355928,5
196456,"Gallstone","Condition",36,74,1621,0.425675675675676,0.277578118002111,0.642198193340901,2.03202354889538e-05,"OK",0.000532680458889004,5
46235784,"Sodium [Moles/volume] in Serum, Plasma or Blood","Measurement",33,34,1621,0.849264705882353,0.509836657427898,1.41317345354125,0.541393201422456,"OK",1,5
3043688,"Hemoglobin [Mass/volume] in Body fluid","Measurement",33,56,1621,0.515625,0.324829857765257,0.806728181116155,0.0027291642415229,"OK",0.0455274216654048,5
3018010,"Neutrophils/100 leukocytes in Blood","Measurement",32,36,1621,0.777777777777778,0.467666973669693,1.28820759851257,0.331559229400697,"OK",1,5
3009744,"MCHC [Mass/volume] by Automated count","Measurement",32,39,1621,0.717948717948718,0.435408291540237,1.17601199864917,0.190548344676807,"OK",1,5
3039417,"Platelet distribution width [Ratio] in Blood","Measurement",32,35,1621,0.8,0.479520359848431,1.33042789651765,0.392372157503699,"OK",1,5
3034426,"Prothrombin time (PT)","Measurement",32,12,1621,2.33333333333333,1.16988744128229,4.97483596373319,0.0100195827051223,"OK",0.147087474111195,5
3032080,"INR in Blood by Coagulation assay","Measurement",32,14,1621,2,1.03736494144408,4.05661080832407,0.0373861167579661,"OK",0.381130690282599,5
320128,"Essential hypertension","Condition",32,56,1621,0.5,0.313331764578323,0.785525600468185,0.0017889555151701,"OK",0.0364748152259683,5
3028110,"Bile acid [Moles/volume] in Serum or Plasma","Measurement",31,62,1621,0.4375,0.274713731986058,0.683798023763491,0.000152080222661661,"OK",0.0037208961144553,5
43534077,"Urea [Moles/volume] in Blood","Measurement",30,33,1621,0.795454545454545,0.468625166878504,1.34534019094694,0.379025409024313,"OK",1,5
3052964,"Fibrinogen [Mass/volume] in Platelet poor plasma by Coagulation.derived","Measurement",30,26,1621,1.00961538461538,0.577127918866885,1.77720078348445,1,"OK",1,5
4225905,"Liver cyst","Condition",29,87,1621,0.291666666666667,0.184656058353078,0.448593372043129,9.1809305782632e-10,"OK",6.73880304444519e-08,5
3030366,"Cystatin C [Mass/volume] in Serum or Plasma","Measurement",29,21,1621,1.20833333333333,0.665656883274216,2.22913311782925,0.571785698766981,"OK",1,5
3010156,"C reactive protein [Mass/volume] in Serum or Plasma by High sensitivity method","Measurement",29,25,1621,1.015,0.573903280886215,1.80720091082731,1,"OK",1,5
3020416,"Erythrocytes [#/volume] in Blood by Automated count","Measurement",28,45,1621,0.544444444444445,0.327065712497685,0.891940618341688,0.0132346758714894,"OK",0.168580406892554,5
46235079,"Carbon dioxide, total [Moles/volume] in Serum, Plasma or Blood","Measurement",28,36,1621,0.680555555555556,0.40001721021776,1.14691104530866,0.13367168677855,"OK",0.925613378259013,5
3005162,"Calcium [Moles/volume] in Blood","Measurement",28,15,1621,1.63333333333333,0.843157859834399,3.29011650933904,0.128893609464063,"OK",0.909691436025215,5
4247651,"Bile-induced gastritis","Condition",27,44,1621,0.536931818181818,0.319708154773641,0.88655332350607,0.012017978625234,"OK",0.165137745605658,5
3010457,"Eosinophils/100 leukocytes in Blood by Automated count","Measurement",27,39,1621,0.605769230769231,0.356612209866938,1.01510777907427,0.0482239509694849,"OK",0.430123235755812,5
3020630,"Protein [Mass/volume] in Serum or Plasma","Measurement",27,42,1621,0.5625,0.333507320662089,0.933911029948946,0.0213855333869104,"OK",0.253177121064391,5
3001127,"Alpha 1 antitrypsin [Mass/volume] in Serum or Plasma by Nephelometry","Measurement",26,28,1621,0.8125,0.457682665113442,1.43758127677262,0.496111092368576,"OK",1,5
3028465,"Gamma glutamyl transferase [Enzymatic activity/volume] in Body fluid","Measurement",25,26,1621,0.841346153846154,0.466053639657278,1.51599037878239,0.576069581922852,"OK",1,5
37311148,"Hypertension stage 2","Condition",25,46,1621,0.47554347826087,0.279981744755916,0.79031867976093,0.00271052944683577,"OK",0.0455274216654048,5
37172783,"Alpha-fetoprotein mass concentration in plasma","Measurement",25,41,1621,0.533536585365854,0.310933463462502,0.898562928509179,0.013321067574616,"OK",0.168580406892554,5
3014576,"Chloride [Moles/volume] in Serum or Plasma","Measurement",25,28,1621,0.78125,0.436892650794076,1.38975529178105,0.409799664042551,"OK",1,5
42869583,"Hematocrit [Pure volume fraction] of Body fluid","Measurement",22,26,1621,0.740384615384615,0.399981295138505,1.35872699353977,0.314100123210763,"OK",1,5
3009932,"Eosinophils [#/volume] in Blood by Manual count","Measurement",22,26,1621,0.740384615384615,0.399981295138505,1.35872699353977,0.314100123210763,"OK",1,5
3031305,"aPTT panel - Platelet poor plasma","Measurement",20,22,1621,0.795454545454546,0.411841365407359,1.52767141306307,0.536794442331159,"OK",1,5
3002888,"Erythrocyte distribution width [Entitic volume]","Measurement",20,32,1621,0.546875,0.296425040455743,0.985970323481777,0.0366400649748587,"OK",0.381130690282599,5
3028437,"Cholesterol in LDL [Mass/volume] in Serum or Plasma","Measurement",20,31,1621,0.564516129032258,0.304950765216562,1.02246741185879,0.0492239125388122,"OK",0.430123235755812,5
3022096,"Basophils/100 leukocytes in Blood","Measurement",20,32,1621,0.546875,0.296425040455743,0.985970323481777,0.0366400649748587,"OK",0.381130690282599,5
3027651,"Basophils [#/volume] in Blood by Manual count","Measurement",18,24,1621,0.65625,0.335581307083693,1.26117168875841,0.215690031260441,"OK",1,5
3008304,"Triiodothyronine (T3) [Moles/volume] in Serum or Plasma","Measurement",17,11,1621,1.35227272727273,0.597489371240092,3.19395688367761,0.45607439278688,"OK",1,5
3016723,"Creatinine [Mass/volume] in Serum or Plasma","Measurement",17,21,1621,0.708333333333333,0.350904838646161,1.40965047090564,0.33050025786716,"OK",1,5
3006742,"Cancer Ag 15-3 [Presence] in Serum or Plasma","Measurement",17,25,1621,0.595,0.301535328103991,1.14662145765274,0.121098693536315,"OK",0.871435696624071,5
3007835,"Cancer Ag 125 [Presence] in Serum or Plasma","Measurement",16,13,1621,1.07692307692308,0.485679012561724,2.4336876600154,1,"OK",1,5
3016436,"Lactate dehydrogenase [Enzymatic activity/volume] in Serum or Plasma","Measurement",15,22,1621,0.596590909090909,0.287856183053709,1.20339837743099,0.138453747739674,"OK",0.940972692971486,5
3027114,"Cholesterol [Mass/volume] in Serum or Plasma","Measurement",15,33,1621,0.397727272727273,0.200726581789499,0.752948101304119,0.00225524290977403,"OK",0.0435617972572142,5
3966438,"CE Ab [Presence] in Serum or Plasma","Measurement",14,12,1621,1.02083333333333,0.438238470385595,2.41606703794882,1,"OK",1,5
3026076,"Alpha hydroxybutyrate dehydrogenase [Enzymatic activity/volume] in Serum or Plasma","Measurement",14,20,1621,0.6125,0.286202412418247,1.27503862479932,0.171348561419448,"OK",1,5
3014791,"Apolipoprotein B [Mass/volume] in Serum or Plasma","Measurement",13,17,1621,0.669117647058823,0.2988782702809,1.4628628608995,0.279330464689212,"OK",1,5
40759253,"Cholesterol in HDL 2a [Moles/volume] in Serum or Plasma","Measurement",12,22,1621,0.477272727272727,0.215286497666263,1.00718036661926,0.0392544009785869,"OK",0.389361220517335,5
3025839,"Triglyceride [Moles/volume] in Serum or Plasma","Measurement",12,44,1621,0.238636363636364,0.114731898175667,0.459645935669655,1.35124713476253e-06,"OK",5.51008553842056e-05,5
3029790,"Creatine kinase.MB [Enzymatic activity/volume] in Serum or Plasma","Measurement",11,10,1621,0.9625,0.371095872657464,2.5279396351138,1,"OK",1,5
3009596,"Cholesterol in VLDL [Mass/volume] in Serum or Plasma by calculation","Measurement",11,40,1621,0.240625,0.111349597640561,0.477843267971826,6.79230301677153e-06,"OK",0.000207731267262929,5
3026910,"Gamma glutamyl transferase [Enzymatic activity/volume] in Serum or Plasma","Measurement",11,10,1621,0.9625,0.371095872657464,2.5279396351138,1,"OK",1,5
46236948,"Glucose [Moles/volume] in Serum, Plasma or Blood","Measurement",10,40,1621,0.21875,0.0975488229980165,0.445123266421296,2.45405586809306e-06,"OK",9.00638503590153e-05,5
3007220,"Creatine kinase [Enzymatic activity/volume] in Serum or Plasma","Measurement",10,9,1621,0.972222222222222,0.355043852733269,2.70410261348747,1,"OK",1,5
3037850,"Specific gravity of Body fluid","Measurement",9,10,1621,0.7875,0.283134595625636,2.15642376034936,0.650608442530334,"OK",1,5
3012095,"Magnesium [Moles/volume] in Serum or Plasma","Measurement",9,8,1621,0.984375,0.337109962617611,2.93211730088829,1,"OK",1,5
3018913,"Phosphate [Moles/volume] in Blood","Measurement",9,10,1621,0.7875,0.283134595625636,2.15642376034936,0.650608442530334,"OK",1,5
3029707,"Crystals [#/volume] in Urine by Automated count","Measurement",9,9,1621,0.875,0.307737039796193,2.4879195579026,0.816726788116406,"OK",1,5
3010813,"Leukocytes [#/volume] in Blood","Measurement",9,5,1621,1.575,0.474018145020165,5.98245115332381,0.438462022033374,"OK",1,5
3009542,"Hematocrit [Volume Fraction] of Blood","Measurement",8,26,1621,0.269230769230769,0.105350214102917,0.612356219121867,0.00048225099640911,"OK",0.0110616322301339,5
3008364,"Apolipoprotein A-I [Mass/volume] in Serum or Plasma","Measurement",8,11,1621,0.636363636363636,0.222208179336802,1.7369571085041,0.363985095109449,"OK",1,5
3008342,"Neutrophils/100 leukocytes in Blood by Automated count","Measurement",7,6,1621,1.02083333333333,0.29376340057821,3.67678112394001,1,"OK",1,5
3024552,"Cancer Ag 19-9 [Presence] in Serum or Plasma","Measurement",6,9,1621,0.583333333333333,0.170855472045483,1.8350710304382,0.315055603882086,"OK",1,5
46236949,"Alanine aminotransferase [Enzymatic activity/volume] in Serum, Plasma or Blood","Measurement",6,5,1621,1.05,0.266989935514759,4.34925193797463,1,"OK",1,5
3010748,"Hematocrit/Hemoglobin [Ratio] of Blood by Automated count","Measurement",0,0,1621,NA,NA,NA,NA,"SUPPRESSED_MINCELL",NA,5
3001019,"Free T4 and TSH panel - Serum or Plasma","Measurement",5,5,1621,0.875,0.201374660320844,3.8019927570835,1,"OK",1,5
3015759,"IgM [Presence] in Serum","Measurement",0,0,1621,NA,NA,NA,NA,"SUPPRESSED_MINCELL",NA,5
3009201,"Thyrotropin [Units/volume] in Serum or Plasma","Measurement",0,0,1621,NA,NA,NA,NA,"SUPPRESSED_MINCELL",NA,5
1002070,"Acarboxyprothrombin [Units/volume] in Serum or Plasma","Measurement",5,13,1621,0.336538461538462,0.0939377520472683,1.00591938328304,0.0340394033574751,"OK",0.378559425217981,5
3029879,"Epithelial cells.squamous [#/volume] in Urine by Automated count","Measurement",0,0,1621,NA,NA,NA,NA,"SUPPRESSED_MINCELL",NA,5
3011958,"Ammonia [Moles/volume] in Plasma","Measurement",0,0,1621,NA,NA,NA,NA,"SUPPRESSED_MINCELL",NA,5
3002656,"Lipoproteins [Mass/volume] in Serum or Plasma","Measurement",0,0,1621,NA,NA,NA,NA,"SUPPRESSED_MINCELL",NA,5
42869548,"Treponema pallidum Ab [Titer] in Serum or Plasma by Agglutination","Measurement",0,0,1621,NA,NA,NA,NA,"SUPPRESSED_MINCELL",NA,5
3018853,"Superoxide dismutase [Enzymatic activity/volume] in Plasma","Measurement",0,0,1621,NA,NA,NA,NA,"SUPPRESSED_MINCELL",NA,5
3005029,"Protein [Mass/volume] in Body fluid","Measurement",0,0,1621,NA,NA,NA,NA,"SUPPRESSED_MINCELL",NA,5
3016771,"Amylase [Enzymatic activity/volume] in Serum or Plasma","Measurement",0,0,1621,NA,NA,NA,NA,"SUPPRESSED_MINCELL",NA,5
3028286,"Albumin [Mass/volume] in Serum or Plasma by Electrophoresis","Measurement",0,0,1621,NA,NA,NA,NA,"SUPPRESSED_MINCELL",NA,5
3051714,"Fibrin D-dimer FEU [Mass/volume] in Platelet poor plasma","Measurement",0,0,1621,NA,NA,NA,NA,"SUPPRESSED_MINCELL",NA,5
3009105,"Erythrocytes [#/volume] in Urine by Test strip","Measurement",0,0,1621,NA,NA,NA,NA,"SUPPRESSED_MINCELL",NA,5
3011724,"Hepatitis B virus e Ag [Presence] in Serum by Radioimmunoassay (RIA)","Measurement",0,0,1621,NA,NA,NA,NA,"SUPPRESSED_MINCELL",NA,5
3045975,"IgA [Presence] in Serum","Measurement",0,0,1621,NA,NA,NA,NA,"SUPPRESSED_MINCELL",NA,5
3003470,"Hepatitis C virus Ab [Units/volume] in Serum by Immunoassay","Measurement",0,0,1621,NA,NA,NA,NA,"SUPPRESSED_MINCELL",NA,5
3015377,"Calcium [Moles/volume] in Serum or Plasma","Measurement",0,0,1621,NA,NA,NA,NA,"SUPPRESSED_MINCELL",NA,5
42529199,"Cancer Ag 125 [Units/volume] in Serum or Plasma by Immunoassay","Measurement",0,0,1621,NA,NA,NA,NA,"SUPPRESSED_MINCELL",NA,5
3030929,"Transferrin.carbohydrate deficient.XXX/Transferrin.total in Serum or Plasma","Measurement",0,0,1621,NA,NA,NA,NA,"SUPPRESSED_MINCELL",NA,5
3030981,"Hyaline casts [#/volume] in Urine by Automated count","Measurement",0,0,1621,NA,NA,NA,NA,"SUPPRESSED_MINCELL",NA,5
40762352,"Hemoglobin A1c/Hemoglobin.total in Blood by IFCC protocol","Measurement",0,0,1621,NA,NA,NA,NA,"SUPPRESSED_MINCELL",NA,5
3023314,"Hematocrit [Volume Fraction] of Blood by Automated count","Measurement",0,0,1621,NA,NA,NA,NA,"SUPPRESSED_MINCELL",NA,5
3026692,"Albumin [Mass/volume] in Peritoneal fluid","Measurement",0,0,1621,NA,NA,NA,NA,"SUPPRESSED_MINCELL",NA,5
3022648,"Aquacobalamin [Mass/volume] in Serum or Plasma","Measurement",0,0,1621,NA,NA,NA,NA,"SUPPRESSED_MINCELL",NA,5
3016407,"Fibrinogen [Mass/volume] in Platelet poor plasma by Coagulation assay","Measurement",0,0,1621,NA,NA,NA,NA,"SUPPRESSED_MINCELL",NA,5
40760007,"HIV 1+2 Ab+HIV1 p24 Ag [Presence] in Serum or Plasma by Immunoassay","Measurement",0,0,1621,NA,NA,NA,NA,"SUPPRESSED_MINCELL",NA,5
3027215,"Base excess standard in Venous blood by calculation","Measurement",0,0,1621,NA,NA,NA,NA,"SUPPRESSED_MINCELL",NA,5
3003785,"Carcinoembryonic Ag [Mass/volume] in Serum or Plasma","Measurement",0,0,1621,NA,NA,NA,NA,"SUPPRESSED_MINCELL",NA,5
3033252,"Adenosine deaminase [Enzymatic activity/volume] in Peritoneal fluid","Measurement",0,0,1621,NA,NA,NA,NA,"SUPPRESSED_MINCELL",NA,5
3011960,"Natriuretic peptide B [Mass/volume] in Serum or Plasma","Measurement",0,0,1621,NA,NA,NA,NA,"SUPPRESSED_MINCELL",NA,5
3012413,"Glucose [Moles/volume] in Serum or Plasma --2 hours post meal","Measurement",0,0,1621,NA,NA,NA,NA,"SUPPRESSED_MINCELL",NA,5
3012898,"Urea [Moles/volume] in Urine","Measurement",0,0,1621,NA,NA,NA,NA,"SUPPRESSED_MINCELL",NA,5
3037202,"Fibrin+Fibrinogen fragments [Mass/volume] in Serum","Measurement",0,0,1621,NA,NA,NA,NA,"SUPPRESSED_MINCELL",NA,5
3039720,"Glucose mean value [Moles/volume] in Blood Estimated from glycated hemoglobin","Measurement",0,0,1621,NA,NA,NA,NA,"SUPPRESSED_MINCELL",NA,5
3040139,"Yeast.hyphae [#/volume] in Urine by Computer assisted method","Measurement",0,0,1621,NA,NA,NA,NA,"SUPPRESSED_MINCELL",NA,5
1988100,"Leukocytes [#/volume] in Peritoneal dialysis fluid by Automated count","Measurement",0,0,1621,NA,NA,NA,NA,"SUPPRESSED_MINCELL",NA,5
3015736,"pH of Urine","Measurement",0,0,1621,NA,NA,NA,NA,"SUPPRESSED_MINCELL",NA,5
3046279,"Procalcitonin [Mass/volume] in Serum or Plasma","Measurement",0,0,1621,NA,NA,NA,NA,"SUPPRESSED_MINCELL",NA,5
3016070,"Creatine kinase.MB [Enzymatic activity/volume] in Serum or Plasma by Electrophoresis","Measurement",0,0,1621,NA,NA,NA,NA,"SUPPRESSED_MINCELL",NA,5
3005895,"Myoglobin [Mass/volume] in Serum or Plasma","Measurement",0,0,1621,NA,NA,NA,NA,"SUPPRESSED_MINCELL",NA,5
1988606,"C reactive protein [Units/volume] in Body fluid","Measurement",0,0,1621,NA,NA,NA,NA,"SUPPRESSED_MINCELL",NA,5
3002032,"Base excess in Venous blood by calculation","Measurement",0,0,1621,NA,NA,NA,NA,"SUPPRESSED_MINCELL",NA,5
40760213,"Phenol [Mass/volume] adjusted to specific gravity 1.024 in Urine","Measurement",0,0,1621,NA,NA,NA,NA,"SUPPRESSED_MINCELL",NA,5
3018095,"Leukocytes [#/volume] in Urine","Measurement",0,0,1621,NA,NA,NA,NA,"SUPPRESSED_MINCELL",NA,5
3006576,"Bicarbonate [Moles/volume] in Blood","Measurement",0,0,1621,NA,NA,NA,NA,"SUPPRESSED_MINCELL",NA,5
42868453,"Bicarbonate [Moles/volume] standard in Plasma","Measurement",0,0,1621,NA,NA,NA,NA,"SUPPRESSED_MINCELL",NA,5
42868533,"Mononuclear cells [#/volume] in Peritoneal fluid by Automated count","Measurement",0,0,1621,NA,NA,NA,NA,"SUPPRESSED_MINCELL",NA,5
43055483,"Glucose in serum - glucose in peritoneal fluid [Molar concentration difference]","Measurement",0,0,1621,NA,NA,NA,NA,"SUPPRESSED_MINCELL",NA,5
3019900,"Cholesterol [Moles/volume] in Serum or Plasma","Measurement",0,0,1621,NA,NA,NA,NA,"SUPPRESSED_MINCELL",NA,5
1617274,"Carbon dioxide, total [Moles/volume] in Central venous blood","Measurement",0,0,1621,NA,NA,NA,NA,"SUPPRESSED_MINCELL",NA,5
3022893,"Aspartate aminotransferase/Alanine aminotransferase [Enzymatic activity ratio] in Serum or Plasma","Measurement",0,0,1621,NA,NA,NA,NA,"SUPPRESSED_MINCELL",NA,5
3023323,"Follitropin [Units/volume] in Serum or Plasma","Measurement",0,0,1621,NA,NA,NA,NA,"SUPPRESSED_MINCELL",NA,5
3009609,"Carbon dioxide, total [Moles/volume] in Arterial blood","Measurement",0,0,1621,NA,NA,NA,NA,"SUPPRESSED_MINCELL",NA,5
3000620,"Complement C3 [Mass/volume] in Serum or Plasma","Measurement",0,0,1621,NA,NA,NA,NA,"SUPPRESSED_MINCELL",NA,5
3029187,"Natriuretic peptide.B prohormone N-Terminal [Mass/volume] in Serum or Plasma","Measurement",0,0,1621,NA,NA,NA,NA,"SUPPRESSED_MINCELL",NA,5
43533605,"Anion gap 4 in Capillary blood","Measurement",0,0,1621,NA,NA,NA,NA,"SUPPRESSED_MINCELL",NA,5
3002532,"Iron binding capacity.unsaturated [Moles/volume] in Serum or Plasma","Measurement",0,0,1621,NA,NA,NA,NA,"SUPPRESSED_MINCELL",NA,5
3017250,"Creatinine [Mass/volume] in Urine","Measurement",0,0,1621,NA,NA,NA,NA,"SUPPRESSED_MINCELL",NA,5
44787068,"Myelocytes.neutrophilic/100 leukocytes in Blood by Manual count","Measurement",0,0,1621,NA,NA,NA,NA,"SUPPRESSED_MINCELL",NA,5
3000659,"Cytokeratin 19 [Mass/volume] in Serum or Plasma","Measurement",0,0,1621,NA,NA,NA,NA,"SUPPRESSED_MINCELL",NA,5
36305091,"Oxyhemoglobin [Mass/volume] in Plasma","Measurement",0,0,1621,NA,NA,NA,NA,"SUPPRESSED_MINCELL",NA,5
1989123,"Erythrocytes.ghost cells [#/volume] in Urine sediment by Computer assisted method","Measurement",0,0,1621,NA,NA,NA,NA,"SUPPRESSED_MINCELL",NA,5
3019977,"pH of Arterial blood","Measurement",0,0,1621,NA,NA,NA,NA,"SUPPRESSED_MINCELL",NA,5
36304079,"Mucus [Presence] in Urine sediment","Measurement",0,0,1621,NA,NA,NA,NA,"SUPPRESSED_MINCELL",NA,5
36203209,"Erythrocytes.EMA mean fluorescence intensity actual/normal in Blood by Flow cytometry (FC)","Measurement",0,0,1621,NA,NA,NA,NA,"SUPPRESSED_MINCELL",NA,5
1988277,"Alpha-1-Fetoprotein L3 [Mass/volume] in Serum or Plasma by Immunoassay","Measurement",0,0,1621,NA,NA,NA,NA,"SUPPRESSED_MINCELL",NA,5
3016523,"Insulin [Moles/volume] in Serum or Plasma","Measurement",0,0,1621,NA,NA,NA,NA,"SUPPRESSED_MINCELL",NA,5
3016083,"Glucose [Mass/volume] in 24 hour Peritoneal dialysis fluid","Measurement",0,0,1621,NA,NA,NA,NA,"SUPPRESSED_MINCELL",NA,5
3005785,"Creatine kinase.MB [Mass/volume] in Serum or Plasma","Measurement",0,0,1621,NA,NA,NA,NA,"SUPPRESSED_MINCELL",NA,5
3045716,"Anion gap in Serum or Plasma","Measurement",0,0,1621,NA,NA,NA,NA,"SUPPRESSED_MINCELL",NA,5
3005673,"Hemoglobin A1c/Hemoglobin.total in Blood by HPLC","Measurement",0,0,1621,NA,NA,NA,NA,"SUPPRESSED_MINCELL",NA,5
3015242,"Ferritin [Mass/volume] in Serum or Plasma by Immunoassay","Measurement",0,0,1621,NA,NA,NA,NA,"SUPPRESSED_MINCELL",NA,5
3040659,"Glucose [Moles/volume] in Serum or Plasma --1 hour post meal","Measurement",0,0,1621,NA,NA,NA,NA,"SUPPRESSED_MINCELL",NA,5
3014749,"Leukocytes [#/volume] in Urine by Test strip","Measurement",0,0,1621,NA,NA,NA,NA,"SUPPRESSED_MINCELL",NA,5
3039902,"Granular casts [#/volume] in Urine by Computer assisted method","Measurement",0,0,1621,NA,NA,NA,NA,"SUPPRESSED_MINCELL",NA,5
3039426,"Oxygen saturation Calculated from oxygen partial pressure in Arterial blood","Measurement",0,0,1621,NA,NA,NA,NA,"SUPPRESSED_MINCELL",NA,5
3036987,"Folate [Mass/volume] in Serum or Plasma","Measurement",0,0,1621,NA,NA,NA,NA,"SUPPRESSED_MINCELL",NA,5
3036887,"Ammonia [Mass/volume] in Plasma","Measurement",0,0,1621,NA,NA,NA,NA,"SUPPRESSED_MINCELL",NA,5
3021797,"Glucose-6-Phosphate dehydrogenase [Enzymatic activity/volume] in Serum","Measurement",0,0,1621,NA,NA,NA,NA,"SUPPRESSED_MINCELL",NA,5
3004789,"Transferrin [Mass/volume] in Serum or Plasma","Measurement",0,0,1621,NA,NA,NA,NA,"SUPPRESSED_MINCELL",NA,5
3008486,"Thyroxine (T4) free [Moles/volume] in Serum or Plasma","Measurement",0,0,1621,NA,NA,NA,NA,"SUPPRESSED_MINCELL",NA,5
3004391,"Epithelial cells [#/volume] in Urine by Manual count","Measurement",0,0,1621,NA,NA,NA,NA,"SUPPRESSED_MINCELL",NA,5
3027828,"Triiodothyronine (T3).reverse [Moles/volume] in Serum or Plasma","Measurement",0,0,1621,NA,NA,NA,NA,"SUPPRESSED_MINCELL",NA,5
3011904,"Phosphate [Mass/volume] in Serum or Plasma","Measurement",0,0,1621,NA,NA,NA,NA,"SUPPRESSED_MINCELL",NA,5
3032567,"Hepatitis B virus DNA [Units/volume] (viral load) in Serum or Plasma by NAA with probe detection","Measurement",0,0,1621,NA,NA,NA,NA,"SUPPRESSED_MINCELL",NA,5
3022764,"Mononuclear cells/100 leukocytes in Peritoneal fluid","Measurement",0,0,1621,NA,NA,NA,NA,"SUPPRESSED_MINCELL",NA,5
3027801,"Oxygen [Partial pressure] in Arterial blood","Measurement",0,0,1621,NA,NA,NA,NA,"SUPPRESSED_MINCELL",NA,5
3022948,"Iron [Moles/volume] in Serum or Plasma","Measurement",0,0,1621,NA,NA,NA,NA,"SUPPRESSED_MINCELL",NA,5
3022976,"Prolactin [Units/volume] in Serum or Plasma by 3rd IS","Measurement",0,0,1621,NA,NA,NA,NA,"SUPPRESSED_MINCELL",NA,5
3011705,"Protein [Mass/volume] in 24 hour Urine","Measurement",0,0,1621,NA,NA,NA,NA,"SUPPRESSED_MINCELL",NA,5
3009214,"Lutropin [Units/volume] in Serum or Plasma","Measurement",0,0,1621,NA,NA,NA,NA,"SUPPRESSED_MINCELL",NA,5
3011639,"Organic acids [Units/volume] in Urine","Measurement",0,0,1621,NA,NA,NA,NA,"SUPPRESSED_MINCELL",NA,5
3010084,"C peptide [Mass/volume] in Serum or Plasma","Measurement",0,0,1621,NA,NA,NA,NA,"SUPPRESSED_MINCELL",NA,5
3030511,"Albumin [Mass/volume] in 24 hour Urine by Electrophoresis","Measurement",0,0,1621,NA,NA,NA,NA,"SUPPRESSED_MINCELL",NA,5
3010963,"Hepatitis B virus e Ab [Units/volume] in Serum by Radioimmunoassay (RIA)","Measurement",0,0,1621,NA,NA,NA,NA,"SUPPRESSED_MINCELL",NA,5
42529231,"Thyroxine (T4) [Moles/volume] in Serum or Plasma by Immunoassay","Measurement",0,0,1621,NA,NA,NA,NA,"SUPPRESSED_MINCELL",NA,5
3019209,"Epstein Barr virus capsid IgM Ab [Presence] in Serum by Immunoassay","Measurement",0,0,1621,NA,NA,NA,NA,"SUPPRESSED_MINCELL",NA,5
3009577,"Iron binding capacity [Moles/volume] in Serum or Plasma","Measurement",0,0,1621,NA,NA,NA,NA,"SUPPRESSED_MINCELL",NA,5
3029794,"Leukocyte clumps [#/volume] in Urine by Automated count","Measurement",0,0,1621,NA,NA,NA,NA,"SUPPRESSED_MINCELL",NA,5
3007070,"Cholesterol in HDL [Mass/volume] in Serum or Plasma","Measurement",0,0,1621,NA,NA,NA,NA,"SUPPRESSED_MINCELL",NA,5
42529230,"Thyroxine (T4) [Mass/volume] in Serum or Plasma by Immunoassay","Measurement",0,0,1621,NA,NA,NA,NA,"SUPPRESSED_MINCELL",NA,5
42529205,"Cortisol [Mass/volume] in Serum or Plasma by Immunoassay","Measurement",0,0,1621,NA,NA,NA,NA,"SUPPRESSED_MINCELL",NA,5
3017766,"Complement C4 [Mass/volume] in Serum or Plasma","Measurement",0,0,1621,NA,NA,NA,NA,"SUPPRESSED_MINCELL",NA,5
46236951,"Amylase [Enzymatic activity/volume] in Serum, Plasma or Blood","Measurement",0,0,1621,1,NA,NA,1,"ZERO_EVENTS",1,5
1175686,"Chlamydophila pneumoniae IgG Ab [Presence] in Serum by Immunoassay","Measurement",0,0,1621,1,NA,NA,1,"ZERO_EVENTS",1,5
1175715,"Chlamydophila pneumoniae IgM Ab [Presence] in Serum by Immunoassay","Measurement",0,0,1621,1,NA,NA,1,"ZERO_EVENTS",1,5
1259742,"Aldosterone/Renin [Ratio] in Serum or Plasma","Measurement",0,0,1621,1,NA,NA,1,"ZERO_EVENTS",1,5
1616684,"HBc+HBe+p22cr Ag [Units/volume] in Serum or Plasma by Immunoassay","Measurement",0,0,1621,1,NA,NA,1,"ZERO_EVENTS",1,5
1617410,"Deoxyhemoglobin/Hemoglobin.total in Central venous blood","Measurement",0,0,1621,1,NA,NA,1,"ZERO_EVENTS",1,5
1617538,"24 hour predicted protein [Mass/time] based on random Urine by calculation","Measurement",0,0,1621,1,NA,NA,1,"ZERO_EVENTS",1,5
3000034,"Microalbumin [Mass/volume] in Urine","Measurement",0,0,1621,1,NA,NA,1,"ZERO_EVENTS",1,5
3000060,"B lymphocytes [#/volume] in Blood","Measurement",0,0,1621,1,NA,NA,1,"ZERO_EVENTS",1,5
3000067,"Parathyrin.intact [Mass/volume] in Serum or Plasma","Measurement",0,0,1621,1,NA,NA,1,"ZERO_EVENTS",1,5
3001145,"Cytomegalovirus IgM Ab [Presence] in Serum or Plasma by Immunoassay","Measurement",0,0,1621,NA,NA,NA,NA,"SUPPRESSED_MINCELL",NA,5
3001186,"Copper [Moles/volume] in Serum or Plasma","Measurement",0,0,1621,1,NA,NA,1,"ZERO_EVENTS",1,5
3001405,"CD3+CD8+ (T8 suppressor) cells [#/volume] in Blood","Measurement",0,0,1621,1,NA,NA,1,"ZERO_EVENTS",1,5
3001582,"Protein/Creatinine [Mass Ratio] in Urine","Measurement",0,0,1621,1,NA,NA,1,"ZERO_EVENTS",1,5
3001643,"Hemoglobin and Hematocrit panel - Blood","Measurement",0,0,1621,1,NA,NA,1,"ZERO_EVENTS",1,5
3002736,"Platelet distribution width [Entitic volume] in Blood by Automated count","Measurement",0,0,1621,1,NA,NA,1,"ZERO_EVENTS",1,5
3002971,"Nuclear Ab [Titer] in Serum by Immunofluorescence","Measurement",0,0,1621,1,NA,NA,1,"ZERO_EVENTS",1,5
3003181,"Sodium [Moles/volume] in Urine","Measurement",0,0,1621,1,NA,NA,1,"ZERO_EVENTS",1,5
3003260,"Angiotensin II [Mass/volume] in Plasma","Measurement",0,0,1621,1,NA,NA,1,"ZERO_EVENTS",1,5
3003403,"Glucose [Mass/volume] in Pleural fluid","Measurement",0,0,1621,1,NA,NA,1,"ZERO_EVENTS",1,5
3003745,"Microscopic observation [Identifier] in Urine by Gram stain","Measurement",0,0,1621,NA,NA,NA,NA,"SUPPRESSED_MINCELL",NA,5
3004067,"Glucose [Moles/volume] in Serum or Plasma --pre 75 g glucose PO","Measurement",0,0,1621,1,NA,NA,1,"ZERO_EVENTS",1,5
3004200,"Lactate dehydrogenase 1 [Enzymatic activity/volume] in Serum or Plasma by Chemical separation","Measurement",0,0,1621,1,NA,NA,1,"ZERO_EVENTS",1,5
3004327,"Lymphocytes [#/volume] in Blood by Automated count","Measurement",0,0,1621,1,NA,NA,1,"ZERO_EVENTS",1,5
3004563,"Hepatitis B virus surface Ag [Presence] in Serum by Radioimmunoassay (RIA)","Measurement",0,0,1621,1,NA,NA,1,"ZERO_EVENTS",1,5
3004905,"Lipase [Enzymatic activity/volume] in Serum or Plasma","Measurement",0,0,1621,1,NA,NA,1,"ZERO_EVENTS",1,5
3005411,"Squamous cell carcinoma Ag [Mass/volume] in Serum or Plasma","Measurement",0,0,1621,1,NA,NA,1,"ZERO_EVENTS",1,5
3005996,"Glucose [Mass/volume] in Serum or Plasma --3 hours post 1.2 g/kg lactose PO","Measurement",0,0,1621,NA,NA,NA,NA,"SUPPRESSED_MINCELL",NA,5
3006297,"Platelets [#/volume] in Plasma","Measurement",0,0,1621,1,NA,NA,1,"ZERO_EVENTS",1,5
3006308,"Cancer Ag 50 [Presence] in Serum or Plasma","Measurement",0,0,1621,1,NA,NA,1,"ZERO_EVENTS",1,5
3006330,"Alpha 2 globulin/Protein.total in Serum or Plasma by Electrophoresis","Measurement",0,0,1621,1,NA,NA,1,"ZERO_EVENTS",1,5
3006453,"Hepatitis B virus surface Ab [Presence] in Serum by Immunoassay","Measurement",0,0,1621,1,NA,NA,1,"ZERO_EVENTS",1,5
3006969,"Lambda light chains [Mass/volume] in Urine","Measurement",0,0,1621,1,NA,NA,1,"ZERO_EVENTS",1,5
3007210,"Streptococcus pyogenes enzyme Ab [Presence] in Serum by Sheep Cell Agglutination","Measurement",0,0,1621,NA,NA,NA,NA,"SUPPRESSED_MINCELL",NA,5
3007449,"CD3+CD8+ (T8 suppressor) cells/100 cells in Blood","Measurement",0,0,1621,1,NA,NA,1,"ZERO_EVENTS",1,5
3007733,"Chloride [Moles/volume] in Urine","Measurement",0,0,1621,1,NA,NA,1,"ZERO_EVENTS",1,5
3008143,"IgG [Presence] in Serum","Measurement",0,7,1621,0,0,0.607087232584396,0.00482000475537266,"OK",0.0769105106618159,5
3008877,"Alpha-1-acid glycoprotein [Mass/volume] in Serum or Plasma","Measurement",0,0,1621,1,NA,NA,1,"ZERO_EVENTS",1,5
3008893,"Testosterone [Mass/volume] in Serum or Plasma","Measurement",0,0,1621,1,NA,NA,1,"ZERO_EVENTS",1,5
3009759,"Haptoglobin [Mass/volume] in Serum or Plasma by Electrophoresis","Measurement",0,0,1621,1,NA,NA,1,"ZERO_EVENTS",1,5
3009931,"Hyaluronate [Mass/volume] in Serum or Plasma","Measurement",0,0,1621,1,NA,NA,1,"ZERO_EVENTS",1,5
3010340,"Triiodothyronine (T3) [Mass/volume] in Serum or Plasma","Measurement",0,0,1621,1,NA,NA,1,"ZERO_EVENTS",1,5
3011337,"Aldosterone [Mass/volume] in Serum or Plasma","Measurement",0,0,1621,1,NA,NA,1,"ZERO_EVENTS",1,5
3011412,"CD3 cells [#/volume] in Blood","Measurement",0,0,1621,1,NA,NA,1,"ZERO_EVENTS",1,5
3011516,"Hepatitis B virus e Ag [Units/volume] in Serum by Immunoassay","Measurement",0,0,1621,1,NA,NA,1,"ZERO_EVENTS",1,5
3011544,"Albumin [Mass/volume] in Pleural fluid","Measurement",0,0,1621,1,NA,NA,1,"ZERO_EVENTS",1,5
3011648,"Oxygen content in Venous blood","Measurement",0,0,1621,NA,NA,NA,NA,"SUPPRESSED_MINCELL",NA,5
3012494,"Peanut IgE Ab [Units/volume] in Serum","Measurement",0,0,1621,1,NA,NA,1,"ZERO_EVENTS",1,5
3012516,"Albumin [Mass/volume] in Urine","Measurement",0,0,1621,1,NA,NA,1,"ZERO_EVENTS",1,5
3013194,"Chloride [Moles/volume] in Body fluid","Measurement",0,0,1621,1,NA,NA,1,"ZERO_EVENTS",1,5
3013201,"Beta-2-Microglobulin [Mass/volume] in Serum or Plasma","Measurement",0,0,1621,1,NA,NA,1,"ZERO_EVENTS",1,5
3013603,"Prostate specific Ag [Mass/volume] in Serum or Plasma","Measurement",0,0,1621,1,NA,NA,1,"ZERO_EVENTS",1,5
3014037,"CD3+CD4+ (T4 helper) cells/100 cells in Blood","Measurement",0,0,1621,1,NA,NA,1,"ZERO_EVENTS",1,5
3014323,"Glucose [Interpretation] in Serum or Plasma--1 hour post dose glucose","Measurement",0,0,1621,1,NA,NA,1,"ZERO_EVENTS",1,5
3015164,"Cefepime [Susceptibility] by Minimum lethal concentration (MLC)","Measurement",0,0,1621,1,NA,NA,1,"ZERO_EVENTS",1,5
3015378,"Treponema pallidum Ab [Units/volume] in Serum","Measurement",0,0,1621,1,NA,NA,1,"ZERO_EVENTS",1,5
3015774,"Calcium.ionized [Moles/volume] in Serum or Plasma by calculation","Measurement",0,0,1621,1,NA,NA,1,"ZERO_EVENTS",1,5
3016228,"CD19 cells/100 cells in Blood","Measurement",0,0,1621,1,NA,NA,1,"ZERO_EVENTS",1,5
3016643,"Respiratory syncytial virus IgM Ab [Titer] in Serum by Immunofluorescence","Measurement",0,0,1621,1,NA,NA,1,"ZERO_EVENTS",1,5
3016724,"Homocysteine [Moles/volume] in Serum or Plasma","Measurement",0,0,1621,NA,NA,NA,NA,"SUPPRESSED_MINCELL",NA,5
3017024,"Kappa light chains [Presence] in Serum by Immunoassay","Measurement",0,0,1621,1,NA,NA,1,"ZERO_EVENTS",1,5
3017315,"Amylase [Enzymatic activity/volume] in Urine","Measurement",0,0,1621,1,NA,NA,1,"ZERO_EVENTS",1,5
3017572,"Hemoglobin A2 [Presence] in Blood","Measurement",0,0,1621,1,NA,NA,1,"ZERO_EVENTS",1,5
3018163,"Specimen specific gravity acceptable [Presence] in Urine","Measurement",0,0,1621,1,NA,NA,1,"ZERO_EVENTS",1,5
3018387,"Mycoplasma pneumoniae IgG Ab [Units/volume] in Serum","Measurement",0,0,1621,1,NA,NA,1,"ZERO_EVENTS",1,5
3018677,"aPTT in Platelet poor plasma by Coagulation assay","Measurement",0,0,1621,1,NA,NA,1,"ZERO_EVENTS",1,5
3018731,"Cancer Ag 72-4 [Units/volume] in Serum or Plasma","Measurement",0,0,1621,1,NA,NA,1,"ZERO_EVENTS",1,5
3019251,"Erythrocyte sedimentation rate Zeta by Zetafuge","Measurement",0,0,1621,1,NA,NA,1,"ZERO_EVENTS",1,5
3019284,"Hepatitis B virus surface Ag [Presence] in Serum","Measurement",0,0,1621,NA,NA,NA,NA,"SUPPRESSED_MINCELL",NA,5
3019446,"Platelet mean diameter [Entitic length] in Blood","Measurement",0,0,1621,1,NA,NA,1,"ZERO_EVENTS",1,5
3019897,"Erythrocyte distribution width [Ratio] by Automated count","Measurement",0,0,1621,1,NA,NA,1,"ZERO_EVENTS",1,5
3019930,"Urea nitrogen [Mass/volume] in Body fluid","Measurement",0,0,1621,1,NA,NA,1,"ZERO_EVENTS",1,5
3020410,"Lactate [Moles/volume] in Arterial plasma","Measurement",0,0,1621,1,NA,NA,1,"ZERO_EVENTS",1,5
3020717,"Zinc [Moles/volume] in Serum or Plasma","Measurement",0,0,1621,1,NA,NA,1,"ZERO_EVENTS",1,5
3021082,"Mycoplasma pneumoniae IgM Ab [Presence] in Serum","Measurement",0,0,1621,NA,NA,NA,NA,"SUPPRESSED_MINCELL",NA,5
3021200,"Thyroglobulin Ab [Units/volume] in Serum by Radioimmunoassay (RIA)","Measurement",0,0,1621,1,NA,NA,1,"ZERO_EVENTS",1,5
3021329,"Hemoglobin F [Presence] in Specimen","Measurement",0,0,1621,1,NA,NA,1,"ZERO_EVENTS",1,5
3021614,"Rheumatoid factor [Units/volume] in Serum or Plasma","Measurement",0,0,1621,1,NA,NA,1,"ZERO_EVENTS",1,5
3022177,"Hepatitis B virus core Ab [Units/volume] in Serum by Radioimmunoassay (RIA)","Measurement",0,0,1621,1,NA,NA,1,"ZERO_EVENTS",1,5
3022466,"Insulin [Mass/volume] in Serum or Plasma","Measurement",0,0,1621,NA,NA,NA,NA,"SUPPRESSED_MINCELL",NA,5
3022533,"CD3 cells/100 cells in Blood","Measurement",0,0,1621,1,NA,NA,1,"ZERO_EVENTS",1,5
3022547,"Leukocytes [Presence] in Urine sediment by Light microscopy","Measurement",0,0,1621,1,NA,NA,1,"ZERO_EVENTS",1,5
3023091,"Interleukin 6 [Mass/volume] in Serum or Plasma","Measurement",0,0,1621,1,NA,NA,1,"ZERO_EVENTS",1,5
3023202,"Hepatitis B virus e Ab [Units/volume] in Serum by Immunoassay","Measurement",0,0,1621,NA,NA,NA,NA,"SUPPRESSED_MINCELL",NA,5
3023520,"Reticulocytes [#/volume] in Blood","Measurement",0,0,1621,1,NA,NA,1,"ZERO_EVENTS",1,5
3023608,"Herpes simplex virus 2 IgM Ab [Titer] in Serum","Measurement",0,0,1621,1,NA,NA,1,"ZERO_EVENTS",1,5
3024040,"Parathyrin [Interpretation] in Serum or Plasma","Measurement",0,0,1621,1,NA,NA,1,"ZERO_EVENTS",1,5
3024731,"MCV [Entitic volume]","Measurement",0,0,1621,1,NA,NA,1,"ZERO_EVENTS",1,5
3025271,"CD3-CD16+CD56+ (Natural killer) cells [#/volume] in Blood","Measurement",0,0,1621,1,NA,NA,1,"ZERO_EVENTS",1,5
3025285,"Estradiol (E2) [Mass/volume] in Serum or Plasma","Measurement",0,0,1621,1,NA,NA,1,"ZERO_EVENTS",1,5
3025678,"Hemoglobin H [Presence] in Blood by Heat denaturation","Measurement",0,0,1621,NA,NA,NA,NA,"SUPPRESSED_MINCELL",NA,5
3025887,"Neutrophils.hypersegmented/100 leukocytes in Blood by Manual count","Measurement",0,0,1621,1,NA,NA,1,"ZERO_EVENTS",1,5
3027144,"Progesterone [Mass/volume] in Serum or Plasma","Measurement",0,0,1621,1,NA,NA,1,"ZERO_EVENTS",1,5
3027206,"Corticotropin [Mass/volume] in Plasma by Radioimmunoassay (RIA)","Measurement",0,0,1621,1,NA,NA,1,"ZERO_EVENTS",1,5
3027831,"CD3-CD16+CD56+ (Natural killer) cells/100 cells in Blood","Measurement",0,0,1621,1,NA,NA,1,"ZERO_EVENTS",1,5
3028167,"CD3+CD4+ (T4 helper) cells [#/volume] in Blood","Measurement",0,0,1621,1,NA,NA,1,"ZERO_EVENTS",1,5
3028308,"Erythrocytes [#/volume] in Pleural fluid","Measurement",0,0,1621,1,NA,NA,1,"ZERO_EVENTS",1,5
3028531,"Enolase.neuron specific [Mass/volume] in Serum or Plasma","Measurement",0,0,1621,1,NA,NA,1,"ZERO_EVENTS",1,5
3028874,"Hemoglobin [Presence] in Body fluid","Measurement",0,0,1621,1,NA,NA,1,"ZERO_EVENTS",1,5
3029213,"Adenosine deaminase [Enzymatic activity/volume] in Pericardial fluid","Measurement",0,0,1621,NA,NA,NA,NA,"SUPPRESSED_MINCELL",NA,5
3029872,"Protein [Mass/volume] in Urine by Automated test strip","Measurement",0,0,1621,1,NA,NA,1,"ZERO_EVENTS",1,5
3029991,"Specific gravity of Urine by Refractometry automated","Measurement",0,0,1621,1,NA,NA,1,"ZERO_EVENTS",1,5
3030306,"Epithelial cells.non-squamous [#/volume] in Urine by Automated count","Measurement",0,0,1621,1,NA,NA,1,"ZERO_EVENTS",1,5
3030548,"Basophils [#/volume] in Body fluid","Measurement",0,0,1621,1,NA,NA,1,"ZERO_EVENTS",1,5
3031767,"Vascular endothelial growth factor [Mass/volume] in Serum or Plasma","Measurement",0,0,1621,1,NA,NA,1,"ZERO_EVENTS",1,5
3031780,"Promyelocytes [#/volume] in Body fluid","Measurement",0,0,1621,1,NA,NA,1,"ZERO_EVENTS",1,5
3031987,"Alpha-1-Fetoprotein L3/Alpha-1-fetoprotein.total in Serum or Plasma","Measurement",0,0,1621,NA,NA,NA,NA,"SUPPRESSED_MINCELL",NA,5
3032488,"Lactate dehydrogenase in pleural fluid/Lactate dehydrogenase in serum","Measurement",0,0,1621,1,NA,NA,1,"ZERO_EVENTS",1,5
3032632,"Band form neutrophils [#/volume] in Body fluid","Measurement",0,0,1621,1,NA,NA,1,"ZERO_EVENTS",1,5
3032893,"Mononuclear cells [#/volume] in Pleural fluid","Measurement",0,0,1621,1,NA,NA,1,"ZERO_EVENTS",1,5
3032971,"Troponin I.cardiac [Mass/volume] in Serum or Plasma by Detection limit <= 0.01 ng/mL","Measurement",0,0,1621,1,NA,NA,1,"ZERO_EVENTS",1,5
3034459,"Mononuclear cells/100 leukocytes in Pleural fluid","Measurement",0,0,1621,1,NA,NA,1,"ZERO_EVENTS",1,5
3034485,"Albumin/Creatinine [Mass Ratio] in Urine","Measurement",0,0,1621,1,NA,NA,1,"ZERO_EVENTS",1,5
3034639,"Hemoglobin A1c [Mass/volume] in Blood","Measurement",0,0,1621,NA,NA,NA,NA,"SUPPRESSED_MINCELL",NA,5
3034780,"Angiotensin converting enzyme [Enzymatic activity/volume] in Serum or Plasma","Measurement",0,0,1621,NA,NA,NA,NA,"SUPPRESSED_MINCELL",NA,5
3036078,"Lutropin [Moles/volume] in Serum or Plasma","Measurement",0,0,1621,1,NA,NA,1,"ZERO_EVENTS",1,5
3036428,"Adenosine deaminase [Enzymatic activity/volume] in Pleural fluid","Measurement",0,0,1621,1,NA,NA,1,"ZERO_EVENTS",1,5
3036677,"Immunoglobulin light chains [Mass/volume] in Urine","Measurement",0,0,1621,1,NA,NA,1,"ZERO_EVENTS",1,5
3037121,"Protein [Mass/volume] in Urine","Measurement",0,0,1621,1,NA,NA,1,"ZERO_EVENTS",1,5
3037310,"Renin [Mass/volume] in Plasma","Measurement",0,0,1621,1,NA,NA,1,"ZERO_EVENTS",1,5
3037524,"Glucose-6-Phosphate dehydrogenase [Enzymatic activity/volume] in Red Blood Cells","Measurement",0,0,1621,1,NA,NA,1,"ZERO_EVENTS",1,5
3038086,"cefTAZidime [Susceptibility] by Disk diffusion (KB)","Measurement",0,0,1621,1,NA,NA,1,"ZERO_EVENTS",1,5
3038315,"Erythrocytes.dysmorphic/100 erythrocytes in Urine sediment by Light microscopy","Measurement",0,0,1621,1,NA,NA,1,"ZERO_EVENTS",1,5
3038334,"Lactate dehydrogenase in peritoneal fluid/Lactate dehydrogenase in serum","Measurement",0,0,1621,1,NA,NA,1,"ZERO_EVENTS",1,5
3040005,"Erythroid cells [#/volume] in Blood or Marrow","Measurement",0,0,1621,1,NA,NA,1,"ZERO_EVENTS",1,5
3040208,"Hepatitis E virus IgM Ab [Units/volume] in Serum","Measurement",0,0,1621,NA,NA,NA,NA,"SUPPRESSED_MINCELL",NA,5
3041154,"Reticulocytes [#/volume] in Blood by Manual count","Measurement",0,0,1621,1,NA,NA,1,"ZERO_EVENTS",1,5
3041522,"Reticulocytes.high light scatter/Reticulocytes.total in Blood","Measurement",0,0,1621,1,NA,NA,1,"ZERO_EVENTS",1,5
3042968,"Herpes simplex virus 1 and 2 IgM Ab [Interpretation] in Serum","Measurement",0,0,1621,1,NA,NA,1,"ZERO_EVENTS",1,5
3043387,"Monocytes/100 leukocytes in Pleural fluid","Measurement",0,0,1621,1,NA,NA,1,"ZERO_EVENTS",1,5
3044042,"Cancer Ag 50 [Units/volume] in Serum or Plasma","Measurement",0,0,1621,NA,NA,NA,NA,"SUPPRESSED_MINCELL",NA,5
3046044,"N-acetyl-beta-glucosaminidase [Enzymatic activity/volume] in Urine","Measurement",0,0,1621,1,NA,NA,1,"ZERO_EVENTS",1,5
3046743,"Choriogonadotropin [Presence] in Control Serum","Measurement",0,0,1621,1,NA,NA,1,"ZERO_EVENTS",1,5
3048516,"Microalbumin/Protein.total in 24 hour Urine","Measurement",0,0,1621,1,NA,NA,1,"ZERO_EVENTS",1,5
3049408,"Hepatitis B virus surface Ag [Presence] in Serum from Donor by Immunoassay","Measurement",0,0,1621,1,NA,NA,1,"ZERO_EVENTS",1,5
3052318,"Alpha-1-Microglobulin [Mass/volume] in Urine","Measurement",0,0,1621,1,NA,NA,1,"ZERO_EVENTS",1,5
3052732,"Thyroglobulin Ab [Titer] in Serum by Immunofluorescence","Measurement",0,0,1621,1,NA,NA,1,"ZERO_EVENTS",1,5
3052822,"Hepatitis C virus Ab [Presence] in Serum from Donor by Immunoassay","Measurement",0,0,1621,1,NA,NA,1,"ZERO_EVENTS",1,5
4263457,"Aspartate aminotransferase measurement","Measurement",0,0,1621,1,NA,NA,1,"ZERO_EVENTS",1,5
21491346,"Pathologic casts [#/volume] in Urine by Automated count","Measurement",0,0,1621,1,NA,NA,1,"ZERO_EVENTS",1,5
21491865,"Prolactin.dimeric/Prolactin in Serum or Plasma","Measurement",0,0,1621,1,NA,NA,1,"ZERO_EVENTS",1,5
21493866,"Erythrocytes [#/volume] in Peritoneal dialysis fluid by Automated count","Measurement",0,0,1621,NA,NA,NA,NA,"SUPPRESSED_MINCELL",NA,5
21493867,"HIV 2 Ab [Presence] in Serum, Plasma or Blood by Rapid immunoassay","Measurement",0,0,1621,1,NA,NA,1,"ZERO_EVENTS",1,5
36031203,"Mononuclear cells [#] in Blood product unit","Measurement",0,0,1621,1,NA,NA,1,"ZERO_EVENTS",1,5
36660348,"Potassium [Moles/volume] in Urine from Fetus","Measurement",0,0,1621,1,NA,NA,1,"ZERO_EVENTS",1,5
40757349,"CD3+CD4+ (T4 helper) cells/CD3+CD8+ (T8 suppressor cells) cells [# Ratio] in Blood","Measurement",0,0,1621,1,NA,NA,1,"ZERO_EVENTS",1,5
40758521,"Insulin [Moles/volume] in Serum or Plasma --1 minute post XXX challenge","Measurement",0,0,1621,1,NA,NA,1,"ZERO_EVENTS",1,5
40759718,"Epstein Barr virus early IgM Ab [Units/volume] in Serum by Immunoassay","Measurement",0,0,1621,1,NA,NA,1,"ZERO_EVENTS",1,5
40760528,"Thyrotropin receptor Ab [Units/volume] in Serum by Immunoassay","Measurement",0,0,1621,1,NA,NA,1,"ZERO_EVENTS",1,5
40760909,"Oxygen content in Blood by calculation","Measurement",0,0,1621,1,NA,NA,1,"ZERO_EVENTS",1,5
40761455,"Human antihuman Ab [Moles/volume] in Plasma","Measurement",0,0,1621,1,NA,NA,1,"ZERO_EVENTS",1,5
40763081,"Lactate dehydrogenase [Enzymatic activity/volume] in Pleural fluid by Pyruvate to lactate reaction","Measurement",0,0,1621,1,NA,NA,1,"ZERO_EVENTS",1,5
40765011,"Immature reticulocytes/Reticulocytes.total in Blood from Fetus by Automated count","Measurement",0,0,1621,1,NA,NA,1,"ZERO_EVENTS",1,5
40768039,"Oxygen [Partial pressure] saturation adjusted to 0.5 in Blood","Measurement",0,0,1621,1,NA,NA,1,"ZERO_EVENTS",1,5
40769783,"Troponin T.cardiac [Mass/volume] in Serum or Plasma by High sensitivity method","Measurement",0,0,1621,1,NA,NA,1,"ZERO_EVENTS",1,5
40770975,"Lactate dehydrogenase [Enzymatic activity/volume] in Peritoneal fluid by Lactate to pyruvate reaction","Measurement",0,0,1621,NA,NA,NA,NA,"SUPPRESSED_MINCELL",NA,5
42529190,"Alpha-1-Fetoprotein [Mass/volume] in Serum or Plasma by Immunoassay","Measurement",0,0,1621,1,NA,NA,1,"ZERO_EVENTS",1,5
42529194,"Beta-2-Microglobulin [Mass/volume] in Urine by Immunoassay","Measurement",0,0,1621,1,NA,NA,1,"ZERO_EVENTS",1,5
42529546,"Reticulocytes.low light scatter/Reticulocytes.total in Blood by Automated count","Measurement",0,0,1621,1,NA,NA,1,"ZERO_EVENTS",1,5
42868739,"Protein in peritoneal fluid/Protein in serum","Measurement",0,0,1621,NA,NA,NA,NA,"SUPPRESSED_MINCELL",NA,5
42869547,"Procollagen type III.N-terminal propeptide [Mass/volume] in Serum","Measurement",0,0,1621,1,NA,NA,1,"ZERO_EVENTS",1,5
43055410,"Prostate Specific Ag Free/Prostate specific Ag.total [Pure mass fraction] in Serum or Plasma","Measurement",0,0,1621,1,NA,NA,1,"ZERO_EVENTS",1,5
43534062,"3-epi-25-Hydroxyvitamin D3/25-hydroxyvitamin D.total in Serum or Plasma","Measurement",0,0,1621,1,NA,NA,1,"ZERO_EVENTS",1,5
44787071,"Metamyelocytes.neutrophilic/100 leukocytes in Blood by Manual count","Measurement",0,0,1621,1,NA,NA,1,"ZERO_EVENTS",1,5
46234928,"Hepatitis B virus e Ab [Presence] in Serum, Plasma or Blood by Rapid immunoassay","Measurement",0,0,1621,1,NA,NA,1,"ZERO_EVENTS",1,5
46234929,"Hepatitis B virus e Ag [Presence] in Serum, Plasma or Blood by Rapid immunoassay","Measurement",0,0,1621,NA,NA,NA,NA,"SUPPRESSED_MINCELL",NA,5
46234930,"Hepatitis B virus surface Ab [Presence] in Serum, Plasma or Blood by Rapid immunoassay","Measurement",0,0,1621,NA,NA,NA,NA,"SUPPRESSED_MINCELL",NA,5
