concept_id,concept_name,domain,occurrence_count,patient_count,avg_days_to_onset
37116804,Improved dentition,Condition,347,177,0.1
4225273,Chronic gastritis,Condition,119,119,0.1
4303233,Gastric polyp,Condition,49,45,0.3
195562,Hemorrhoids,Condition,42,42,0.4
194574,Chronic type B viral hepatitis,Condition,41,41,0.4
4059290,Steatosis of liver,Condition,34,34,0.0
45757242,Erosive gastritis,Condition,25,25,0.0
36717498,Infection caused by Helicobacter pylori,Condition,32,24,2.1
320128,Essential hypertension,Condition,24,24,0.0
4064161,Cirrhosis of liver,Condition,26,23,1.8
201340,Gastritis,Condition,29,22,2.7
196456,Gallstone,Condition,22,22,0.3
4247651,Bile-induced gastritis,Condition,23,21,0.8
4225905,Liver cyst,Condition,21,21,0.0
24966,Esophageal varices,Condition,30,20,1.9
3013721,Aspartate aminotransferase [Enzymatic activity/volume] in Serum or Plasma,Measurement,3066,803,4.2
3024128,Bilirubin.total [Mass/volume] in Serum or Plasma,Measurement,3004,798,4.2
3007242,Bilirubin.indirect [Moles/volume] in Serum or Plasma,Measurement,3001,798,4.2
3028638,Bilirubin.direct [Moles/volume] in Serum or Plasma,Measurement,3001,798,4.2
3043688,Hemoglobin [Mass/volume] in Body fluid,Measurement,3254,783,4.4
3027651,Basophils [#/volume] in Blood by Manual count,Measurement,3169,783,4.3
3020416,Erythrocytes [#/volume] in Blood by Automated count,Measurement,3169,783,4.3
3010457,Eosinophils/100 leukocytes in Blood by Automated count,Measurement,3169,783,4.3
3002888,Erythrocyte distribution width [Entitic volume],Measurement,3169,783,4.3
3001604,Monocytes [#/volume] in Blood,Measurement,3169,783,4.3
3016682,Platelets [#/volume] in Plasma by Automated count,Measurement,3169,783,4.3
3017732,Neutrophils [#/volume] in Blood,Measurement,3169,783,4.3
3009744,MCHC [Mass/volume] by Automated count,Measurement,3169,783,4.3
3009932,Eosinophils [#/volume] in Blood by Manual count,Measurement,3169,783,4.3
3039312,Plateletcrit [Volume Fraction] in Blood,Measurement,3169,783,4.3
3037511,Lymphocytes/100 leukocytes in Blood by Automated count,Measurement,3169,783,4.3
3024386,Platelet mean volume [Entitic volume] in Blood by Rees-Ecker,Measurement,3169,783,4.3
3026710,Lymphocytes [#/volume] in Blood by Flow cytometry (FC),Measurement,3169,783,4.3
3022096,Basophils/100 leukocytes in Blood,Measurement,3169,783,4.3
3964927,Monocytes/100 leukocytes in Blood by Flow cytometry (FC),Measurement,3169,783,4.3
3039417,Platelet distribution width [Ratio] in Blood,Measurement,3169,783,4.3
40766836,Hemoglobins that can be presumptively identified based on available controls in DBS,Measurement,3088,772,4.3
3020509,Albumin/Globulin [Mass Ratio] in Serum or Plasma,Measurement,2827,770,4.2
3035995,Alkaline phosphatase [Enzymatic activity/volume] in Serum or Plasma,Measurement,2827,770,4.2
3010568,Globulin [Mass/volume] in Plasma,Measurement,2827,770,4.2
3028110,Bile acid [Moles/volume] in Serum or Plasma,Measurement,2745,758,4.2
3003805,Alpha fucosidase [Enzymatic activity/volume] in Serum or Plasma,Measurement,2742,758,4.2
3052649,Adenosine deaminase [Enzymatic activity/volume] in Serum or Plasma,Measurement,2742,758,4.2
3002590,Prealbumin [Mass/volume] in Serum or Plasma by Electrophoresis,Measurement,2742,758,4.2
3010866,Cholinesterase [Enzymatic activity/volume] in Serum or Plasma,Measurement,2742,758,4.2
46235078,Potassium [Moles/volume] in Serum  Plasma or Blood,Measurement,2912,742,4.1
46235784,Sodium [Moles/volume] in Serum  Plasma or Blood,Measurement,2912,742,4.1
3014576,Chloride [Moles/volume] in Serum or Plasma,Measurement,2912,742,4.1
3018010,Neutrophils/100 leukocytes in Blood,Measurement,2861,733,4.3
3006923,Alanine aminotransferase [Enzymatic activity/volume] in Serum or Plasma,Measurement,2585,711,4.1
