concept_id,concept_name,domain,occurrence_count,patient_count,avg_days_to_onset
4173584,Chronic active type B viral hepatitis,Condition,127,102,1.4
194574,Chronic type B viral hepatitis,Condition,84,82,1.6
37116804,Improved dentition,Condition,125,71,1.8
4296301,Hepatic congestion,Condition,73,66,1.4
4318541,Cholestatic hepatitis,Condition,83,61,1.4
4064161,Cirrhosis of liver,Condition,52,46,1.6
4281232,Type B viral hepatitis,Condition,40,30,1.4
45772057,Cirrhosis of liver due to hepatitis B,Condition,34,27,1.9
196951,Chronic congestive splenomegaly,Condition,26,26,2.4
4246127,Malignant neoplasm of liver,Condition,40,20,2.9
45771255,Compensated liver disease,Condition,21,20,1.9
201519,Primary malignant neoplasm of liver,Condition,18,17,4.4
4225905,Liver cyst,Condition,18,16,2.2
4094864,Primary carcinoma of liver,Condition,17,16,0.6
24966,Esophageal varices,Condition,20,15,0.5
3013721,Aspartate aminotransferase [Enzymatic activity/volume] in Serum or Plasma,Measurement,3473,1245,3.5
3028638,Bilirubin.direct [Moles/volume] in Serum or Plasma,Measurement,3426,1240,3.5
3024128,Bilirubin.total [Mass/volume] in Serum or Plasma,Measurement,3426,1240,3.5
3007242,Bilirubin.indirect [Moles/volume] in Serum or Plasma,Measurement,3426,1240,3.5
3010568,Globulin [Mass/volume] in Plasma,Measurement,3266,1161,3.5
3035995,Alkaline phosphatase [Enzymatic activity/volume] in Serum or Plasma,Measurement,3266,1161,3.5
3020509,Albumin/Globulin [Mass Ratio] in Serum or Plasma,Measurement,3266,1161,3.5
3028110,Bile acid [Moles/volume] in Serum or Plasma,Measurement,2970,1091,3.3
3010866,Cholinesterase [Enzymatic activity/volume] in Serum or Plasma,Measurement,2928,1088,3.3
3003805,Alpha fucosidase [Enzymatic activity/volume] in Serum or Plasma,Measurement,2928,1088,3.3
3002590,Prealbumin [Mass/volume] in Serum or Plasma by Electrophoresis,Measurement,2928,1088,3.3
3052649,Adenosine deaminase [Enzymatic activity/volume] in Serum or Plasma,Measurement,2928,1088,3.3
3032567,Hepatitis B virus DNA [Units/volume] (viral load) in Serum or Plasma by NAA with probe detection,Measurement,1934,1066,1.0
3001127,Alpha 1 antitrypsin [Mass/volume] in Serum or Plasma by Nephelometry,Measurement,2719,1037,3.2
3016723,Creatinine [Mass/volume] in Serum or Plasma,Measurement,2523,886,3.6
37172783,Alpha-fetoprotein mass concentration in plasma,Measurement,1594,876,0.9
46235079,Carbon dioxide  total [Moles/volume] in Serum  Plasma or Blood,Measurement,2305,842,3.4
3030366,Cystatin C [Mass/volume] in Serum or Plasma,Measurement,2244,833,3.3
43534077,Urea [Moles/volume] in Blood,Measurement,1952,769,3.1
3006923,Alanine aminotransferase [Enzymatic activity/volume] in Serum or Plasma,Measurement,1956,741,3.4
3024561,Albumin [Mass/volume] in Serum or Plasma,Measurement,1858,688,3.5
3020630,Protein [Mass/volume] in Serum or Plasma,Measurement,1847,686,3.5
3026910,Gamma glutamyl transferase [Enzymatic activity/volume] in Serum or Plasma,Measurement,1619,628,3.2
3020416,Erythrocytes [#/volume] in Blood by Automated count,Measurement,2431,613,4.7
3043688,Hemoglobin [Mass/volume] in Body fluid,Measurement,2437,612,4.7
3027651,Basophils [#/volume] in Blood by Manual count,Measurement,2428,612,4.7
3022096,Basophils/100 leukocytes in Blood,Measurement,2428,612,4.7
3010457,Eosinophils/100 leukocytes in Blood by Automated count,Measurement,2428,612,4.7
3001604,Monocytes [#/volume] in Blood,Measurement,2428,612,4.7
3039312,Plateletcrit [Volume Fraction] in Blood,Measurement,2428,612,4.7
3026710,Lymphocytes [#/volume] in Blood by Flow cytometry (FC),Measurement,2428,612,4.7
3024386,Platelet mean volume [Entitic volume] in Blood by Rees-Ecker,Measurement,2428,612,4.7
3009744,MCHC [Mass/volume] by Automated count,Measurement,2428,612,4.7
3964927,Monocytes/100 leukocytes in Blood by Flow cytometry (FC),Measurement,2428,612,4.7
3009932,Eosinophils [#/volume] in Blood by Manual count,Measurement,2428,612,4.7
