concept_id,concept_name,domain,occurrence_count,patient_count,avg_days_to_onset
37116804,Improved dentition,Condition,475,221,0.5
4225273,Chronic gastritis,Condition,110,108,0.6
4291649,Upper gastrointestinal bleeding,Condition,97,90,0.6
194574,Chronic type B viral hepatitis,Condition,92,90,0.6
443530,Hematochezia,Condition,64,63,0.2
196951,Chronic congestive splenomegaly,Condition,60,59,0.4
24966,Esophageal varices,Condition,69,45,0.4
439777,Anemia,Condition,46,44,0.4
4064161,Cirrhosis of liver,Condition,47,42,0.7
26727,Hematemesis,Condition,45,42,0.4
4228222,Hypoproteinemia,Condition,38,38,1.6
28779,Bleeding esophageal varices,Condition,49,36,0.3
42536651,Primary peritonitis,Condition,35,34,0.6
45766052,Type II diabetes mellitus in remission,Condition,33,33,0.8
4059290,Steatosis of liver,Condition,32,32,0.2
3013721,Aspartate aminotransferase [Enzymatic activity/volume] in Serum or Plasma,Measurement,6146,1105,4.3
3024128,Bilirubin.total [Mass/volume] in Serum or Plasma,Measurement,5991,1100,4.3
3028638,Bilirubin.direct [Moles/volume] in Serum or Plasma,Measurement,5988,1100,4.3
3007242,Bilirubin.indirect [Moles/volume] in Serum or Plasma,Measurement,5988,1100,4.3
3043688,Hemoglobin [Mass/volume] in Body fluid,Measurement,8339,1097,4.1
3020416,Erythrocytes [#/volume] in Blood by Automated count,Measurement,8158,1097,4.1
3039312,Plateletcrit [Volume Fraction] in Blood,Measurement,8155,1097,4.1
3039417,Platelet distribution width [Ratio] in Blood,Measurement,8155,1097,4.1
3024386,Platelet mean volume [Entitic volume] in Blood by Rees-Ecker,Measurement,8155,1097,4.1
3009744,MCHC [Mass/volume] by Automated count,Measurement,8155,1097,4.1
3002888,Erythrocyte distribution width [Entitic volume],Measurement,8155,1097,4.1
3964927,Monocytes/100 leukocytes in Blood by Flow cytometry (FC),Measurement,8153,1097,4.1
3027651,Basophils [#/volume] in Blood by Manual count,Measurement,8153,1097,4.1
3010457,Eosinophils/100 leukocytes in Blood by Automated count,Measurement,8153,1097,4.1
3016682,Platelets [#/volume] in Plasma by Automated count,Measurement,8153,1097,4.1
3026710,Lymphocytes [#/volume] in Blood by Flow cytometry (FC),Measurement,8153,1097,4.1
3001604,Monocytes [#/volume] in Blood,Measurement,8153,1097,4.1
3022096,Basophils/100 leukocytes in Blood,Measurement,8153,1097,4.1
3009932,Eosinophils [#/volume] in Blood by Manual count,Measurement,8153,1097,4.1
3017732,Neutrophils [#/volume] in Blood,Measurement,8153,1097,4.1
3037511,Lymphocytes/100 leukocytes in Blood by Automated count,Measurement,8151,1097,4.1
46235078,Potassium [Moles/volume] in Serum  Plasma or Blood,Measurement,7091,1085,4.3
46235784,Sodium [Moles/volume] in Serum  Plasma or Blood,Measurement,7091,1085,4.3
3014576,Chloride [Moles/volume] in Serum or Plasma,Measurement,7091,1085,4.3
3010568,Globulin [Mass/volume] in Plasma,Measurement,5655,1075,4.3
3035995,Alkaline phosphatase [Enzymatic activity/volume] in Serum or Plasma,Measurement,5651,1075,4.3
3020509,Albumin/Globulin [Mass Ratio] in Serum or Plasma,Measurement,5651,1075,4.3
40766836,Hemoglobins that can be presumptively identified based on available controls in DBS,Measurement,7625,1067,4.0
3032080,INR in Blood by Coagulation assay,Measurement,5197,1030,4.1
3034426,Prothrombin time (PT),Measurement,5197,1030,4.1
3028110,Bile acid [Moles/volume] in Serum or Plasma,Measurement,5153,1023,4.1
3005353,Prothrombin activity actual/normal in Platelet poor plasma by Coagulation assay,Measurement,5112,1020,4.0
3003805,Alpha fucosidase [Enzymatic activity/volume] in Serum or Plasma,Measurement,5089,1020,4.1
3010866,Cholinesterase [Enzymatic activity/volume] in Serum or Plasma,Measurement,5089,1020,4.1
3052649,Adenosine deaminase [Enzymatic activity/volume] in Serum or Plasma,Measurement,5089,1020,4.1
