"outcome_concept_id","irr","ci95l","ci95u","p","p_adj"
3020416,NA,NA,NA,NA,NA
3043688,NA,NA,NA,NA,NA
46235078,NA,NA,NA,NA,NA
43534077,NA,NA,NA,NA,NA
4291649,NA,NA,NA,NA,NA
3017732,NA,NA,NA,NA,NA
3009542,NA,NA,NA,NA,NA
443530,NA,NA,NA,NA,NA
46235079,NA,NA,NA,NA,NA
3014576,NA,NA,NA,NA,NA
3013721,NA,NA,NA,NA,NA
3016682,NA,NA,NA,NA,NA
3039312,NA,NA,NA,NA,NA
26727,NA,NA,NA,NA,NA
3000905,NA,NA,NA,NA,NA
3026710,NA,NA,NA,NA,NA
3001604,NA,NA,NA,NA,NA
3039417,NA,NA,NA,NA,NA
42869583,NA,NA,NA,NA,NA
3964927,NA,NA,NA,NA,NA
3002888,NA,NA,NA,NA,NA
3020630,NA,NA,NA,NA,NA
3037511,NA,NA,NA,NA,NA
3015377,NA,NA,NA,NA,NA
3024386,NA,NA,NA,NA,NA
3009744,NA,NA,NA,NA,NA
46235784,NA,NA,NA,NA,NA
3006923,NA,NA,NA,NA,NA
3028110,NA,NA,NA,NA,NA
3010156,NA,NA,NA,NA,NA
