concept_id,concept_name,domain,occurrence_count,patient_count,avg_days_to_onset
194574,Chronic type B viral hepatitis,Condition,178,178,0.0
37116804,Improved dentition,Condition,303,174,0.0
45771255,Compensated liver disease,Condition,76,76,0.0
4064161,Cirrhosis of liver,Condition,75,71,0.0
196951,Chronic congestive splenomegaly,Condition,71,71,0.1
4225273,Chronic gastritis,Condition,60,60,0.0
4094864,Primary carcinoma of liver,Condition,57,55,0.0
24966,Esophageal varices,Condition,74,48,0.0
443392,Malignant neoplastic disease,Condition,47,47,0.0
196456,Gallstone,Condition,40,40,0.1
43530637,Postprocedural fever,Condition,40,40,0.1
4246127,Malignant neoplasm of liver,Condition,40,35,0.3
4296301,Hepatic congestion,Condition,33,30,0.1
36716270,Cyst of kidney,Condition,30,29,0.0
45766052,Type II diabetes mellitus in remission,Condition,29,29,0.0
3013721,Aspartate aminotransferase [Enzymatic activity/volume] in Serum or Plasma,Measurement,2800,900,2.1
3043688,Hemoglobin [Mass/volume] in Body fluid,Measurement,2843,897,2.0
3020416,Erythrocytes [#/volume] in Blood by Automated count,Measurement,2819,897,2.0
3039312,Plateletcrit [Volume Fraction] in Blood,Measurement,2815,897,2.0
3026710,Lymphocytes [#/volume] in Blood by Flow cytometry (FC),Measurement,2815,897,2.0
3009744,MCHC [Mass/volume] by Automated count,Measurement,2815,897,2.0
3024386,Platelet mean volume [Entitic volume] in Blood by Rees-Ecker,Measurement,2815,897,2.0
3964927,Monocytes/100 leukocytes in Blood by Flow cytometry (FC),Measurement,2815,897,2.0
3017732,Neutrophils [#/volume] in Blood,Measurement,2815,897,2.0
3027651,Basophils [#/volume] in Blood by Manual count,Measurement,2815,897,2.0
3037511,Lymphocytes/100 leukocytes in Blood by Automated count,Measurement,2815,897,2.0
3001604,Monocytes [#/volume] in Blood,Measurement,2815,897,2.0
3010457,Eosinophils/100 leukocytes in Blood by Automated count,Measurement,2815,897,2.0
3039417,Platelet distribution width [Ratio] in Blood,Measurement,2815,897,2.0
3002888,Erythrocyte distribution width [Entitic volume],Measurement,2815,897,2.0
3016682,Platelets [#/volume] in Plasma by Automated count,Measurement,2815,897,2.0
3009932,Eosinophils [#/volume] in Blood by Manual count,Measurement,2815,897,2.0
3022096,Basophils/100 leukocytes in Blood,Measurement,2815,897,2.0
3007242,Bilirubin.indirect [Moles/volume] in Serum or Plasma,Measurement,2752,892,2.1
3024128,Bilirubin.total [Mass/volume] in Serum or Plasma,Measurement,2752,892,2.1
3028638,Bilirubin.direct [Moles/volume] in Serum or Plasma,Measurement,2752,892,2.1
3014576,Chloride [Moles/volume] in Serum or Plasma,Measurement,2731,883,1.9
46235784,Sodium [Moles/volume] in Serum  Plasma or Blood,Measurement,2731,883,1.9
46235078,Potassium [Moles/volume] in Serum  Plasma or Blood,Measurement,2731,883,1.9
3035995,Alkaline phosphatase [Enzymatic activity/volume] in Serum or Plasma,Measurement,2702,878,2.1
3010568,Globulin [Mass/volume] in Plasma,Measurement,2702,878,2.1
3020509,Albumin/Globulin [Mass Ratio] in Serum or Plasma,Measurement,2702,878,2.1
3028110,Bile acid [Moles/volume] in Serum or Plasma,Measurement,2658,874,2.1
3002590,Prealbumin [Mass/volume] in Serum or Plasma by Electrophoresis,Measurement,2651,873,2.1
3010866,Cholinesterase [Enzymatic activity/volume] in Serum or Plasma,Measurement,2651,873,2.1
3003805,Alpha fucosidase [Enzymatic activity/volume] in Serum or Plasma,Measurement,2651,873,2.1
3052649,Adenosine deaminase [Enzymatic activity/volume] in Serum or Plasma,Measurement,2651,873,2.1
3034426,Prothrombin time (PT),Measurement,2470,867,1.7
3032080,INR in Blood by Coagulation assay,Measurement,2470,867,1.7
3016723,Creatinine [Mass/volume] in Serum or Plasma,Measurement,2413,862,1.7
