concept_id,concept_name,domain,occurrence_count,patient_count,avg_days_to_onset
37116804,Improved dentition,Condition,335,127,13.9
4225273,Chronic gastritis,Condition,78,71,10.2
194574,Chronic type B viral hepatitis,Condition,63,58,10.4
4291649,Upper gastrointestinal bleeding,Condition,64,53,10.2
196951,Chronic congestive splenomegaly,Condition,56,44,15.9
24966,Esophageal varices,Condition,70,39,14.7
443530,Hematochezia,Condition,34,33,5.1
4064161,Cirrhosis of liver,Condition,47,32,29.6
26727,Hematemesis,Condition,34,32,8.9
4228222,Hypoproteinemia,Condition,34,29,25.9
439777,Anemia,Condition,33,29,13.2
4296301,Hepatic congestion,Condition,39,27,29.8
619607,Esophageal varices due to cirrhosis of liver,Condition,54,26,23.6
42536651,Primary peritonitis,Condition,28,26,20.5
4246127,Malignant neoplasm of liver,Condition,61,21,43.2
3013721,Aspartate aminotransferase [Enzymatic activity/volume] in Serum or Plasma,Measurement,4842,546,25.6
3024128,Bilirubin.total [Mass/volume] in Serum or Plasma,Measurement,4723,545,25.5
3028638,Bilirubin.direct [Moles/volume] in Serum or Plasma,Measurement,4720,545,25.5
3007242,Bilirubin.indirect [Moles/volume] in Serum or Plasma,Measurement,4720,545,25.5
3010568,Globulin [Mass/volume] in Plasma,Measurement,4491,537,25.6
3035995,Alkaline phosphatase [Enzymatic activity/volume] in Serum or Plasma,Measurement,4489,537,25.6
3020509,Albumin/Globulin [Mass Ratio] in Serum or Plasma,Measurement,4489,537,25.6
3043688,Hemoglobin [Mass/volume] in Body fluid,Measurement,6071,536,23.3
3020416,Erythrocytes [#/volume] in Blood by Automated count,Measurement,5960,536,23.4
3010457,Eosinophils/100 leukocytes in Blood by Automated count,Measurement,5945,536,23.3
3026710,Lymphocytes [#/volume] in Blood by Flow cytometry (FC),Measurement,5945,536,23.3
3039417,Platelet distribution width [Ratio] in Blood,Measurement,5945,536,23.3
3024386,Platelet mean volume [Entitic volume] in Blood by Rees-Ecker,Measurement,5945,536,23.3
3022096,Basophils/100 leukocytes in Blood,Measurement,5945,536,23.3
3039312,Plateletcrit [Volume Fraction] in Blood,Measurement,5945,536,23.3
3037511,Lymphocytes/100 leukocytes in Blood by Automated count,Measurement,5945,536,23.3
3009932,Eosinophils [#/volume] in Blood by Manual count,Measurement,5945,536,23.3
3016682,Platelets [#/volume] in Plasma by Automated count,Measurement,5945,536,23.3
3009744,MCHC [Mass/volume] by Automated count,Measurement,5945,536,23.3
3017732,Neutrophils [#/volume] in Blood,Measurement,5945,536,23.3
3002888,Erythrocyte distribution width [Entitic volume],Measurement,5945,536,23.3
3964927,Monocytes/100 leukocytes in Blood by Flow cytometry (FC),Measurement,5945,536,23.3
3027651,Basophils [#/volume] in Blood by Manual count,Measurement,5945,536,23.3
3001604,Monocytes [#/volume] in Blood,Measurement,5945,536,23.3
46235078,Potassium [Moles/volume] in Serum  Plasma or Blood,Measurement,5162,533,23.0
46235784,Sodium [Moles/volume] in Serum  Plasma or Blood,Measurement,5162,533,23.0
3014576,Chloride [Moles/volume] in Serum or Plasma,Measurement,5162,533,23.0
40766836,Hemoglobins that can be presumptively identified based on available controls in DBS,Measurement,5552,526,22.8
3028110,Bile acid [Moles/volume] in Serum or Plasma,Measurement,4119,526,24.9
3052649,Adenosine deaminase [Enzymatic activity/volume] in Serum or Plasma,Measurement,4058,525,24.9
3010866,Cholinesterase [Enzymatic activity/volume] in Serum or Plasma,Measurement,4058,525,24.9
3003805,Alpha fucosidase [Enzymatic activity/volume] in Serum or Plasma,Measurement,4058,525,24.9
3002590,Prealbumin [Mass/volume] in Serum or Plasma by Electrophoresis,Measurement,4055,525,24.9
3032080,INR in Blood by Coagulation assay,Measurement,3970,521,24.3
3034426,Prothrombin time (PT),Measurement,3970,521,24.3
