concept_id,concept_name,domain,occurrence_count,patient_count,avg_days_to_onset
37116804,Improved dentition,Condition,326,154,9.1
4225273,Chronic gastritis,Condition,108,104,6.7
4303233,Gastric polyp,Condition,48,43,7.7
194574,Chronic type B viral hepatitis,Condition,45,38,20.7
195562,Hemorrhoids,Condition,40,37,5.4
4059290,Steatosis of liver,Condition,28,28,2.5
45757242,Erosive gastritis,Condition,25,25,2.6
201340,Gastritis,Condition,45,24,18.8
4064161,Cirrhosis of liver,Condition,35,23,28.6
4296301,Hepatic congestion,Condition,30,22,33.5
196456,Gallstone,Condition,23,21,18.5
4247651,Bile-induced gastritis,Condition,22,21,13.2
4225905,Liver cyst,Condition,21,21,19.3
320128,Essential hypertension,Condition,23,20,10.6
36716270,Cyst of kidney,Condition,20,20,17.1
3013721,Aspartate aminotransferase [Enzymatic activity/volume] in Serum or Plasma,Measurement,3969,626,30.3
3007242,Bilirubin.indirect [Moles/volume] in Serum or Plasma,Measurement,3857,620,30.0
3028638,Bilirubin.direct [Moles/volume] in Serum or Plasma,Measurement,3857,620,30.0
3024128,Bilirubin.total [Mass/volume] in Serum or Plasma,Measurement,3857,620,30.0
3043688,Hemoglobin [Mass/volume] in Body fluid,Measurement,4163,601,31.4
3020416,Erythrocytes [#/volume] in Blood by Automated count,Measurement,4039,601,31.3
3009932,Eosinophils [#/volume] in Blood by Manual count,Measurement,4035,601,31.3
3024386,Platelet mean volume [Entitic volume] in Blood by Rees-Ecker,Measurement,4035,601,31.3
3039417,Platelet distribution width [Ratio] in Blood,Measurement,4035,601,31.3
3017732,Neutrophils [#/volume] in Blood,Measurement,4035,601,31.3
3039312,Plateletcrit [Volume Fraction] in Blood,Measurement,4035,601,31.3
3001604,Monocytes [#/volume] in Blood,Measurement,4035,601,31.3
3027651,Basophils [#/volume] in Blood by Manual count,Measurement,4035,601,31.3
3002888,Erythrocyte distribution width [Entitic volume],Measurement,4035,601,31.3
3964927,Monocytes/100 leukocytes in Blood by Flow cytometry (FC),Measurement,4035,601,31.3
3016682,Platelets [#/volume] in Plasma by Automated count,Measurement,4035,601,31.3
3037511,Lymphocytes/100 leukocytes in Blood by Automated count,Measurement,4035,601,31.3
3026710,Lymphocytes [#/volume] in Blood by Flow cytometry (FC),Measurement,4035,601,31.3
3022096,Basophils/100 leukocytes in Blood,Measurement,4035,601,31.3
3009744,MCHC [Mass/volume] by Automated count,Measurement,4035,601,31.3
3010457,Eosinophils/100 leukocytes in Blood by Automated count,Measurement,4035,601,31.3
3010568,Globulin [Mass/volume] in Plasma,Measurement,3692,601,30.3
3035995,Alkaline phosphatase [Enzymatic activity/volume] in Serum or Plasma,Measurement,3690,601,30.3
3020509,Albumin/Globulin [Mass Ratio] in Serum or Plasma,Measurement,3690,601,30.3
3028110,Bile acid [Moles/volume] in Serum or Plasma,Measurement,3614,597,30.2
3003805,Alpha fucosidase [Enzymatic activity/volume] in Serum or Plasma,Measurement,3603,597,30.1
3052649,Adenosine deaminase [Enzymatic activity/volume] in Serum or Plasma,Measurement,3603,597,30.1
3010866,Cholinesterase [Enzymatic activity/volume] in Serum or Plasma,Measurement,3603,597,30.1
3002590,Prealbumin [Mass/volume] in Serum or Plasma by Electrophoresis,Measurement,3603,597,30.1
40766836,Hemoglobins that can be presumptively identified based on available controls in DBS,Measurement,3945,596,31.0
3018010,Neutrophils/100 leukocytes in Blood,Measurement,3696,563,30.6
3014576,Chloride [Moles/volume] in Serum or Plasma,Measurement,3623,561,30.8
46235784,Sodium [Moles/volume] in Serum  Plasma or Blood,Measurement,3623,561,30.8
46235078,Potassium [Moles/volume] in Serum  Plasma or Blood,Measurement,3623,561,30.8
3006923,Alanine aminotransferase [Enzymatic activity/volume] in Serum or Plasma,Measurement,3346,549,29.3
