concept_id,concept_name,domain,occurrence_count,patient_count,avg_days_to_onset
4173584,Chronic active type B viral hepatitis,Condition,208,91,32.1
194574,Chronic type B viral hepatitis,Condition,85,80,16.2
37116804,Improved dentition,Condition,136,71,22.6
4296301,Hepatic congestion,Condition,108,66,27.3
4318541,Cholestatic hepatitis,Condition,106,53,25.5
4064161,Cirrhosis of liver,Condition,67,42,27.8
4281232,Type B viral hepatitis,Condition,55,31,27.1
443392,Malignant neoplastic disease,Condition,37,30,43.8
196951,Chronic congestive splenomegaly,Condition,29,26,27.4
45772057,Cirrhosis of liver due to hepatitis B,Condition,41,25,38.0
4246127,Malignant neoplasm of liver,Condition,69,22,41.0
201519,Primary malignant neoplasm of liver,Condition,31,21,48.2
45771255,Compensated liver disease,Condition,27,19,21.1
4225273,Chronic gastritis,Condition,17,17,20.4
4001171,Liver cell carcinoma,Condition,30,16,47.3
3013721,Aspartate aminotransferase [Enzymatic activity/volume] in Serum or Plasma,Measurement,4506,1296,28.7
3024128,Bilirubin.total [Mass/volume] in Serum or Plasma,Measurement,4440,1292,28.7
3007242,Bilirubin.indirect [Moles/volume] in Serum or Plasma,Measurement,4440,1292,28.7
3028638,Bilirubin.direct [Moles/volume] in Serum or Plasma,Measurement,4440,1292,28.7
3032567,Hepatitis B virus DNA [Units/volume] (viral load) in Serum or Plasma by NAA with probe detection,Measurement,2817,1262,26.1
3020509,Albumin/Globulin [Mass Ratio] in Serum or Plasma,Measurement,4244,1208,28.8
3035995,Alkaline phosphatase [Enzymatic activity/volume] in Serum or Plasma,Measurement,4244,1208,28.8
3010568,Globulin [Mass/volume] in Plasma,Measurement,4244,1208,28.8
3028110,Bile acid [Moles/volume] in Serum or Plasma,Measurement,3874,1141,28.3
3010866,Cholinesterase [Enzymatic activity/volume] in Serum or Plasma,Measurement,3827,1139,28.2
3003805,Alpha fucosidase [Enzymatic activity/volume] in Serum or Plasma,Measurement,3827,1139,28.2
3002590,Prealbumin [Mass/volume] in Serum or Plasma by Electrophoresis,Measurement,3827,1139,28.2
3052649,Adenosine deaminase [Enzymatic activity/volume] in Serum or Plasma,Measurement,3827,1139,28.2
3001127,Alpha 1 antitrypsin [Mass/volume] in Serum or Plasma by Nephelometry,Measurement,3523,1095,28.2
37172783,Alpha-fetoprotein mass concentration in plasma,Measurement,2230,1026,23.9
3016723,Creatinine [Mass/volume] in Serum or Plasma,Measurement,3143,893,27.9
46235079,Carbon dioxide  total [Moles/volume] in Serum  Plasma or Blood,Measurement,2906,854,27.7
3030366,Cystatin C [Mass/volume] in Serum or Plasma,Measurement,2815,842,27.7
3006923,Alanine aminotransferase [Enzymatic activity/volume] in Serum or Plasma,Measurement,2646,825,28.1
43534077,Urea [Moles/volume] in Blood,Measurement,2493,807,27.1
3024561,Albumin [Mass/volume] in Serum or Plasma,Measurement,2526,769,28.3
3020630,Protein [Mass/volume] in Serum or Plasma,Measurement,2524,768,28.3
3026910,Gamma glutamyl transferase [Enzymatic activity/volume] in Serum or Plasma,Measurement,2179,715,28.0
3009596,Cholesterol in VLDL [Mass/volume] in Serum or Plasma by calculation,Measurement,1565,694,25.5
3025839,Triglyceride [Moles/volume] in Serum or Plasma,Measurement,1564,694,25.5
3028437,Cholesterol in LDL [Mass/volume] in Serum or Plasma,Measurement,1564,694,25.5
3007070,Cholesterol in HDL [Mass/volume] in Serum or Plasma,Measurement,1433,645,24.9
46236948,Glucose [Moles/volume] in Serum  Plasma or Blood,Measurement,1409,623,24.6
3020416,Erythrocytes [#/volume] in Blood by Automated count,Measurement,2932,558,31.3
3043688,Hemoglobin [Mass/volume] in Body fluid,Measurement,2940,557,31.4
3024386,Platelet mean volume [Entitic volume] in Blood by Rees-Ecker,Measurement,2924,557,31.3
3039312,Plateletcrit [Volume Fraction] in Blood,Measurement,2924,557,31.3
3001604,Monocytes [#/volume] in Blood,Measurement,2924,557,31.3
3017732,Neutrophils [#/volume] in Blood,Measurement,2924,557,31.3
3039417,Platelet distribution width [Ratio] in Blood,Measurement,2924,557,31.3
