"outcome_concept_id","outcome_name","outcome_domain","post_events","pre_events","n_exposures","irr","ci95l","ci95u","p","reason_code","p_adj","min_cell_count"
4281232,"Type B viral hepatitis","Condition",1735,1051,2422,1.63266799803432,1.5113810399416,1.76434019811003,4.73340890242923e-37,"OK",7.90479286705681e-35,5
194574,"Chronic type B viral hepatitis","Condition",1530,931,2422,1.62533492286446,1.49718667064735,1.76518488489626,2.19033935278032e-32,"OK",2.43857781276209e-30,5
4173584,"Chronic active type B viral hepatitis","Condition",1409,779,2422,1.78885299552822,1.63779543387718,1.95495451711582,2.30868704382953e-40,"OK",7.71101472639063e-38,5
4064161,"Cirrhosis of liver","Condition",647,444,2422,1.44119394119394,1.27523875385279,1.62990604926159,2.26362412768909e-09,"OK",1.51210091729631e-07,5
4318541,"Cholestatic hepatitis","Condition",279,132,2422,2.09040959040959,1.69345985412022,2.59124993217378,7.10526209221811e-13,"OK",5.93289384700213e-11,5
4296301,"Hepatic congestion","Condition",237,151,2422,1.55228877083182,1.26041176232593,1.91658305542644,2.34631208233665e-05,"OK",0.00130611372583407,5
443392,"Malignant neoplastic disease","Condition",214,211,2422,1.00307275662726,0.825476304677396,1.21896246662634,1,"OK",1,5
4246127,"Malignant neoplasm of liver","Condition",210,203,2422,1.02311481621826,0.839569948907952,1.24699952949988,0.844005805009116,"OK",1,5
45772057,"Cirrhosis of liver due to hepatitis B","Condition",203,153,2422,1.31221719457014,1.05859336190839,1.62936311731698,0.0109591052916429,"OK",0.45754264592609,5
201519,"Primary malignant neoplasm of liver","Condition",162,156,2422,1.02704987320372,0.819221270469309,1.28792582022195,0.822717010406074,"OK",1,5
37116804,"Improved dentition","Condition",152,183,2422,0.821473608358854,0.658086378952084,1.02422131474451,0.0802544975582831,"OK",1,5
4001171,"Liver cell carcinoma","Condition",94,91,2422,1.02161574689047,0.757569471132151,1.37822122355691,0.941416803530348,"OK",1,5
196951,"Chronic congestive splenomegaly","Condition",61,80,2422,0.754120879120879,0.531398310638649,1.06556050545836,0.109307268610182,"OK",1,5
3039417,"Platelet distribution width [Ratio] in Blood","Measurement",48,36,2422,1.31868131868132,0.838264318838081,2.09126287805774,0.230462209810321,"OK",1,5
4225273,"Chronic gastritis","Condition",46,52,2422,0.874894336432798,0.575346422987511,1.32657992697561,0.545089620374387,"OK",1,5
45771255,"Compensated liver disease","Condition",46,51,2422,0.892049127343245,0.585571063335645,1.35561504653785,0.612293043611145,"OK",1,5
3024386,"Platelet mean volume [Entitic volume] in Blood by Rees-Ecker","Measurement",46,31,2422,1.46756469337115,0.910791489324271,2.3941188888509,0.110432958637892,"OK",1,5
3013721,"Aspartate aminotransferase [Enzymatic activity/volume] in Serum or Plasma","Measurement",44,27,2422,1.61172161172161,0.976122464875842,2.70679556484045,0.0570821140404001,"OK",1,5
3006923,"Alanine aminotransferase [Enzymatic activity/volume] in Serum or Plasma","Measurement",42,25,2422,1.66153846153846,0.989425447781681,2.84474886757964,0.0500327593082693,"OK",1,5
3052649,"Adenosine deaminase [Enzymatic activity/volume] in Serum or Plasma","Measurement",39,25,2422,1.54285714285714,0.910432635971457,2.65999775832785,0.103758310336165,"OK",1,5
3964927,"Monocytes/100 leukocytes in Blood by Flow cytometry (FC)","Measurement",39,21,2422,1.83673469387755,1.05428189872314,3.28638038144069,0.0274803275306611,"OK",0.91784293952408,5
3020630,"Protein [Mass/volume] in Serum or Plasma","Measurement",38,20,2422,1.87912087912088,1.06630178586812,3.40852960724109,0.0248724496846733,"OK",0.91784293952408,5
3010866,"Cholinesterase [Enzymatic activity/volume] in Serum or Plasma","Measurement",36,41,2422,0.868399892790137,0.539247803600312,1.39292407262869,0.56990373791604,"OK",1,5
3001604,"Monocytes [#/volume] in Blood","Measurement",36,25,2422,1.42417582417582,0.83162224623528,2.47507240148487,0.200450502906707,"OK",1,5
3043688,"Hemoglobin [Mass/volume] in Body fluid","Measurement",35,30,2422,1.15384615384615,0.688202922300632,1.94555755814164,0.620493155732145,"OK",1,5
3009744,"MCHC [Mass/volume] by Automated count","Measurement",34,26,2422,1.29332206255283,0.753462249311001,2.24430395665681,0.36673422906337,"OK",1,5
3010568,"Globulin [Mass/volume] in Plasma","Measurement",34,25,2422,1.34505494505494,0.779202034707904,2.35167444122527,0.298031258012187,"OK",1,5
3017732,"Neutrophils [#/volume] in Blood","Measurement",33,23,2422,1.41901576684185,0.808422544925895,2.53095777357866,0.229203939626474,"OK",1,5
3001127,"Alpha 1 antitrypsin [Mass/volume] in Serum or Plasma by Nephelometry","Measurement",32,21,2422,1.50706436420722,0.842636877283742,2.74992858707048,0.169322610175695,"OK",1,5
3007242,"Bilirubin.indirect [Moles/volume] in Serum or Plasma","Measurement",32,13,2422,2.43448858833474,1.24278756589219,5.05397762315384,0.00664532256635945,"OK",0.317076819594865,5
3020416,"Erythrocytes [#/volume] in Blood by Automated count","Measurement",32,25,2422,1.26593406593407,0.726894183697254,2.22816967736786,0.4274465175928,"OK",1,5
3002590,"Prealbumin [Mass/volume] in Serum or Plasma by Electrophoresis","Measurement",31,25,2422,1.22637362637363,0.700787653919949,2.16637233079169,0.504769644209259,"OK",1,5
46235078,"Potassium [Moles/volume] in Serum, Plasma or Blood","Measurement",29,19,2422,1.50954308849046,0.81804802982468,2.84884283743965,0.193739281933101,"OK",1,5
3002888,"Erythrocyte distribution width [Entitic volume]","Measurement",28,18,2422,1.53846153846154,0.821506871461836,2.95316578371893,0.184232923004327,"OK",1,5
3028638,"Bilirubin.direct [Moles/volume] in Serum or Plasma","Measurement",28,22,2422,1.25874125874126,0.694538410415299,2.30871217334638,0.480224410455073,"OK",1,5
3039312,"Plateletcrit [Volume Fraction] in Blood","Measurement",27,16,2422,1.66895604395604,0.867418375805958,3.31568405760424,0.126537921848784,"OK",1,5
3010457,"Eosinophils/100 leukocytes in Blood by Automated count","Measurement",27,19,2422,1.40543666859456,0.753041013013256,2.6743376011828,0.302336118853438,"OK",1,5
3003805,"Alpha fucosidase [Enzymatic activity/volume] in Serum or Plasma","Measurement",26,23,2422,1.11801242236025,0.613224931328989,2.05093142379791,0.775614097676366,"OK",1,5
37172783,"Alpha-fetoprotein mass concentration in plasma","Measurement",26,18,2422,1.42857142857143,0.753728680842081,2.76606968483317,0.291540284594208,"OK",1,5
46236949,"Alanine aminotransferase [Enzymatic activity/volume] in Serum, Plasma or Blood","Measurement",26,15,2422,1.71428571428571,0.874805794641486,3.48154249280132,0.117504122285544,"OK",1,5
3028110,"Bile acid [Moles/volume] in Serum or Plasma","Measurement",26,21,2422,1.22448979591837,0.662526005070379,2.28888240082108,0.560347663474202,"OK",1,5
3037511,"Lymphocytes/100 leukocytes in Blood by Automated count","Measurement",26,23,2422,1.11801242236025,0.613224931328989,2.05093142379791,0.775614097676366,"OK",1,5
40766836,"Hemoglobins that can be presumptively identified based on available controls in DBS","Measurement",25,15,2422,1.64835164835165,0.835782200628475,3.36282893533067,0.15411118356749,"OK",1,5
3020509,"Albumin/Globulin [Mass Ratio] in Serum or Plasma","Measurement",25,25,2422,0.989010989010989,0.544988648988146,1.79479469563369,1,"OK",1,5
3000905,"Leukocytes [#/volume] in Blood by Automated count","Measurement",24,17,2422,1.39625080801551,0.7194091166086,2.76908653413587,0.349191807628897,"OK",1,5
3035995,"Alkaline phosphatase [Enzymatic activity/volume] in Serum or Plasma","Measurement",24,19,2422,1.24927703875072,0.655924305861163,2.41220980601418,0.542650606454632,"OK",1,5
3018010,"Neutrophils/100 leukocytes in Blood","Measurement",23,23,2422,0.989010989010989,0.530296160391607,1.84452162667398,1,"OK",1,5
3014576,"Chloride [Moles/volume] in Serum or Plasma","Measurement",23,13,2422,1.7497886728656,0.850013816759741,3.76075844249981,0.132710620181603,"OK",1,5
3009542,"Hematocrit [Volume Fraction] of Blood","Measurement",23,13,2422,1.7497886728656,0.850013816759741,3.76075844249981,0.132710620181603,"OK",1,5
3026710,"Lymphocytes [#/volume] in Blood by Flow cytometry (FC)","Measurement",22,20,2422,1.08791208791209,0.566473004590345,2.10125715402252,0.877692754769477,"OK",1,5
3028286,"Albumin [Mass/volume] in Serum or Plasma by Electrophoresis","Measurement",22,15,2422,1.45054945054945,0.719117319430028,3.00630893595622,0.324283073500988,"OK",1,5
3025839,"Triglyceride [Moles/volume] in Serum or Plasma","Measurement",22,25,2422,0.87032967032967,0.467806263085243,1.60833254254641,0.663941908011853,"OK",1,5
3016682,"Platelets [#/volume] in Plasma by Automated count","Measurement",22,16,2422,1.35989010989011,0.682221091421368,2.77008294997894,0.417963795480046,"OK",1,5
3005029,"Protein [Mass/volume] in Body fluid","Measurement",22,11,2422,1.97802197802198,0.919291270947427,4.51757427305489,0.0802946148073886,"OK",1,5
46236948,"Glucose [Moles/volume] in Serum, Plasma or Blood","Measurement",21,18,2422,1.15384615384615,0.585372820665757,2.29730969227445,0.74940400425417,"OK",1,5
3024128,"Bilirubin.total [Mass/volume] in Serum or Plasma","Measurement",21,12,2422,1.73076923076923,0.81327168579482,3.85900903055282,0.16296746134814,"OK",1,5
46235784,"Sodium [Moles/volume] in Serum, Plasma or Blood","Measurement",21,13,2422,1.59763313609467,0.763435116145089,3.47271760399757,0.229723354464644,"OK",1,5
3009596,"Cholesterol in VLDL [Mass/volume] in Serum or Plasma by calculation","Measurement",20,21,2422,0.941915227629513,0.484439695217003,1.82593820702868,0.877013270073751,"OK",1,5
3024561,"Albumin [Mass/volume] in Serum or Plasma","Measurement",20,23,2422,0.86000955566173,0.448007622521437,1.6375145332352,0.649988846378245,"OK",1,5
3009932,"Eosinophils [#/volume] in Blood by Manual count","Measurement",20,19,2422,1.04106419895894,0.527417007527366,2.06178982054074,1,"OK",1,5
3028437,"Cholesterol in LDL [Mass/volume] in Serum or Plasma","Measurement",20,25,2422,0.791208791208791,0.416720583155011,1.48368032154729,0.459206210235837,"OK",1,5
3022096,"Basophils/100 leukocytes in Blood","Measurement",19,18,2422,1.04395604395604,0.518620395453584,2.10925744251956,1,"OK",1,5
3010748,"Hematocrit/Hemoglobin [Ratio] of Blood by Automated count","Measurement",18,10,2422,1.78021978021978,0.779133360666745,4.31665238701123,0.18512135039189,"OK",1,5
3052964,"Fibrinogen [Mass/volume] in Platelet poor plasma by Coagulation.derived","Measurement",18,11,2422,1.61838161838162,0.723872519697898,3.79185238696579,0.26514331283775,"OK",1,5
3028465,"Gamma glutamyl transferase [Enzymatic activity/volume] in Body fluid","Measurement",18,9,2422,1.97802197802198,0.843823767860505,4.99816673086634,0.122231603941192,"OK",1,5
3032567,"Hepatitis B virus DNA [Units/volume] (viral load) in Serum or Plasma by NAA with probe detection","Measurement",18,19,2422,0.936957779063042,0.463737956622344,1.88604756958895,0.870775284245028,"OK",1,5
3007070,"Cholesterol in HDL [Mass/volume] in Serum or Plasma","Measurement",17,13,2422,1.29332206255283,0.591569202086722,2.89544172806971,0.584838308020567,"OK",1,5
3023599,"MCV [Entitic volume] by Automated count","Measurement",17,9,2422,1.86813186813187,0.787638672563064,4.7562383146768,0.168806654539381,"OK",1,5
43534077,"Urea [Moles/volume] in Blood","Measurement",17,19,2422,0.884904569115095,0.432085103572347,1.79800474234152,0.741581272313224,"OK",1,5
46235079,"Carbon dioxide, total [Moles/volume] in Serum, Plasma or Blood","Measurement",16,14,2422,1.13029827315542,0.516918020976369,2.50057228619892,0.855601682480697,"OK",1,5
3002656,"Lipoproteins [Mass/volume] in Serum or Plasma","Measurement",14,17,2422,0.81447963800905,0.37169807145823,1.75563185326495,0.594738617267969,"OK",1,5
3034426,"Prothrombin time (PT)","Measurement",0,0,2422,NA,NA,NA,NA,"SUPPRESSED_MINCELL",NA,5
3026910,"Gamma glutamyl transferase [Enzymatic activity/volume] in Serum or Plasma","Measurement",13,15,2422,0.857142857142857,0.375346395890193,1.93101761087912,0.709645401424602,"OK",1,5
3005353,"Prothrombin activity actual/normal in Platelet poor plasma by Coagulation assay","Measurement",12,5,2422,2.37362637362637,0.778397038192895,8.60042088660686,0.143566888724663,"OK",1,5
3027114,"Cholesterol [Mass/volume] in Serum or Plasma","Measurement",12,17,2422,0.698125404007757,0.304219907309318,1.55106477288383,0.359131665567178,"OK",1,5
3031305,"aPTT panel - Platelet poor plasma","Measurement",0,0,2422,NA,NA,NA,NA,"SUPPRESSED_MINCELL",NA,5
3032080,"INR in Blood by Coagulation assay","Measurement",0,0,2422,NA,NA,NA,NA,"SUPPRESSED_MINCELL",NA,5
3016723,"Creatinine [Mass/volume] in Serum or Plasma","Measurement",10,10,2422,0.989010989010989,0.369441936296076,2.64762237387311,1,"OK",1,5
3016070,"Creatine kinase.MB [Enzymatic activity/volume] in Serum or Plasma by Electrophoresis","Measurement",10,10,2422,0.989010989010989,0.369441936296076,2.64762237387311,1,"OK",1,5
3006742,"Cancer Ag 15-3 [Presence] in Serum or Plasma","Measurement",10,12,2422,0.824175824175824,0.318965615314454,2.08145281206813,0.676035253486583,"OK",1,5
3010156,"C reactive protein [Mass/volume] in Serum or Plasma by High sensitivity method","Measurement",0,0,2422,NA,NA,NA,NA,"SUPPRESSED_MINCELL",NA,5
42869583,"Hematocrit [Pure volume fraction] of Body fluid","Measurement",9,5,2422,1.78021978021978,0.535781890760627,6.76195420783853,0.424050893074055,"OK",1,5
3005162,"Calcium [Moles/volume] in Blood","Measurement",0,0,2422,NA,NA,NA,NA,"SUPPRESSED_MINCELL",NA,5
3016407,"Fibrinogen [Mass/volume] in Platelet poor plasma by Coagulation assay","Measurement",0,0,2422,NA,NA,NA,NA,"SUPPRESSED_MINCELL",NA,5
3015377,"Calcium [Moles/volume] in Serum or Plasma","Measurement",0,0,2422,NA,NA,NA,NA,"SUPPRESSED_MINCELL",NA,5
3008342,"Neutrophils/100 leukocytes in Blood by Automated count","Measurement",8,6,2422,1.31868131868132,0.401239302550701,4.61092607672553,0.79057209739999,"OK",1,5
42529199,"Cancer Ag 125 [Units/volume] in Serum or Plasma by Immunoassay","Measurement",8,11,2422,0.719280719280719,0.251161521385396,1.96327962028721,0.50117461639437,"OK",1,5
3010813,"Leukocytes [#/volume] in Blood","Measurement",8,7,2422,1.13029827315542,0.358160945531858,3.66150952845057,1,"OK",1,5
3019900,"Cholesterol [Moles/volume] in Serum or Plasma","Measurement",0,0,2422,NA,NA,NA,NA,"SUPPRESSED_MINCELL",NA,5
3016436,"Lactate dehydrogenase [Enzymatic activity/volume] in Serum or Plasma","Measurement",7,6,2422,1.15384615384615,0.332040264389814,4.15585935515983,1,"OK",1,5
3030366,"Cystatin C [Mass/volume] in Serum or Plasma","Measurement",7,8,2422,0.865384615384615,0.26714193388933,2.73101450224279,0.802576597341842,"OK",1,5
1002070,"Acarboxyprothrombin [Units/volume] in Serum or Plasma","Measurement",7,8,2422,0.865384615384615,0.26714193388933,2.73101450224279,0.802576597341842,"OK",1,5
3018677,"aPTT in Platelet poor plasma by Coagulation assay","Measurement",0,0,2422,NA,NA,NA,NA,"SUPPRESSED_MINCELL",NA,5
3024552,"Cancer Ag 19-9 [Presence] in Serum or Plasma","Measurement",6,5,2422,1.18681318681319,0.301778263062208,4.91595195501057,1,"OK",1,5
3012095,"Magnesium [Moles/volume] in Serum or Plasma","Measurement",6,0,2422,Inf,1.16448599247446,Inf,0.0312643086080462,"OK",0.94929809773522,5
3008364,"Apolipoprotein A-I [Mass/volume] in Serum or Plasma","Measurement",6,5,2422,1.18681318681319,0.301778263062208,4.91595195501057,1,"OK",1,5
3036887,"Ammonia [Mass/volume] in Plasma","Measurement",6,6,2422,0.989010989010989,0.264400415233326,3.69947503872606,1,"OK",1,5
3003785,"Carcinoembryonic Ag [Mass/volume] in Serum or Plasma","Measurement",0,0,2422,NA,NA,NA,NA,"SUPPRESSED_MINCELL",NA,5
3031767,"Vascular endothelial growth factor [Mass/volume] in Serum or Plasma","Measurement",0,0,2422,NA,NA,NA,NA,"SUPPRESSED_MINCELL",NA,5
3019284,"Hepatitis B virus surface Ag [Presence] in Serum","Measurement",0,0,2422,NA,NA,NA,NA,"SUPPRESSED_MINCELL",NA,5
3014791,"Apolipoprotein B [Mass/volume] in Serum or Plasma","Measurement",5,7,2422,0.706436420722135,0.176797449181352,2.58568851799378,0.578983365158427,"OK",1,5
3027651,"Basophils [#/volume] in Blood by Manual count","Measurement",5,9,2422,0.549450549450549,0.144653853948112,1.82563605312577,0.299154728156208,"OK",1,5
3022893,"Aspartate aminotransferase/Alanine aminotransferase [Enzymatic activity ratio] in Serum or Plasma","Measurement",0,0,2422,NA,NA,NA,NA,"SUPPRESSED_MINCELL",NA,5
3009201,"Thyrotropin [Units/volume] in Serum or Plasma","Measurement",0,0,2422,NA,NA,NA,NA,"SUPPRESSED_MINCELL",NA,5
3039902,"Granular casts [#/volume] in Urine by Computer assisted method","Measurement",0,0,2422,NA,NA,NA,NA,"SUPPRESSED_MINCELL",NA,5
3022177,"Hepatitis B virus core Ab [Units/volume] in Serum by Radioimmunoassay (RIA)","Measurement",0,0,2422,NA,NA,NA,NA,"SUPPRESSED_MINCELL",NA,5
3046044,"N-acetyl-beta-glucosaminidase [Enzymatic activity/volume] in Urine","Measurement",0,0,2422,NA,NA,NA,NA,"SUPPRESSED_MINCELL",NA,5
3008143,"IgG [Presence] in Serum","Measurement",0,0,2422,NA,NA,NA,NA,"SUPPRESSED_MINCELL",NA,5
3012898,"Urea [Moles/volume] in Urine","Measurement",0,0,2422,NA,NA,NA,NA,"SUPPRESSED_MINCELL",NA,5
3015736,"pH of Urine","Measurement",0,0,2422,NA,NA,NA,NA,"SUPPRESSED_MINCELL",NA,5
3030981,"Hyaline casts [#/volume] in Urine by Automated count","Measurement",0,0,2422,NA,NA,NA,NA,"SUPPRESSED_MINCELL",NA,5
3029879,"Epithelial cells.squamous [#/volume] in Urine by Automated count","Measurement",0,0,2422,NA,NA,NA,NA,"SUPPRESSED_MINCELL",NA,5
3017250,"Creatinine [Mass/volume] in Urine","Measurement",0,0,2422,NA,NA,NA,NA,"SUPPRESSED_MINCELL",NA,5
3018095,"Leukocytes [#/volume] in Urine","Measurement",0,0,2422,NA,NA,NA,NA,"SUPPRESSED_MINCELL",NA,5
3001019,"Free T4 and TSH panel - Serum or Plasma","Measurement",0,0,2422,NA,NA,NA,NA,"SUPPRESSED_MINCELL",NA,5
3018913,"Phosphate [Moles/volume] in Blood","Measurement",0,0,2422,NA,NA,NA,NA,"SUPPRESSED_MINCELL",NA,5
3022764,"Mononuclear cells/100 leukocytes in Peritoneal fluid","Measurement",0,0,2422,NA,NA,NA,NA,"SUPPRESSED_MINCELL",NA,5
3052318,"Alpha-1-Microglobulin [Mass/volume] in Urine","Measurement",0,0,2422,NA,NA,NA,NA,"SUPPRESSED_MINCELL",NA,5
46234929,"Hepatitis B virus e Ag [Presence] in Serum, Plasma or Blood by Rapid immunoassay","Measurement",0,0,2422,NA,NA,NA,NA,"SUPPRESSED_MINCELL",NA,5
3018853,"Superoxide dismutase [Enzymatic activity/volume] in Plasma","Measurement",0,0,2422,NA,NA,NA,NA,"SUPPRESSED_MINCELL",NA,5
3045975,"IgA [Presence] in Serum","Measurement",0,0,2422,NA,NA,NA,NA,"SUPPRESSED_MINCELL",NA,5
3026076,"Alpha hydroxybutyrate dehydrogenase [Enzymatic activity/volume] in Serum or Plasma","Measurement",0,0,2422,NA,NA,NA,NA,"SUPPRESSED_MINCELL",NA,5
3011724,"Hepatitis B virus e Ag [Presence] in Serum by Radioimmunoassay (RIA)","Measurement",0,0,2422,NA,NA,NA,NA,"SUPPRESSED_MINCELL",NA,5
3966438,"CE Ab [Presence] in Serum or Plasma","Measurement",0,0,2422,NA,NA,NA,NA,"SUPPRESSED_MINCELL",NA,5
3037850,"Specific gravity of Body fluid","Measurement",0,0,2422,NA,NA,NA,NA,"SUPPRESSED_MINCELL",NA,5
42529230,"Thyroxine (T4) [Mass/volume] in Serum or Plasma by Immunoassay","Measurement",0,0,2422,NA,NA,NA,NA,"SUPPRESSED_MINCELL",NA,5
3023202,"Hepatitis B virus e Ab [Units/volume] in Serum by Immunoassay","Measurement",0,0,2422,NA,NA,NA,NA,"SUPPRESSED_MINCELL",NA,5
3007220,"Creatine kinase [Enzymatic activity/volume] in Serum or Plasma","Measurement",0,0,2422,NA,NA,NA,NA,"SUPPRESSED_MINCELL",NA,5
3015759,"IgM [Presence] in Serum","Measurement",0,0,2422,NA,NA,NA,NA,"SUPPRESSED_MINCELL",NA,5
36304079,"Mucus [Presence] in Urine sediment","Measurement",0,0,2422,NA,NA,NA,NA,"SUPPRESSED_MINCELL",NA,5
3004391,"Epithelial cells [#/volume] in Urine by Manual count","Measurement",0,0,2422,NA,NA,NA,NA,"SUPPRESSED_MINCELL",NA,5
3008486,"Thyroxine (T4) free [Moles/volume] in Serum or Plasma","Measurement",0,0,2422,NA,NA,NA,NA,"SUPPRESSED_MINCELL",NA,5
3029707,"Crystals [#/volume] in Urine by Automated count","Measurement",0,0,2422,NA,NA,NA,NA,"SUPPRESSED_MINCELL",NA,5
42869547,"Procollagen type III.N-terminal propeptide [Mass/volume] in Serum","Measurement",0,0,2422,NA,NA,NA,NA,"SUPPRESSED_MINCELL",NA,5
3007835,"Cancer Ag 125 [Presence] in Serum or Plasma","Measurement",0,0,2422,NA,NA,NA,NA,"SUPPRESSED_MINCELL",NA,5
3009214,"Lutropin [Units/volume] in Serum or Plasma","Measurement",0,0,2422,NA,NA,NA,NA,"SUPPRESSED_MINCELL",NA,5
3029794,"Leukocyte clumps [#/volume] in Urine by Automated count","Measurement",0,0,2422,NA,NA,NA,NA,"SUPPRESSED_MINCELL",NA,5
3019977,"pH of Arterial blood","Measurement",0,0,2422,NA,NA,NA,NA,"SUPPRESSED_MINCELL",NA,5
3029790,"Creatine kinase.MB [Enzymatic activity/volume] in Serum or Plasma","Measurement",0,0,2422,NA,NA,NA,NA,"SUPPRESSED_MINCELL",NA,5
3012413,"Glucose [Moles/volume] in Serum or Plasma --2 hours post meal","Measurement",0,0,2422,NA,NA,NA,NA,"SUPPRESSED_MINCELL",NA,5
3008304,"Triiodothyronine (T3) [Moles/volume] in Serum or Plasma","Measurement",0,0,2422,NA,NA,NA,NA,"SUPPRESSED_MINCELL",NA,5
3044042,"Cancer Ag 50 [Units/volume] in Serum or Plasma","Measurement",0,0,2422,NA,NA,NA,NA,"SUPPRESSED_MINCELL",NA,5
3010340,"Triiodothyronine (T3) [Mass/volume] in Serum or Plasma","Measurement",0,0,2422,NA,NA,NA,NA,"SUPPRESSED_MINCELL",NA,5
40759253,"Cholesterol in HDL 2a [Moles/volume] in Serum or Plasma","Measurement",0,0,2422,NA,NA,NA,NA,"SUPPRESSED_MINCELL",NA,5
3027828,"Triiodothyronine (T3).reverse [Moles/volume] in Serum or Plasma","Measurement",0,0,2422,NA,NA,NA,NA,"SUPPRESSED_MINCELL",NA,5
3009931,"Hyaluronate [Mass/volume] in Serum or Plasma","Measurement",0,0,2422,NA,NA,NA,NA,"SUPPRESSED_MINCELL",NA,5
1617274,"Carbon dioxide, total [Moles/volume] in Central venous blood","Measurement",0,0,2422,NA,NA,NA,NA,"SUPPRESSED_MINCELL",NA,5
1988100,"Leukocytes [#/volume] in Peritoneal dialysis fluid by Automated count","Measurement",0,0,2422,NA,NA,NA,NA,"SUPPRESSED_MINCELL",NA,5
1988277,"Alpha-1-Fetoprotein L3 [Mass/volume] in Serum or Plasma by Immunoassay","Measurement",0,0,2422,NA,NA,NA,NA,"SUPPRESSED_MINCELL",NA,5
1988606,"C reactive protein [Units/volume] in Body fluid","Measurement",0,0,2422,NA,NA,NA,NA,"SUPPRESSED_MINCELL",NA,5
1989123,"Erythrocytes.ghost cells [#/volume] in Urine sediment by Computer assisted method","Measurement",0,0,2422,NA,NA,NA,NA,"SUPPRESSED_MINCELL",NA,5
3000034,"Microalbumin [Mass/volume] in Urine","Measurement",0,0,2422,NA,NA,NA,NA,"SUPPRESSED_MINCELL",NA,5
3001582,"Protein/Creatinine [Mass Ratio] in Urine","Measurement",0,0,2422,NA,NA,NA,NA,"SUPPRESSED_MINCELL",NA,5
3002532,"Iron binding capacity.unsaturated [Moles/volume] in Serum or Plasma","Measurement",0,0,2422,NA,NA,NA,NA,"SUPPRESSED_MINCELL",NA,5
3002827,"Microalbumin/Creatinine [Mass Ratio] in 24 hour Urine","Measurement",0,0,2422,NA,NA,NA,NA,"SUPPRESSED_MINCELL",NA,5
3003470,"Hepatitis C virus Ab [Units/volume] in Serum by Immunoassay","Measurement",0,0,2422,NA,NA,NA,NA,"SUPPRESSED_MINCELL",NA,5
3005673,"Hemoglobin A1c/Hemoglobin.total in Blood by HPLC","Measurement",0,0,2422,NA,NA,NA,NA,"SUPPRESSED_MINCELL",NA,5
3005996,"Glucose [Mass/volume] in Serum or Plasma --3 hours post 1.2 g/kg lactose PO","Measurement",0,0,2422,NA,NA,NA,NA,"SUPPRESSED_MINCELL",NA,5
3008641,"Thyroperoxidase Ab [Titer] in Serum or Plasma by Latex agglutination","Measurement",0,0,2422,NA,NA,NA,NA,"SUPPRESSED_MINCELL",NA,5
3010084,"C peptide [Mass/volume] in Serum or Plasma","Measurement",0,0,2422,NA,NA,NA,NA,"SUPPRESSED_MINCELL",NA,5
3011544,"Albumin [Mass/volume] in Pleural fluid","Measurement",0,0,2422,NA,NA,NA,NA,"SUPPRESSED_MINCELL",NA,5
3011958,"Ammonia [Moles/volume] in Plasma","Measurement",0,0,2422,NA,NA,NA,NA,"SUPPRESSED_MINCELL",NA,5
3014749,"Leukocytes [#/volume] in Urine by Test strip","Measurement",0,0,2422,NA,NA,NA,NA,"SUPPRESSED_MINCELL",NA,5
3015242,"Ferritin [Mass/volume] in Serum or Plasma by Immunoassay","Measurement",0,0,2422,NA,NA,NA,NA,"SUPPRESSED_MINCELL",NA,5
3016523,"Insulin [Moles/volume] in Serum or Plasma","Measurement",0,0,2422,NA,NA,NA,NA,"SUPPRESSED_MINCELL",NA,5
3018133,"Calcium [Moles/volume] in Urine","Measurement",0,0,2422,NA,NA,NA,NA,"SUPPRESSED_MINCELL",NA,5
3019209,"Epstein Barr virus capsid IgM Ab [Presence] in Serum by Immunoassay","Measurement",0,0,2422,NA,NA,NA,NA,"SUPPRESSED_MINCELL",NA,5
3022948,"Iron [Moles/volume] in Serum or Plasma","Measurement",0,0,2422,NA,NA,NA,NA,"SUPPRESSED_MINCELL",NA,5
3023323,"Follitropin [Units/volume] in Serum or Plasma","Measurement",0,0,2422,NA,NA,NA,NA,"SUPPRESSED_MINCELL",NA,5
3023520,"Reticulocytes [#/volume] in Blood","Measurement",0,0,2422,NA,NA,NA,NA,"SUPPRESSED_MINCELL",NA,5
3027144,"Progesterone [Mass/volume] in Serum or Plasma","Measurement",0,0,2422,NA,NA,NA,NA,"SUPPRESSED_MINCELL",NA,5
3029991,"Specific gravity of Urine by Refractometry automated","Measurement",0,0,2422,NA,NA,NA,NA,"SUPPRESSED_MINCELL",NA,5
3030511,"Albumin [Mass/volume] in 24 hour Urine by Electrophoresis","Measurement",0,0,2422,NA,NA,NA,NA,"SUPPRESSED_MINCELL",NA,5
3030929,"Transferrin.carbohydrate deficient.XXX/Transferrin.total in Serum or Plasma","Measurement",0,0,2422,NA,NA,NA,NA,"SUPPRESSED_MINCELL",NA,5
3034639,"Hemoglobin A1c [Mass/volume] in Blood","Measurement",0,0,2422,NA,NA,NA,NA,"SUPPRESSED_MINCELL",NA,5
3037121,"Protein [Mass/volume] in Urine","Measurement",0,0,2422,NA,NA,NA,NA,"SUPPRESSED_MINCELL",NA,5
3037524,"Glucose-6-Phosphate dehydrogenase [Enzymatic activity/volume] in Red Blood Cells","Measurement",0,0,2422,NA,NA,NA,NA,"SUPPRESSED_MINCELL",NA,5
3039426,"Oxygen saturation Calculated from oxygen partial pressure in Arterial blood","Measurement",0,0,2422,NA,NA,NA,NA,"SUPPRESSED_MINCELL",NA,5
3040208,"Hepatitis E virus IgM Ab [Units/volume] in Serum","Measurement",0,0,2422,NA,NA,NA,NA,"SUPPRESSED_MINCELL",NA,5
3040659,"Glucose [Moles/volume] in Serum or Plasma --1 hour post meal","Measurement",0,0,2422,NA,NA,NA,NA,"SUPPRESSED_MINCELL",NA,5
3041522,"Reticulocytes.high light scatter/Reticulocytes.total in Blood","Measurement",0,0,2422,NA,NA,NA,NA,"SUPPRESSED_MINCELL",NA,5
3045716,"Anion gap in Serum or Plasma","Measurement",0,0,2422,NA,NA,NA,NA,"SUPPRESSED_MINCELL",NA,5
3046279,"Procalcitonin [Mass/volume] in Serum or Plasma","Measurement",0,0,2422,NA,NA,NA,NA,"SUPPRESSED_MINCELL",NA,5
3050146,"Prolactin [Mass/volume] in Serum or Plasma by 3rd IS","Measurement",0,0,2422,NA,NA,NA,NA,"SUPPRESSED_MINCELL",NA,5
3052007,"Protein Fractions [Interpretation] in Body fluid","Measurement",0,0,2422,NA,NA,NA,NA,"SUPPRESSED_MINCELL",NA,5
40760213,"Phenol [Mass/volume] adjusted to specific gravity 1.024 in Urine","Measurement",0,0,2422,NA,NA,NA,NA,"SUPPRESSED_MINCELL",NA,5
40762352,"Hemoglobin A1c/Hemoglobin.total in Blood by IFCC protocol","Measurement",0,0,2422,NA,NA,NA,NA,"SUPPRESSED_MINCELL",NA,5
40765011,"Immature reticulocytes/Reticulocytes.total in Blood from Fetus by Automated count","Measurement",0,0,2422,NA,NA,NA,NA,"SUPPRESSED_MINCELL",NA,5
40768039,"Oxygen [Partial pressure] saturation adjusted to 0.5 in Blood","Measurement",0,0,2422,NA,NA,NA,NA,"SUPPRESSED_MINCELL",NA,5
40770975,"Lactate dehydrogenase [Enzymatic activity/volume] in Peritoneal fluid by Lactate to pyruvate reaction","Measurement",0,0,2422,NA,NA,NA,NA,"SUPPRESSED_MINCELL",NA,5
42529546,"Reticulocytes.low light scatter/Reticulocytes.total in Blood by Automated count","Measurement",0,0,2422,NA,NA,NA,NA,"SUPPRESSED_MINCELL",NA,5
42868533,"Mononuclear cells [#/volume] in Peritoneal fluid by Automated count","Measurement",0,0,2422,NA,NA,NA,NA,"SUPPRESSED_MINCELL",NA,5
42869548,"Treponema pallidum Ab [Titer] in Serum or Plasma by Agglutination","Measurement",0,0,2422,NA,NA,NA,NA,"SUPPRESSED_MINCELL",NA,5
43055410,"Prostate Specific Ag Free/Prostate specific Ag.total [Pure mass fraction] in Serum or Plasma","Measurement",0,0,2422,NA,NA,NA,NA,"SUPPRESSED_MINCELL",NA,5
43055483,"Glucose in serum - glucose in peritoneal fluid [Molar concentration difference]","Measurement",0,0,2422,NA,NA,NA,NA,"SUPPRESSED_MINCELL",NA,5
43533605,"Anion gap 4 in Capillary blood","Measurement",0,0,2422,NA,NA,NA,NA,"SUPPRESSED_MINCELL",NA,5
43534062,"3-epi-25-Hydroxyvitamin D3/25-hydroxyvitamin D.total in Serum or Plasma","Measurement",0,0,2422,NA,NA,NA,NA,"SUPPRESSED_MINCELL",NA,5
46236951,"Amylase [Enzymatic activity/volume] in Serum, Plasma or Blood","Measurement",0,0,2422,NA,NA,NA,NA,"SUPPRESSED_MINCELL",NA,5
3018163,"Specimen specific gravity acceptable [Presence] in Urine","Measurement",0,0,2422,1,NA,NA,1,"ZERO_EVENTS",1,5
3029187,"Natriuretic peptide.B prohormone N-Terminal [Mass/volume] in Serum or Plasma","Measurement",0,0,2422,1,NA,NA,1,"ZERO_EVENTS",1,5
3029213,"Adenosine deaminase [Enzymatic activity/volume] in Pericardial fluid","Measurement",0,0,2422,1,NA,NA,1,"ZERO_EVENTS",1,5
3017572,"Hemoglobin A2 [Presence] in Blood","Measurement",0,0,2422,1,NA,NA,1,"ZERO_EVENTS",1,5
3017315,"Amylase [Enzymatic activity/volume] in Urine","Measurement",0,0,2422,1,NA,NA,1,"ZERO_EVENTS",1,5
3016906,"Vancomycin [Mass/volume] in Body fluid","Measurement",0,0,2422,1,NA,NA,1,"ZERO_EVENTS",1,5
3016771,"Amylase [Enzymatic activity/volume] in Serum or Plasma","Measurement",0,0,2422,NA,NA,NA,NA,"SUPPRESSED_MINCELL",NA,5
42529254,"Triiodothyronine (T3) [Moles/volume] in Serum or Plasma by Immunoassay","Measurement",0,0,2422,1,NA,NA,1,"ZERO_EVENTS",1,5
3030306,"Epithelial cells.non-squamous [#/volume] in Urine by Automated count","Measurement",0,0,2422,1,NA,NA,1,"ZERO_EVENTS",1,5
3016724,"Homocysteine [Moles/volume] in Serum or Plasma","Measurement",0,0,2422,1,NA,NA,1,"ZERO_EVENTS",1,5
46234930,"Hepatitis B virus surface Ab [Presence] in Serum, Plasma or Blood by Rapid immunoassay","Measurement",0,0,2422,NA,NA,NA,NA,"SUPPRESSED_MINCELL",NA,5
42868453,"Bicarbonate [Moles/volume] standard in Plasma","Measurement",0,0,2422,1,NA,NA,1,"ZERO_EVENTS",1,5
3016228,"CD19 cells/100 cells in Blood","Measurement",0,0,2422,1,NA,NA,1,"ZERO_EVENTS",1,5
3016083,"Glucose [Mass/volume] in 24 hour Peritoneal dialysis fluid","Measurement",0,0,2422,NA,NA,NA,NA,"SUPPRESSED_MINCELL",NA,5
3015774,"Calcium.ionized [Moles/volume] in Serum or Plasma by calculation","Measurement",0,0,2422,1,NA,NA,1,"ZERO_EVENTS",1,5
3031987,"Alpha-1-Fetoprotein L3/Alpha-1-fetoprotein.total in Serum or Plasma","Measurement",0,0,2422,1,NA,NA,1,"ZERO_EVENTS",1,5
3014323,"Glucose [Interpretation] in Serum or Plasma--1 hour post dose glucose","Measurement",0,0,2422,1,NA,NA,1,"ZERO_EVENTS",1,5
3032488,"Lactate dehydrogenase in pleural fluid/Lactate dehydrogenase in serum","Measurement",0,0,2422,1,NA,NA,1,"ZERO_EVENTS",1,5
3013201,"Beta-2-Microglobulin [Mass/volume] in Serum or Plasma","Measurement",0,0,2422,1,NA,NA,1,"ZERO_EVENTS",1,5
3032893,"Mononuclear cells [#/volume] in Pleural fluid","Measurement",0,0,2422,1,NA,NA,1,"ZERO_EVENTS",1,5
3033252,"Adenosine deaminase [Enzymatic activity/volume] in Peritoneal fluid","Measurement",0,0,2422,NA,NA,NA,NA,"SUPPRESSED_MINCELL",NA,5
3033888,"Pepsinogen I [Mass/volume] in Serum or Plasma","Measurement",0,0,2422,1,NA,NA,1,"ZERO_EVENTS",1,5
3012516,"Albumin [Mass/volume] in Urine","Measurement",0,0,2422,NA,NA,NA,NA,"SUPPRESSED_MINCELL",NA,5
3034485,"Albumin/Creatinine [Mass Ratio] in Urine","Measurement",0,0,2422,1,NA,NA,1,"ZERO_EVENTS",1,5
1617538,"24 hour predicted protein [Mass/time] based on random Urine by calculation","Measurement",0,0,2422,NA,NA,NA,NA,"SUPPRESSED_MINCELL",NA,5
3034780,"Angiotensin converting enzyme [Enzymatic activity/volume] in Serum or Plasma","Measurement",0,0,2422,1,NA,NA,1,"ZERO_EVENTS",1,5
3035529,"Creatinine renal clearance predicted by Cockcroft-Gault formula","Measurement",0,0,2422,1,NA,NA,1,"ZERO_EVENTS",1,5
3011904,"Phosphate [Mass/volume] in Serum or Plasma","Measurement",0,0,2422,1,NA,NA,1,"ZERO_EVENTS",1,5
3036078,"Lutropin [Moles/volume] in Serum or Plasma","Measurement",0,0,2422,1,NA,NA,1,"ZERO_EVENTS",1,5
3036428,"Adenosine deaminase [Enzymatic activity/volume] in Pleural fluid","Measurement",0,0,2422,1,NA,NA,1,"ZERO_EVENTS",1,5
3036677,"Immunoglobulin light chains [Mass/volume] in Urine","Measurement",0,0,2422,NA,NA,NA,NA,"SUPPRESSED_MINCELL",NA,5
3011705,"Protein [Mass/volume] in 24 hour Urine","Measurement",0,0,2422,NA,NA,NA,NA,"SUPPRESSED_MINCELL",NA,5
3001643,"Hemoglobin and Hematocrit panel - Blood","Measurement",0,0,2422,1,NA,NA,1,"ZERO_EVENTS",1,5
3037202,"Fibrin+Fibrinogen fragments [Mass/volume] in Serum","Measurement",0,0,2422,1,NA,NA,1,"ZERO_EVENTS",1,5
3011648,"Oxygen content in Venous blood","Measurement",0,0,2422,NA,NA,NA,NA,"SUPPRESSED_MINCELL",NA,5
1616684,"HBc+HBe+p22cr Ag [Units/volume] in Serum or Plasma by Immunoassay","Measurement",0,0,2422,1,NA,NA,1,"ZERO_EVENTS",1,5
3011516,"Hepatitis B virus e Ag [Units/volume] in Serum by Immunoassay","Measurement",0,0,2422,1,NA,NA,1,"ZERO_EVENTS",1,5
3038315,"Erythrocytes.dysmorphic/100 erythrocytes in Urine sediment by Light microscopy","Measurement",0,0,2422,1,NA,NA,1,"ZERO_EVENTS",1,5
3038334,"Lactate dehydrogenase in peritoneal fluid/Lactate dehydrogenase in serum","Measurement",0,0,2422,NA,NA,NA,NA,"SUPPRESSED_MINCELL",NA,5
3038371,"Herpes simplex virus IgG Ab [Presence] in Serum by Immunoassay","Measurement",0,0,2422,1,NA,NA,1,"ZERO_EVENTS",1,5
3011412,"CD3 cells [#/volume] in Blood","Measurement",0,0,2422,1,NA,NA,1,"ZERO_EVENTS",1,5
3011337,"Aldosterone [Mass/volume] in Serum or Plasma","Measurement",0,0,2422,1,NA,NA,1,"ZERO_EVENTS",1,5
3001405,"CD3+CD8+ (T8 suppressor) cells [#/volume] in Blood","Measurement",0,0,2422,1,NA,NA,1,"ZERO_EVENTS",1,5
3039720,"Glucose mean value [Moles/volume] in Blood Estimated from glycated hemoglobin","Measurement",0,0,2422,1,NA,NA,1,"ZERO_EVENTS",1,5
3010963,"Hepatitis B virus e Ab [Units/volume] in Serum by Radioimmunoassay (RIA)","Measurement",0,0,2422,NA,NA,NA,NA,"SUPPRESSED_MINCELL",NA,5
3040139,"Yeast.hyphae [#/volume] in Urine by Computer assisted method","Measurement",0,0,2422,NA,NA,NA,NA,"SUPPRESSED_MINCELL",NA,5
1259742,"Aldosterone/Renin [Ratio] in Serum or Plasma","Measurement",0,0,2422,1,NA,NA,1,"ZERO_EVENTS",1,5
46236367,"Glucose [Moles/volume] in Serum, Plasma or Blood --2 hours post meal","Measurement",0,0,2422,1,NA,NA,1,"ZERO_EVENTS",1,5
1175715,"Chlamydophila pneumoniae IgM Ab [Presence] in Serum by Immunoassay","Measurement",0,0,2422,1,NA,NA,1,"ZERO_EVENTS",1,5
3042968,"Herpes simplex virus 1 and 2 IgM Ab [Interpretation] in Serum","Measurement",0,0,2422,1,NA,NA,1,"ZERO_EVENTS",1,5
3043387,"Monocytes/100 leukocytes in Pleural fluid","Measurement",0,0,2422,1,NA,NA,1,"ZERO_EVENTS",1,5
3009759,"Haptoglobin [Mass/volume] in Serum or Plasma by Electrophoresis","Measurement",0,0,2422,1,NA,NA,1,"ZERO_EVENTS",1,5
3009609,"Carbon dioxide, total [Moles/volume] in Arterial blood","Measurement",0,0,2422,1,NA,NA,1,"ZERO_EVENTS",1,5
3044169,"IgA Ab [Presence] in Serum or Plasma","Measurement",0,0,2422,1,NA,NA,1,"ZERO_EVENTS",1,5
1175686,"Chlamydophila pneumoniae IgG Ab [Presence] in Serum by Immunoassay","Measurement",0,0,2422,NA,NA,NA,NA,"SUPPRESSED_MINCELL",NA,5
3009577,"Iron binding capacity [Moles/volume] in Serum or Plasma","Measurement",0,0,2422,NA,NA,NA,NA,"SUPPRESSED_MINCELL",NA,5
3009105,"Erythrocytes [#/volume] in Urine by Test strip","Measurement",0,0,2422,NA,NA,NA,NA,"SUPPRESSED_MINCELL",NA,5
3001186,"Copper [Moles/volume] in Serum or Plasma","Measurement",0,0,2422,1,NA,NA,1,"ZERO_EVENTS",1,5
3046743,"Choriogonadotropin [Presence] in Control Serum","Measurement",0,0,2422,1,NA,NA,1,"ZERO_EVENTS",1,5
3048516,"Microalbumin/Protein.total in 24 hour Urine","Measurement",0,0,2422,1,NA,NA,1,"ZERO_EVENTS",1,5
3049408,"Hepatitis B virus surface Ag [Presence] in Serum from Donor by Immunoassay","Measurement",0,0,2422,1,NA,NA,1,"ZERO_EVENTS",1,5
44787068,"Myelocytes.neutrophilic/100 leukocytes in Blood by Manual count","Measurement",0,0,2422,1,NA,NA,1,"ZERO_EVENTS",1,5
3051714,"Fibrin D-dimer FEU [Mass/volume] in Platelet poor plasma","Measurement",0,0,2422,NA,NA,NA,NA,"SUPPRESSED_MINCELL",NA,5
44787071,"Metamyelocytes.neutrophilic/100 leukocytes in Blood by Manual count","Measurement",0,0,2422,1,NA,NA,1,"ZERO_EVENTS",1,5
3008893,"Testosterone [Mass/volume] in Serum or Plasma","Measurement",0,0,2422,1,NA,NA,1,"ZERO_EVENTS",1,5
3008877,"Alpha-1-acid glycoprotein [Mass/volume] in Serum or Plasma","Measurement",0,0,2422,1,NA,NA,1,"ZERO_EVENTS",1,5
3007210,"Streptococcus pyogenes enzyme Ab [Presence] in Serum by Sheep Cell Agglutination","Measurement",0,0,2422,1,NA,NA,1,"ZERO_EVENTS",1,5
3006588,"Cancer Ag 15-3 [Units/volume] in Serum or Plasma","Measurement",0,0,2422,1,NA,NA,1,"ZERO_EVENTS",1,5
3006576,"Bicarbonate [Moles/volume] in Blood","Measurement",0,0,2422,NA,NA,NA,NA,"SUPPRESSED_MINCELL",NA,5
3006453,"Hepatitis B virus surface Ab [Presence] in Serum by Immunoassay","Measurement",0,0,2422,1,NA,NA,1,"ZERO_EVENTS",1,5
3006308,"Cancer Ag 50 [Presence] in Serum or Plasma","Measurement",0,0,2422,1,NA,NA,1,"ZERO_EVENTS",1,5
3006297,"Platelets [#/volume] in Plasma","Measurement",0,0,2422,1,NA,NA,1,"ZERO_EVENTS",1,5
3005895,"Myoglobin [Mass/volume] in Serum or Plasma","Measurement",0,0,2422,1,NA,NA,1,"ZERO_EVENTS",1,5
3005411,"Squamous cell carcinoma Ag [Mass/volume] in Serum or Plasma","Measurement",0,0,2422,1,NA,NA,1,"ZERO_EVENTS",1,5
4263457,"Aspartate aminotransferase measurement","Measurement",0,0,2422,1,NA,NA,1,"ZERO_EVENTS",1,5
3005044,"Rubella virus IgG Ab [Interpretation] in Serum","Measurement",0,0,2422,NA,NA,NA,NA,"SUPPRESSED_MINCELL",NA,5
3004905,"Lipase [Enzymatic activity/volume] in Serum or Plasma","Measurement",0,0,2422,1,NA,NA,1,"ZERO_EVENTS",1,5
3004789,"Transferrin [Mass/volume] in Serum or Plasma","Measurement",0,0,2422,1,NA,NA,1,"ZERO_EVENTS",1,5
21491346,"Pathologic casts [#/volume] in Urine by Automated count","Measurement",0,0,2422,1,NA,NA,1,"ZERO_EVENTS",1,5
21491865,"Prolactin.dimeric/Prolactin in Serum or Plasma","Measurement",0,0,2422,1,NA,NA,1,"ZERO_EVENTS",1,5
21493866,"Erythrocytes [#/volume] in Peritoneal dialysis fluid by Automated count","Measurement",0,0,2422,1,NA,NA,1,"ZERO_EVENTS",1,5
36031203,"Mononuclear cells [#] in Blood product unit","Measurement",0,0,2422,1,NA,NA,1,"ZERO_EVENTS",1,5
36032009,"pH of Prostatic fluid","Measurement",0,0,2422,1,NA,NA,1,"ZERO_EVENTS",1,5
36203209,"Erythrocytes.EMA mean fluorescence intensity actual/normal in Blood by Flow cytometry (FC)","Measurement",0,0,2422,1,NA,NA,1,"ZERO_EVENTS",1,5
3004327,"Lymphocytes [#/volume] in Blood by Automated count","Measurement",0,0,2422,1,NA,NA,1,"ZERO_EVENTS",1,5
36305091,"Oxyhemoglobin [Mass/volume] in Plasma","Measurement",0,0,2422,1,NA,NA,1,"ZERO_EVENTS",1,5
3003745,"Microscopic observation [Identifier] in Urine by Gram stain","Measurement",0,0,2422,1,NA,NA,1,"ZERO_EVENTS",1,5
3003260,"Angiotensin II [Mass/volume] in Plasma","Measurement",0,0,2422,1,NA,NA,1,"ZERO_EVENTS",1,5
40758521,"Insulin [Moles/volume] in Serum or Plasma --1 minute post XXX challenge","Measurement",0,0,2422,1,NA,NA,1,"ZERO_EVENTS",1,5
3003185,"Cytomegalovirus IgG Ab [Units/volume] in Serum or Plasma by Immunofluorescence","Measurement",0,0,2422,1,NA,NA,1,"ZERO_EVENTS",1,5
40759718,"Epstein Barr virus early IgM Ab [Units/volume] in Serum by Immunoassay","Measurement",0,0,2422,NA,NA,NA,NA,"SUPPRESSED_MINCELL",NA,5
40760007,"HIV 1+2 Ab+HIV1 p24 Ag [Presence] in Serum or Plasma by Immunoassay","Measurement",0,0,2422,1,NA,NA,1,"ZERO_EVENTS",1,5
44816653,"Placental growth factor [Mass/volume] in Serum","Measurement",0,0,2422,1,NA,NA,1,"ZERO_EVENTS",1,5
40760528,"Thyrotropin receptor Ab [Units/volume] in Serum by Immunoassay","Measurement",0,0,2422,1,NA,NA,1,"ZERO_EVENTS",1,5
40760909,"Oxygen content in Blood by calculation","Measurement",0,0,2422,1,NA,NA,1,"ZERO_EVENTS",1,5
3000659,"Cytokeratin 19 [Mass/volume] in Serum or Plasma","Measurement",0,0,2422,1,NA,NA,1,"ZERO_EVENTS",1,5
40763081,"Lactate dehydrogenase [Enzymatic activity/volume] in Pleural fluid by Pyruvate to lactate reaction","Measurement",0,0,2422,1,NA,NA,1,"ZERO_EVENTS",1,5
3000067,"Parathyrin.intact [Mass/volume] in Serum or Plasma","Measurement",0,0,2422,1,NA,NA,1,"ZERO_EVENTS",1,5
3002971,"Nuclear Ab [Titer] in Serum by Immunofluorescence","Measurement",0,0,2422,NA,NA,NA,NA,"SUPPRESSED_MINCELL",NA,5
40768035,"Tr sup(a) Ab [Presence] in Serum or Plasma","Measurement",0,0,2422,1,NA,NA,1,"ZERO_EVENTS",1,5
46234928,"Hepatitis B virus e Ab [Presence] in Serum, Plasma or Blood by Rapid immunoassay","Measurement",0,0,2422,1,NA,NA,1,"ZERO_EVENTS",1,5
40769783,"Troponin T.cardiac [Mass/volume] in Serum or Plasma by High sensitivity method","Measurement",0,0,2422,NA,NA,NA,NA,"SUPPRESSED_MINCELL",NA,5
3000060,"B lymphocytes [#/volume] in Blood","Measurement",0,0,2422,1,NA,NA,1,"ZERO_EVENTS",1,5
42529190,"Alpha-1-Fetoprotein [Mass/volume] in Serum or Plasma by Immunoassay","Measurement",0,0,2422,1,NA,NA,1,"ZERO_EVENTS",1,5
42529194,"Beta-2-Microglobulin [Mass/volume] in Urine by Immunoassay","Measurement",0,0,2422,NA,NA,NA,NA,"SUPPRESSED_MINCELL",NA,5
3002736,"Platelet distribution width [Entitic volume] in Blood by Automated count","Measurement",0,0,2422,1,NA,NA,1,"ZERO_EVENTS",1,5
42529205,"Cortisol [Mass/volume] in Serum or Plasma by Immunoassay","Measurement",0,0,2422,1,NA,NA,1,"ZERO_EVENTS",1,5
3002032,"Base excess in Venous blood by calculation","Measurement",0,0,2422,1,NA,NA,1,"ZERO_EVENTS",1,5
3023608,"Herpes simplex virus 2 IgM Ab [Titer] in Serum","Measurement",0,0,2422,1,NA,NA,1,"ZERO_EVENTS",1,5
3023314,"Hematocrit [Volume Fraction] of Blood by Automated count","Measurement",0,0,2422,1,NA,NA,1,"ZERO_EVENTS",1,5
3022976,"Prolactin [Units/volume] in Serum or Plasma by 3rd IS","Measurement",0,0,2422,1,NA,NA,1,"ZERO_EVENTS",1,5
3022533,"CD3 cells/100 cells in Blood","Measurement",0,0,2422,1,NA,NA,1,"ZERO_EVENTS",1,5
3022466,"Insulin [Mass/volume] in Serum or Plasma","Measurement",0,0,2422,1,NA,NA,1,"ZERO_EVENTS",1,5
3024731,"MCV [Entitic volume]","Measurement",0,0,2422,1,NA,NA,1,"ZERO_EVENTS",1,5
3025271,"CD3-CD16+CD56+ (Natural killer) cells [#/volume] in Blood","Measurement",0,0,2422,1,NA,NA,1,"ZERO_EVENTS",1,5
3025285,"Estradiol (E2) [Mass/volume] in Serum or Plasma","Measurement",0,0,2422,1,NA,NA,1,"ZERO_EVENTS",1,5
3025678,"Hemoglobin H [Presence] in Blood by Heat denaturation","Measurement",0,0,2422,1,NA,NA,1,"ZERO_EVENTS",1,5
3021797,"Glucose-6-Phosphate dehydrogenase [Enzymatic activity/volume] in Serum","Measurement",0,0,2422,NA,NA,NA,NA,"SUPPRESSED_MINCELL",NA,5
3025887,"Neutrophils.hypersegmented/100 leukocytes in Blood by Manual count","Measurement",0,0,2422,1,NA,NA,1,"ZERO_EVENTS",1,5
3021614,"Rheumatoid factor [Units/volume] in Serum or Plasma","Measurement",0,0,2422,1,NA,NA,1,"ZERO_EVENTS",1,5
3026692,"Albumin [Mass/volume] in Peritoneal fluid","Measurement",0,0,2422,1,NA,NA,1,"ZERO_EVENTS",1,5
3021329,"Hemoglobin F [Presence] in Specimen","Measurement",0,0,2422,1,NA,NA,1,"ZERO_EVENTS",1,5
3021200,"Thyroglobulin Ab [Units/volume] in Serum by Radioimmunoassay (RIA)","Measurement",0,0,2422,1,NA,NA,1,"ZERO_EVENTS",1,5
3021082,"Mycoplasma pneumoniae IgM Ab [Presence] in Serum","Measurement",0,0,2422,1,NA,NA,1,"ZERO_EVENTS",1,5
42529231,"Thyroxine (T4) [Moles/volume] in Serum or Plasma by Immunoassay","Measurement",0,0,2422,1,NA,NA,1,"ZERO_EVENTS",1,5
3027206,"Corticotropin [Mass/volume] in Plasma by Radioimmunoassay (RIA)","Measurement",0,0,2422,1,NA,NA,1,"ZERO_EVENTS",1,5
3027215,"Base excess standard in Venous blood by calculation","Measurement",0,0,2422,1,NA,NA,1,"ZERO_EVENTS",1,5
3019930,"Urea nitrogen [Mass/volume] in Body fluid","Measurement",0,0,2422,1,NA,NA,1,"ZERO_EVENTS",1,5
3027801,"Oxygen [Partial pressure] in Arterial blood","Measurement",0,0,2422,1,NA,NA,1,"ZERO_EVENTS",1,5
3019897,"Erythrocyte distribution width [Ratio] by Automated count","Measurement",0,0,2422,1,NA,NA,1,"ZERO_EVENTS",1,5
3019446,"Platelet mean diameter [Entitic length] in Blood","Measurement",0,0,2422,1,NA,NA,1,"ZERO_EVENTS",1,5
3028167,"CD3+CD4+ (T4 helper) cells [#/volume] in Blood","Measurement",0,0,2422,1,NA,NA,1,"ZERO_EVENTS",1,5
3019231,"Epstein Barr virus capsid IgG Ab [Presence] in Serum by Immunoassay","Measurement",0,0,2422,1,NA,NA,1,"ZERO_EVENTS",1,5
3018387,"Mycoplasma pneumoniae IgG Ab [Units/volume] in Serum","Measurement",0,0,2422,1,NA,NA,1,"ZERO_EVENTS",1,5
3018171,"Choriogonadotropin [Units/volume] in Serum or Plasma","Measurement",0,0,2422,1,NA,NA,1,"ZERO_EVENTS",1,5
3028531,"Enolase.neuron specific [Mass/volume] in Serum or Plasma","Measurement",0,0,2422,1,NA,NA,1,"ZERO_EVENTS",1,5
