"outcome_concept_id","outcome_name","outcome_domain","post_events","pre_events","n_exposures","irr","ci95l","ci95u","p","reason_code","p_adj","min_cell_count"
4281232,"Type B viral hepatitis","Condition",1632,634,2422,2.4910959601099,2.27136581140993,2.73470069142885,6.91400471494238e-94,"OK",1.15463878739538e-91,5
194574,"Chronic type B viral hepatitis","Condition",1415,558,2422,2.45404092958724,2.22342280829864,2.7115093938725,1.44827928977338e-79,"OK",1.61241760928103e-77,5
4173584,"Chronic active type B viral hepatitis","Condition",1336,431,2422,2.99977546590824,2.68911206355004,3.351599780121,3.05909624158395e-101,"OK",1.02173814468904e-98,5
4064161,"Cirrhosis of liver","Condition",571,283,2422,1.95258178502223,1.69032128911221,2.25963077847776,3.12573131366448e-21,"OK",2.08798851752787e-19,5
4318541,"Cholestatic hepatitis","Condition",269,83,2422,3.13641663427905,2.44361140680827,4.06169622168548,8.88565573485824e-23,"OK",7.41952253860663e-21,5
4296301,"Hepatic congestion","Condition",212,95,2422,2.15959252971138,1.68763951731082,2.78073119003705,1.05824557743855e-10,"OK",5.89090038107462e-09,5
45772057,"Cirrhosis of liver due to hepatitis B","Condition",169,100,2422,1.63548387096774,1.26971773564595,2.1158466793511,8.87802454439699e-05,"OK",0.00397453420204144,5
443392,"Malignant neoplastic disease","Condition",159,170,2422,0.905123339658444,0.724493686887786,1.13030175289361,0.377937055288653,"OK",1,5
4246127,"Malignant neoplasm of liver","Condition",158,165,2422,0.926686217008798,0.740296268147602,1.1596759975353,0.504645075250155,"OK",1,5
201519,"Primary malignant neoplasm of liver","Condition",110,126,2422,0.844854070660522,0.648177243170015,1.09984274133455,0.216030838959853,"OK",1,5
37116804,"Improved dentition","Condition",92,143,2422,0.622603203248365,0.473816045794838,0.814699843025287,0.000404276353197189,"OK",0.0150031446630957,5
4001171,"Liver cell carcinoma","Condition",52,70,2422,0.71889400921659,0.492257696071821,1.04403992914018,0.084938233538483,"OK",1,5
3964927,"Monocytes/100 leukocytes in Blood by Flow cytometry (FC)","Measurement",33,12,2422,2.66129032258065,1.33944494795841,5.65877951047033,0.00260476275998916,"OK",0.0869990761836379,5
3006923,"Alanine aminotransferase [Enzymatic activity/volume] in Serum or Plasma","Measurement",32,19,2422,1.62988115449915,0.896175549625535,3.04341693797953,0.0941352012116483,"OK",1,5
3013721,"Aspartate aminotransferase [Enzymatic activity/volume] in Serum or Plasma","Measurement",32,21,2422,1.47465437788018,0.82451565411635,2.69079033788617,0.172010200963138,"OK",1,5
3024386,"Platelet mean volume [Entitic volume] in Blood by Rees-Ecker","Measurement",30,28,2422,1.036866359447,0.598623830300515,1.80110188422712,0.896493166114017,"OK",1,5
3010866,"Cholinesterase [Enzymatic activity/volume] in Serum or Plasma","Measurement",29,23,2422,1.22019635343619,0.681655755522207,2.20835203173141,0.491500328225569,"OK",1,5
3039417,"Platelet distribution width [Ratio] in Blood","Measurement",28,23,2422,1.1781206171108,0.654404341735047,2.1412191128686,0.578472086403516,"OK",1,5
4225273,"Chronic gastritis","Condition",28,43,2422,0.630157539384846,0.376993352129472,1.03788266036003,0.0580301563469752,"OK",1,5
196951,"Chronic congestive splenomegaly","Condition",28,64,2422,0.423387096774194,0.261405870795635,0.669814907772078,9.51984240009926e-05,"OK",0.00397453420204144,5
45771255,"Compensated liver disease","Condition",27,40,2422,0.653225806451613,0.385504617204263,1.09110234312197,0.0883232529035833,"OK",1,5
3020630,"Protein [Mass/volume] in Serum or Plasma","Measurement",25,14,2422,1.72811059907834,0.864391693809319,3.59627796944162,0.109972016939172,"OK",1,5
3001604,"Monocytes [#/volume] in Blood","Measurement",25,14,2422,1.72811059907834,0.864391693809319,3.59627796944162,0.109972016939172,"OK",1,5
3052649,"Adenosine deaminase [Enzymatic activity/volume] in Serum or Plasma","Measurement",23,16,2422,1.39112903225806,0.703656530024219,2.81741187453819,0.339323329974281,"OK",1,5
3039312,"Plateletcrit [Volume Fraction] in Blood","Measurement",23,10,2422,2.2258064516129,1.01895624292679,5.23905016110032,0.0358821864172985,"OK",0.998720855281474,5
3020416,"Erythrocytes [#/volume] in Blood by Automated count","Measurement",22,18,2422,1.18279569892473,0.605583744078338,2.33977846084075,0.637652701612184,"OK",1,5
46236949,"Alanine aminotransferase [Enzymatic activity/volume] in Serum, Plasma or Blood","Measurement",22,14,2422,1.52073732718894,0.743979079905097,3.21393436370207,0.245268533505209,"OK",1,5
3007242,"Bilirubin.indirect [Moles/volume] in Serum or Plasma","Measurement",22,12,2422,1.7741935483871,0.840737390851551,3.9332433883571,0.123147301392515,"OK",1,5
3010568,"Globulin [Mass/volume] in Plasma","Measurement",21,22,2422,0.92375366568915,0.483257239777716,1.76100680557592,0.879119325455051,"OK",1,5
3002590,"Prealbumin [Mass/volume] in Serum or Plasma by Electrophoresis","Measurement",21,16,2422,1.27016129032258,0.631525989085596,2.6035333395402,0.513486391583533,"OK",1,5
3009744,"MCHC [Mass/volume] by Automated count","Measurement",21,19,2422,1.06960950764007,0.547385413630218,2.10328762917881,0.875301449559223,"OK",1,5
3001127,"Alpha 1 antitrypsin [Mass/volume] in Serum or Plasma by Nephelometry","Measurement",20,12,2422,1.61290322580645,0.750923538292846,3.61870585703626,0.217303254973065,"OK",1,5
3016682,"Platelets [#/volume] in Plasma by Automated count","Measurement",20,9,2422,2.1505376344086,0.936050066655008,5.36374412140331,0.0624314040247788,"OK",1,5
3043688,"Hemoglobin [Mass/volume] in Body fluid","Measurement",19,22,2422,0.835777126099707,0.427823858226741,1.61808571874096,0.640314312931526,"OK",1,5
3028110,"Bile acid [Moles/volume] in Serum or Plasma","Measurement",19,17,2422,1.08159392789374,0.532316398383847,2.21509003853001,0.868576774387707,"OK",1,5
46235078,"Potassium [Moles/volume] in Serum, Plasma or Blood","Measurement",19,12,2422,1.53225806451613,0.706174394283886,3.46129107937638,0.283052457891718,"OK",1,5
3017732,"Neutrophils [#/volume] in Blood","Measurement",19,15,2422,1.2258064516129,0.590261517458868,2.59209340120654,0.609242980769963,"OK",1,5
3018010,"Neutrophils/100 leukocytes in Blood","Measurement",18,14,2422,1.24423963133641,0.584683284043353,2.70297882103032,0.598204903544741,"OK",1,5
3003805,"Alpha fucosidase [Enzymatic activity/volume] in Serum or Plasma","Measurement",18,17,2422,1.0246679316888,0.498292529220232,2.11592289122484,1,"OK",1,5
3002888,"Erythrocyte distribution width [Entitic volume]","Measurement",18,13,2422,1.33995037220844,0.620697268212258,2.97456659849625,0.474985084110539,"OK",1,5
3020509,"Albumin/Globulin [Mass Ratio] in Serum or Plasma","Measurement",17,17,2422,0.967741935483871,0.464399437625512,2.01663563264104,1,"OK",1,5
3028638,"Bilirubin.direct [Moles/volume] in Serum or Plasma","Measurement",16,17,2422,0.910815939278937,0.430655196200499,1.91721220098847,0.862531911646525,"OK",1,5
3000905,"Leukocytes [#/volume] in Blood by Automated count","Measurement",16,12,2422,1.29032258064516,0.572742178591297,2.98829748613907,0.573047826652844,"OK",1,5
40766836,"Hemoglobins that can be presumptively identified based on available controls in DBS","Measurement",16,9,2422,1.72043010752688,0.715891721103527,4.41707364461038,0.231092561531157,"OK",1,5
3026710,"Lymphocytes [#/volume] in Blood by Flow cytometry (FC)","Measurement",16,17,2422,0.910815939278937,0.430655196200499,1.91721220098847,0.862531911646525,"OK",1,5
3010457,"Eosinophils/100 leukocytes in Blood by Automated count","Measurement",16,9,2422,1.72043010752688,0.715891721103527,4.41707364461038,0.231092561531157,"OK",1,5
3024128,"Bilirubin.total [Mass/volume] in Serum or Plasma","Measurement",15,9,2422,1.61290322580645,0.661278777841235,4.18001518905487,0.30902559198459,"OK",1,5
3009542,"Hematocrit [Volume Fraction] of Blood","Measurement",15,12,2422,1.20967741935484,0.528606311908883,2.83032112562989,0.702150590498806,"OK",1,5
3032567,"Hepatitis B virus DNA [Units/volume] (viral load) in Serum or Plasma by NAA with probe detection","Measurement",14,17,2422,0.79696394686907,0.363704564545149,1.71787632953882,0.592054933629599,"OK",1,5
3037511,"Lymphocytes/100 leukocytes in Blood by Automated count","Measurement",14,17,2422,0.79696394686907,0.363704564545149,1.71787632953882,0.592054933629599,"OK",1,5
46236948,"Glucose [Moles/volume] in Serum, Plasma or Blood","Measurement",14,13,2422,1.04218362282878,0.454355086926768,2.40803276561682,1,"OK",1,5
3023599,"MCV [Entitic volume] by Automated count","Measurement",14,6,2422,2.25806451612903,0.815163780185447,7.16922093689074,0.116291699308797,"OK",1,5
3022096,"Basophils/100 leukocytes in Blood","Measurement",13,9,2422,1.39784946236559,0.552781775289776,3.70523764721909,0.52470860918465,"OK",1,5
3035995,"Alkaline phosphatase [Enzymatic activity/volume] in Serum or Plasma","Measurement",13,15,2422,0.838709677419355,0.367274430387178,1.88949035043011,0.707524313608503,"OK",1,5
3025839,"Triglyceride [Moles/volume] in Serum or Plasma","Measurement",13,15,2422,0.838709677419355,0.367274430387178,1.88949035043011,0.707524313608503,"OK",1,5
3052964,"Fibrinogen [Mass/volume] in Platelet poor plasma by Coagulation.derived","Measurement",13,6,2422,2.09677419354839,0.74355647427731,6.72736813426227,0.168152885504299,"OK",1,5
3005029,"Protein [Mass/volume] in Body fluid","Measurement",13,9,2422,1.39784946236559,0.552781775289776,3.70523764721909,0.52470860918465,"OK",1,5
3007070,"Cholesterol in HDL [Mass/volume] in Serum or Plasma","Measurement",12,10,2422,1.16129032258065,0.459826618778511,3.0006601425572,0.832308434083674,"OK",1,5
3028465,"Gamma glutamyl transferase [Enzymatic activity/volume] in Body fluid","Measurement",12,5,2422,2.32258064516129,0.761657316941435,8.41546559872284,0.144376439844984,"OK",1,5
3009596,"Cholesterol in VLDL [Mass/volume] in Serum or Plasma by calculation","Measurement",11,11,2422,0.967741935483871,0.380483364152217,2.46140709931118,1,"OK",1,5
3028437,"Cholesterol in LDL [Mass/volume] in Serum or Plasma","Measurement",11,19,2422,0.560271646859083,0.240875866001004,1.23889402917208,0.144532973410198,"OK",1,5
3024561,"Albumin [Mass/volume] in Serum or Plasma","Measurement",11,15,2422,0.709677419354839,0.294840831641698,1.65358353436329,0.436084279090776,"OK",1,5
37172783,"Alpha-fetoprotein mass concentration in plasma","Measurement",11,13,2422,0.818858560794045,0.332165647170062,1.98082029423609,0.686092675970289,"OK",1,5
46235079,"Carbon dioxide, total [Moles/volume] in Serum, Plasma or Blood","Measurement",11,11,2422,0.967741935483871,0.380483364152217,2.46140709931118,1,"OK",1,5
3028286,"Albumin [Mass/volume] in Serum or Plasma by Electrophoresis","Measurement",10,11,2422,0.879765395894428,0.334966144676263,2.28182056427772,0.829513574651736,"OK",1,5
3026910,"Gamma glutamyl transferase [Enzymatic activity/volume] in Serum or Plasma","Measurement",9,11,2422,0.791788856304985,0.290009734800599,2.10174444516343,0.659201738576741,"OK",1,5
3002656,"Lipoproteins [Mass/volume] in Serum or Plasma","Measurement",9,11,2422,0.791788856304985,0.290009734800599,2.10174444516343,0.659201738576741,"OK",1,5
3034426,"Prothrombin time (PT)","Measurement",0,0,2422,NA,NA,NA,NA,"SUPPRESSED_MINCELL",NA,5
46235784,"Sodium [Moles/volume] in Serum, Plasma or Blood","Measurement",9,10,2422,0.870967741935484,0.31314425322651,2.38498480407302,0.821347161394526,"OK",1,5
3006742,"Cancer Ag 15-3 [Presence] in Serum or Plasma","Measurement",9,8,2422,1.08870967741935,0.372840511650814,3.24289471065986,1,"OK",1,5
3010748,"Hematocrit/Hemoglobin [Ratio] of Blood by Automated count","Measurement",9,9,2422,0.967741935483871,0.340354329728508,2.7516161009061,1,"OK",1,5
3009932,"Eosinophils [#/volume] in Blood by Manual count","Measurement",8,12,2422,0.645161290322581,0.228759106963384,1.71638462695889,0.376673280697487,"OK",1,5
3014576,"Chloride [Moles/volume] in Serum or Plasma","Measurement",8,8,2422,0.967741935483871,0.316604344727382,2.95802780123084,1,"OK",1,5
3030366,"Cystatin C [Mass/volume] in Serum or Plasma","Measurement",7,7,2422,0.967741935483871,0.289654530784451,3.23324634749453,1,"OK",1,5
3032080,"INR in Blood by Coagulation assay","Measurement",0,0,2422,NA,NA,NA,NA,"SUPPRESSED_MINCELL",NA,5
3031305,"aPTT panel - Platelet poor plasma","Measurement",0,0,2422,NA,NA,NA,NA,"SUPPRESSED_MINCELL",NA,5
3010156,"C reactive protein [Mass/volume] in Serum or Plasma by High sensitivity method","Measurement",0,0,2422,NA,NA,NA,NA,"SUPPRESSED_MINCELL",NA,5
3016723,"Creatinine [Mass/volume] in Serum or Plasma","Measurement",6,8,2422,0.725806451612903,0.207573791640574,2.38537800917289,0.601878907410277,"OK",1,5
3005353,"Prothrombin activity actual/normal in Platelet poor plasma by Coagulation assay","Measurement",0,0,2422,NA,NA,NA,NA,"SUPPRESSED_MINCELL",NA,5
3027114,"Cholesterol [Mass/volume] in Serum or Plasma","Measurement",6,12,2422,0.483870967741935,0.149004587868674,1.39303472661968,0.161078260378265,"OK",1,5
43534077,"Urea [Moles/volume] in Blood","Measurement",6,11,2422,0.527859237536657,0.160290581534847,1.55712940077325,0.231167915098943,"OK",1,5
3005162,"Calcium [Moles/volume] in Blood","Measurement",0,0,2422,NA,NA,NA,NA,"SUPPRESSED_MINCELL",NA,5
3016070,"Creatine kinase.MB [Enzymatic activity/volume] in Serum or Plasma by Electrophoresis","Measurement",5,7,2422,0.691244239631336,0.172995353500032,2.53008231330575,0.57529484383648,"OK",1,5
3019900,"Cholesterol [Moles/volume] in Serum or Plasma","Measurement",0,0,2422,NA,NA,NA,NA,"SUPPRESSED_MINCELL",NA,5
3031767,"Vascular endothelial growth factor [Mass/volume] in Serum or Plasma","Measurement",0,0,2422,NA,NA,NA,NA,"SUPPRESSED_MINCELL",NA,5
42869583,"Hematocrit [Pure volume fraction] of Body fluid","Measurement",0,0,2422,NA,NA,NA,NA,"SUPPRESSED_MINCELL",NA,5
3010813,"Leukocytes [#/volume] in Blood","Measurement",0,0,2422,NA,NA,NA,NA,"SUPPRESSED_MINCELL",NA,5
3029879,"Epithelial cells.squamous [#/volume] in Urine by Automated count","Measurement",0,0,2422,NA,NA,NA,NA,"SUPPRESSED_MINCELL",NA,5
3012898,"Urea [Moles/volume] in Urine","Measurement",0,0,2422,NA,NA,NA,NA,"SUPPRESSED_MINCELL",NA,5
3014791,"Apolipoprotein B [Mass/volume] in Serum or Plasma","Measurement",0,0,2422,NA,NA,NA,NA,"SUPPRESSED_MINCELL",NA,5
3015377,"Calcium [Moles/volume] in Serum or Plasma","Measurement",0,0,2422,NA,NA,NA,NA,"SUPPRESSED_MINCELL",NA,5
3017250,"Creatinine [Mass/volume] in Urine","Measurement",0,0,2422,NA,NA,NA,NA,"SUPPRESSED_MINCELL",NA,5
3008342,"Neutrophils/100 leukocytes in Blood by Automated count","Measurement",0,0,2422,NA,NA,NA,NA,"SUPPRESSED_MINCELL",NA,5
3018677,"aPTT in Platelet poor plasma by Coagulation assay","Measurement",0,0,2422,NA,NA,NA,NA,"SUPPRESSED_MINCELL",NA,5
3019284,"Hepatitis B virus surface Ag [Presence] in Serum","Measurement",0,0,2422,NA,NA,NA,NA,"SUPPRESSED_MINCELL",NA,5
3003785,"Carcinoembryonic Ag [Mass/volume] in Serum or Plasma","Measurement",0,0,2422,NA,NA,NA,NA,"SUPPRESSED_MINCELL",NA,5
3022893,"Aspartate aminotransferase/Alanine aminotransferase [Enzymatic activity ratio] in Serum or Plasma","Measurement",0,0,2422,NA,NA,NA,NA,"SUPPRESSED_MINCELL",NA,5
3008143,"IgG [Presence] in Serum","Measurement",0,0,2422,NA,NA,NA,NA,"SUPPRESSED_MINCELL",NA,5
3016436,"Lactate dehydrogenase [Enzymatic activity/volume] in Serum or Plasma","Measurement",0,0,2422,NA,NA,NA,NA,"SUPPRESSED_MINCELL",NA,5
3024552,"Cancer Ag 19-9 [Presence] in Serum or Plasma","Measurement",0,0,2422,NA,NA,NA,NA,"SUPPRESSED_MINCELL",NA,5
3012095,"Magnesium [Moles/volume] in Serum or Plasma","Measurement",0,0,2422,NA,NA,NA,NA,"SUPPRESSED_MINCELL",NA,5
46234929,"Hepatitis B virus e Ag [Presence] in Serum, Plasma or Blood by Rapid immunoassay","Measurement",0,0,2422,NA,NA,NA,NA,"SUPPRESSED_MINCELL",NA,5
3011724,"Hepatitis B virus e Ag [Presence] in Serum by Radioimmunoassay (RIA)","Measurement",0,0,2422,NA,NA,NA,NA,"SUPPRESSED_MINCELL",NA,5
3015736,"pH of Urine","Measurement",0,0,2422,NA,NA,NA,NA,"SUPPRESSED_MINCELL",NA,5
3046044,"N-acetyl-beta-glucosaminidase [Enzymatic activity/volume] in Urine","Measurement",0,0,2422,NA,NA,NA,NA,"SUPPRESSED_MINCELL",NA,5
42529199,"Cancer Ag 125 [Units/volume] in Serum or Plasma by Immunoassay","Measurement",0,0,2422,NA,NA,NA,NA,"SUPPRESSED_MINCELL",NA,5
3052318,"Alpha-1-Microglobulin [Mass/volume] in Urine","Measurement",0,0,2422,NA,NA,NA,NA,"SUPPRESSED_MINCELL",NA,5
3018095,"Leukocytes [#/volume] in Urine","Measurement",0,0,2422,NA,NA,NA,NA,"SUPPRESSED_MINCELL",NA,5
3016407,"Fibrinogen [Mass/volume] in Platelet poor plasma by Coagulation assay","Measurement",0,0,2422,NA,NA,NA,NA,"SUPPRESSED_MINCELL",NA,5
3036887,"Ammonia [Mass/volume] in Plasma","Measurement",0,0,2422,NA,NA,NA,NA,"SUPPRESSED_MINCELL",NA,5
3027651,"Basophils [#/volume] in Blood by Manual count","Measurement",0,0,2422,NA,NA,NA,NA,"SUPPRESSED_MINCELL",NA,5
3966438,"CE Ab [Presence] in Serum or Plasma","Measurement",0,0,2422,NA,NA,NA,NA,"SUPPRESSED_MINCELL",NA,5
3022177,"Hepatitis B virus core Ab [Units/volume] in Serum by Radioimmunoassay (RIA)","Measurement",0,0,2422,NA,NA,NA,NA,"SUPPRESSED_MINCELL",NA,5
3008364,"Apolipoprotein A-I [Mass/volume] in Serum or Plasma","Measurement",0,0,2422,NA,NA,NA,NA,"SUPPRESSED_MINCELL",NA,5
42869547,"Procollagen type III.N-terminal propeptide [Mass/volume] in Serum","Measurement",0,0,2422,NA,NA,NA,NA,"SUPPRESSED_MINCELL",NA,5
3009201,"Thyrotropin [Units/volume] in Serum or Plasma","Measurement",0,0,2422,NA,NA,NA,NA,"SUPPRESSED_MINCELL",NA,5
3045975,"IgA [Presence] in Serum","Measurement",0,0,2422,NA,NA,NA,NA,"SUPPRESSED_MINCELL",NA,5
3018853,"Superoxide dismutase [Enzymatic activity/volume] in Plasma","Measurement",0,0,2422,NA,NA,NA,NA,"SUPPRESSED_MINCELL",NA,5
3001019,"Free T4 and TSH panel - Serum or Plasma","Measurement",0,0,2422,NA,NA,NA,NA,"SUPPRESSED_MINCELL",NA,5
36304079,"Mucus [Presence] in Urine sediment","Measurement",0,0,2422,NA,NA,NA,NA,"SUPPRESSED_MINCELL",NA,5
3023202,"Hepatitis B virus e Ab [Units/volume] in Serum by Immunoassay","Measurement",0,0,2422,NA,NA,NA,NA,"SUPPRESSED_MINCELL",NA,5
3039902,"Granular casts [#/volume] in Urine by Computer assisted method","Measurement",0,0,2422,NA,NA,NA,NA,"SUPPRESSED_MINCELL",NA,5
3029707,"Crystals [#/volume] in Urine by Automated count","Measurement",0,0,2422,NA,NA,NA,NA,"SUPPRESSED_MINCELL",NA,5
3004391,"Epithelial cells [#/volume] in Urine by Manual count","Measurement",0,0,2422,NA,NA,NA,NA,"SUPPRESSED_MINCELL",NA,5
3030981,"Hyaline casts [#/volume] in Urine by Automated count","Measurement",0,0,2422,NA,NA,NA,NA,"SUPPRESSED_MINCELL",NA,5
43534062,"3-epi-25-Hydroxyvitamin D3/25-hydroxyvitamin D.total in Serum or Plasma","Measurement",0,0,2422,NA,NA,NA,NA,"SUPPRESSED_MINCELL",NA,5
3029991,"Specific gravity of Urine by Refractometry automated","Measurement",0,0,2422,NA,NA,NA,NA,"SUPPRESSED_MINCELL",NA,5
3029794,"Leukocyte clumps [#/volume] in Urine by Automated count","Measurement",0,0,2422,NA,NA,NA,NA,"SUPPRESSED_MINCELL",NA,5
1988277,"Alpha-1-Fetoprotein L3 [Mass/volume] in Serum or Plasma by Immunoassay","Measurement",0,0,2422,NA,NA,NA,NA,"SUPPRESSED_MINCELL",NA,5
3029790,"Creatine kinase.MB [Enzymatic activity/volume] in Serum or Plasma","Measurement",0,0,2422,NA,NA,NA,NA,"SUPPRESSED_MINCELL",NA,5
3023323,"Follitropin [Units/volume] in Serum or Plasma","Measurement",0,0,2422,NA,NA,NA,NA,"SUPPRESSED_MINCELL",NA,5
3005673,"Hemoglobin A1c/Hemoglobin.total in Blood by HPLC","Measurement",0,0,2422,NA,NA,NA,NA,"SUPPRESSED_MINCELL",NA,5
3002532,"Iron binding capacity.unsaturated [Moles/volume] in Serum or Plasma","Measurement",0,0,2422,NA,NA,NA,NA,"SUPPRESSED_MINCELL",NA,5
3027828,"Triiodothyronine (T3).reverse [Moles/volume] in Serum or Plasma","Measurement",0,0,2422,NA,NA,NA,NA,"SUPPRESSED_MINCELL",NA,5
3050146,"Prolactin [Mass/volume] in Serum or Plasma by 3rd IS","Measurement",0,0,2422,NA,NA,NA,NA,"SUPPRESSED_MINCELL",NA,5
3008304,"Triiodothyronine (T3) [Moles/volume] in Serum or Plasma","Measurement",0,0,2422,NA,NA,NA,NA,"SUPPRESSED_MINCELL",NA,5
3044042,"Cancer Ag 50 [Units/volume] in Serum or Plasma","Measurement",0,0,2422,NA,NA,NA,NA,"SUPPRESSED_MINCELL",NA,5
3007220,"Creatine kinase [Enzymatic activity/volume] in Serum or Plasma","Measurement",0,0,2422,NA,NA,NA,NA,"SUPPRESSED_MINCELL",NA,5
3018133,"Calcium [Moles/volume] in Urine","Measurement",0,0,2422,NA,NA,NA,NA,"SUPPRESSED_MINCELL",NA,5
3040659,"Glucose [Moles/volume] in Serum or Plasma --1 hour post meal","Measurement",0,0,2422,NA,NA,NA,NA,"SUPPRESSED_MINCELL",NA,5
3040208,"Hepatitis E virus IgM Ab [Units/volume] in Serum","Measurement",0,0,2422,NA,NA,NA,NA,"SUPPRESSED_MINCELL",NA,5
3008486,"Thyroxine (T4) free [Moles/volume] in Serum or Plasma","Measurement",0,0,2422,NA,NA,NA,NA,"SUPPRESSED_MINCELL",NA,5
3027144,"Progesterone [Mass/volume] in Serum or Plasma","Measurement",0,0,2422,NA,NA,NA,NA,"SUPPRESSED_MINCELL",NA,5
3003470,"Hepatitis C virus Ab [Units/volume] in Serum by Immunoassay","Measurement",0,0,2422,NA,NA,NA,NA,"SUPPRESSED_MINCELL",NA,5
3019209,"Epstein Barr virus capsid IgM Ab [Presence] in Serum by Immunoassay","Measurement",0,0,2422,NA,NA,NA,NA,"SUPPRESSED_MINCELL",NA,5
3015759,"IgM [Presence] in Serum","Measurement",0,0,2422,NA,NA,NA,NA,"SUPPRESSED_MINCELL",NA,5
3026076,"Alpha hydroxybutyrate dehydrogenase [Enzymatic activity/volume] in Serum or Plasma","Measurement",0,0,2422,NA,NA,NA,NA,"SUPPRESSED_MINCELL",NA,5
3009214,"Lutropin [Units/volume] in Serum or Plasma","Measurement",0,0,2422,NA,NA,NA,NA,"SUPPRESSED_MINCELL",NA,5
40762352,"Hemoglobin A1c/Hemoglobin.total in Blood by IFCC protocol","Measurement",0,0,2422,NA,NA,NA,NA,"SUPPRESSED_MINCELL",NA,5
3015242,"Ferritin [Mass/volume] in Serum or Plasma by Immunoassay","Measurement",0,0,2422,NA,NA,NA,NA,"SUPPRESSED_MINCELL",NA,5
3034639,"Hemoglobin A1c [Mass/volume] in Blood","Measurement",0,0,2422,NA,NA,NA,NA,"SUPPRESSED_MINCELL",NA,5
3002827,"Microalbumin/Creatinine [Mass Ratio] in 24 hour Urine","Measurement",0,0,2422,NA,NA,NA,NA,"SUPPRESSED_MINCELL",NA,5
3012413,"Glucose [Moles/volume] in Serum or Plasma --2 hours post meal","Measurement",0,0,2422,NA,NA,NA,NA,"SUPPRESSED_MINCELL",NA,5
1988100,"Leukocytes [#/volume] in Peritoneal dialysis fluid by Automated count","Measurement",0,0,2422,NA,NA,NA,NA,"SUPPRESSED_MINCELL",NA,5
3030929,"Transferrin.carbohydrate deficient.XXX/Transferrin.total in Serum or Plasma","Measurement",0,0,2422,NA,NA,NA,NA,"SUPPRESSED_MINCELL",NA,5
42529230,"Thyroxine (T4) [Mass/volume] in Serum or Plasma by Immunoassay","Measurement",0,0,2422,NA,NA,NA,NA,"SUPPRESSED_MINCELL",NA,5
3005996,"Glucose [Mass/volume] in Serum or Plasma --3 hours post 1.2 g/kg lactose PO","Measurement",0,0,2422,NA,NA,NA,NA,"SUPPRESSED_MINCELL",NA,5
3009931,"Hyaluronate [Mass/volume] in Serum or Plasma","Measurement",0,0,2422,NA,NA,NA,NA,"SUPPRESSED_MINCELL",NA,5
3022764,"Mononuclear cells/100 leukocytes in Peritoneal fluid","Measurement",0,0,2422,NA,NA,NA,NA,"SUPPRESSED_MINCELL",NA,5
42868533,"Mononuclear cells [#/volume] in Peritoneal fluid by Automated count","Measurement",0,0,2422,NA,NA,NA,NA,"SUPPRESSED_MINCELL",NA,5
42869548,"Treponema pallidum Ab [Titer] in Serum or Plasma by Agglutination","Measurement",0,0,2422,NA,NA,NA,NA,"SUPPRESSED_MINCELL",NA,5
3010340,"Triiodothyronine (T3) [Mass/volume] in Serum or Plasma","Measurement",0,0,2422,NA,NA,NA,NA,"SUPPRESSED_MINCELL",NA,5
43055483,"Glucose in serum - glucose in peritoneal fluid [Molar concentration difference]","Measurement",0,0,2422,NA,NA,NA,NA,"SUPPRESSED_MINCELL",NA,5
3022948,"Iron [Moles/volume] in Serum or Plasma","Measurement",0,0,2422,NA,NA,NA,NA,"SUPPRESSED_MINCELL",NA,5
44787068,"Myelocytes.neutrophilic/100 leukocytes in Blood by Manual count","Measurement",0,0,2422,1,NA,NA,1,"ZERO_EVENTS",1,5
44787071,"Metamyelocytes.neutrophilic/100 leukocytes in Blood by Manual count","Measurement",0,0,2422,1,NA,NA,1,"ZERO_EVENTS",1,5
44816653,"Placental growth factor [Mass/volume] in Serum","Measurement",0,0,2422,1,NA,NA,1,"ZERO_EVENTS",1,5
46234928,"Hepatitis B virus e Ab [Presence] in Serum, Plasma or Blood by Rapid immunoassay","Measurement",0,0,2422,1,NA,NA,1,"ZERO_EVENTS",1,5
46234930,"Hepatitis B virus surface Ab [Presence] in Serum, Plasma or Blood by Rapid immunoassay","Measurement",0,0,2422,NA,NA,NA,NA,"SUPPRESSED_MINCELL",NA,5
46236367,"Glucose [Moles/volume] in Serum, Plasma or Blood --2 hours post meal","Measurement",0,0,2422,1,NA,NA,1,"ZERO_EVENTS",1,5
46236951,"Amylase [Enzymatic activity/volume] in Serum, Plasma or Blood","Measurement",0,0,2422,1,NA,NA,1,"ZERO_EVENTS",1,5
1002070,"Acarboxyprothrombin [Units/volume] in Serum or Plasma","Measurement",0,5,2422,0,0,1.05607655340246,0.0287711418712453,"OK",0.873596489545085,5
1175686,"Chlamydophila pneumoniae IgG Ab [Presence] in Serum by Immunoassay","Measurement",0,0,2422,1,NA,NA,1,"ZERO_EVENTS",1,5
1175715,"Chlamydophila pneumoniae IgM Ab [Presence] in Serum by Immunoassay","Measurement",0,0,2422,1,NA,NA,1,"ZERO_EVENTS",1,5
1259742,"Aldosterone/Renin [Ratio] in Serum or Plasma","Measurement",0,0,2422,1,NA,NA,1,"ZERO_EVENTS",1,5
1616684,"HBc+HBe+p22cr Ag [Units/volume] in Serum or Plasma by Immunoassay","Measurement",0,0,2422,1,NA,NA,1,"ZERO_EVENTS",1,5
1617274,"Carbon dioxide, total [Moles/volume] in Central venous blood","Measurement",0,0,2422,NA,NA,NA,NA,"SUPPRESSED_MINCELL",NA,5
1617538,"24 hour predicted protein [Mass/time] based on random Urine by calculation","Measurement",0,0,2422,NA,NA,NA,NA,"SUPPRESSED_MINCELL",NA,5
1988606,"C reactive protein [Units/volume] in Body fluid","Measurement",0,0,2422,1,NA,NA,1,"ZERO_EVENTS",1,5
1989123,"Erythrocytes.ghost cells [#/volume] in Urine sediment by Computer assisted method","Measurement",0,0,2422,NA,NA,NA,NA,"SUPPRESSED_MINCELL",NA,5
3000034,"Microalbumin [Mass/volume] in Urine","Measurement",0,0,2422,NA,NA,NA,NA,"SUPPRESSED_MINCELL",NA,5
3000060,"B lymphocytes [#/volume] in Blood","Measurement",0,0,2422,1,NA,NA,1,"ZERO_EVENTS",1,5
3000067,"Parathyrin.intact [Mass/volume] in Serum or Plasma","Measurement",0,0,2422,1,NA,NA,1,"ZERO_EVENTS",1,5
3000659,"Cytokeratin 19 [Mass/volume] in Serum or Plasma","Measurement",0,0,2422,1,NA,NA,1,"ZERO_EVENTS",1,5
3001186,"Copper [Moles/volume] in Serum or Plasma","Measurement",0,0,2422,1,NA,NA,1,"ZERO_EVENTS",1,5
3001405,"CD3+CD8+ (T8 suppressor) cells [#/volume] in Blood","Measurement",0,0,2422,1,NA,NA,1,"ZERO_EVENTS",1,5
3001582,"Protein/Creatinine [Mass Ratio] in Urine","Measurement",0,0,2422,1,NA,NA,1,"ZERO_EVENTS",1,5
3001643,"Hemoglobin and Hematocrit panel - Blood","Measurement",0,0,2422,1,NA,NA,1,"ZERO_EVENTS",1,5
3002032,"Base excess in Venous blood by calculation","Measurement",0,0,2422,1,NA,NA,1,"ZERO_EVENTS",1,5
3002736,"Platelet distribution width [Entitic volume] in Blood by Automated count","Measurement",0,0,2422,1,NA,NA,1,"ZERO_EVENTS",1,5
3002971,"Nuclear Ab [Titer] in Serum by Immunofluorescence","Measurement",0,0,2422,NA,NA,NA,NA,"SUPPRESSED_MINCELL",NA,5
3003185,"Cytomegalovirus IgG Ab [Units/volume] in Serum or Plasma by Immunofluorescence","Measurement",0,0,2422,1,NA,NA,1,"ZERO_EVENTS",1,5
3003260,"Angiotensin II [Mass/volume] in Plasma","Measurement",0,0,2422,1,NA,NA,1,"ZERO_EVENTS",1,5
3003745,"Microscopic observation [Identifier] in Urine by Gram stain","Measurement",0,0,2422,1,NA,NA,1,"ZERO_EVENTS",1,5
3004327,"Lymphocytes [#/volume] in Blood by Automated count","Measurement",0,0,2422,1,NA,NA,1,"ZERO_EVENTS",1,5
3004789,"Transferrin [Mass/volume] in Serum or Plasma","Measurement",0,0,2422,1,NA,NA,1,"ZERO_EVENTS",1,5
3004905,"Lipase [Enzymatic activity/volume] in Serum or Plasma","Measurement",0,0,2422,1,NA,NA,1,"ZERO_EVENTS",1,5
3005044,"Rubella virus IgG Ab [Interpretation] in Serum","Measurement",0,0,2422,NA,NA,NA,NA,"SUPPRESSED_MINCELL",NA,5
3005411,"Squamous cell carcinoma Ag [Mass/volume] in Serum or Plasma","Measurement",0,0,2422,1,NA,NA,1,"ZERO_EVENTS",1,5
3005895,"Myoglobin [Mass/volume] in Serum or Plasma","Measurement",0,0,2422,1,NA,NA,1,"ZERO_EVENTS",1,5
3006297,"Platelets [#/volume] in Plasma","Measurement",0,0,2422,1,NA,NA,1,"ZERO_EVENTS",1,5
3006308,"Cancer Ag 50 [Presence] in Serum or Plasma","Measurement",0,0,2422,1,NA,NA,1,"ZERO_EVENTS",1,5
3006453,"Hepatitis B virus surface Ab [Presence] in Serum by Immunoassay","Measurement",0,0,2422,1,NA,NA,1,"ZERO_EVENTS",1,5
3006576,"Bicarbonate [Moles/volume] in Blood","Measurement",0,0,2422,NA,NA,NA,NA,"SUPPRESSED_MINCELL",NA,5
3006588,"Cancer Ag 15-3 [Units/volume] in Serum or Plasma","Measurement",0,0,2422,1,NA,NA,1,"ZERO_EVENTS",1,5
3007210,"Streptococcus pyogenes enzyme Ab [Presence] in Serum by Sheep Cell Agglutination","Measurement",0,0,2422,1,NA,NA,1,"ZERO_EVENTS",1,5
3007835,"Cancer Ag 125 [Presence] in Serum or Plasma","Measurement",0,0,2422,NA,NA,NA,NA,"SUPPRESSED_MINCELL",NA,5
3008641,"Thyroperoxidase Ab [Titer] in Serum or Plasma by Latex agglutination","Measurement",0,0,2422,1,NA,NA,1,"ZERO_EVENTS",1,5
3008877,"Alpha-1-acid glycoprotein [Mass/volume] in Serum or Plasma","Measurement",0,0,2422,1,NA,NA,1,"ZERO_EVENTS",1,5
3008893,"Testosterone [Mass/volume] in Serum or Plasma","Measurement",0,0,2422,1,NA,NA,1,"ZERO_EVENTS",1,5
3009105,"Erythrocytes [#/volume] in Urine by Test strip","Measurement",0,0,2422,NA,NA,NA,NA,"SUPPRESSED_MINCELL",NA,5
3009577,"Iron binding capacity [Moles/volume] in Serum or Plasma","Measurement",0,0,2422,NA,NA,NA,NA,"SUPPRESSED_MINCELL",NA,5
3009609,"Carbon dioxide, total [Moles/volume] in Arterial blood","Measurement",0,0,2422,1,NA,NA,1,"ZERO_EVENTS",1,5
3009759,"Haptoglobin [Mass/volume] in Serum or Plasma by Electrophoresis","Measurement",0,0,2422,1,NA,NA,1,"ZERO_EVENTS",1,5
3010084,"C peptide [Mass/volume] in Serum or Plasma","Measurement",0,0,2422,1,NA,NA,1,"ZERO_EVENTS",1,5
3010963,"Hepatitis B virus e Ab [Units/volume] in Serum by Radioimmunoassay (RIA)","Measurement",0,0,2422,NA,NA,NA,NA,"SUPPRESSED_MINCELL",NA,5
3011337,"Aldosterone [Mass/volume] in Serum or Plasma","Measurement",0,0,2422,1,NA,NA,1,"ZERO_EVENTS",1,5
3011412,"CD3 cells [#/volume] in Blood","Measurement",0,0,2422,1,NA,NA,1,"ZERO_EVENTS",1,5
3011516,"Hepatitis B virus e Ag [Units/volume] in Serum by Immunoassay","Measurement",0,0,2422,1,NA,NA,1,"ZERO_EVENTS",1,5
3011544,"Albumin [Mass/volume] in Pleural fluid","Measurement",0,0,2422,1,NA,NA,1,"ZERO_EVENTS",1,5
3011648,"Oxygen content in Venous blood","Measurement",0,0,2422,1,NA,NA,1,"ZERO_EVENTS",1,5
3011705,"Protein [Mass/volume] in 24 hour Urine","Measurement",0,0,2422,NA,NA,NA,NA,"SUPPRESSED_MINCELL",NA,5
3011904,"Phosphate [Mass/volume] in Serum or Plasma","Measurement",0,0,2422,1,NA,NA,1,"ZERO_EVENTS",1,5
3011958,"Ammonia [Moles/volume] in Plasma","Measurement",0,0,2422,NA,NA,NA,NA,"SUPPRESSED_MINCELL",NA,5
3012516,"Albumin [Mass/volume] in Urine","Measurement",0,0,2422,1,NA,NA,1,"ZERO_EVENTS",1,5
3013201,"Beta-2-Microglobulin [Mass/volume] in Serum or Plasma","Measurement",0,0,2422,1,NA,NA,1,"ZERO_EVENTS",1,5
3014323,"Glucose [Interpretation] in Serum or Plasma--1 hour post dose glucose","Measurement",0,0,2422,1,NA,NA,1,"ZERO_EVENTS",1,5
3014749,"Leukocytes [#/volume] in Urine by Test strip","Measurement",0,0,2422,1,NA,NA,1,"ZERO_EVENTS",1,5
3015774,"Calcium.ionized [Moles/volume] in Serum or Plasma by calculation","Measurement",0,0,2422,1,NA,NA,1,"ZERO_EVENTS",1,5
3016083,"Glucose [Mass/volume] in 24 hour Peritoneal dialysis fluid","Measurement",0,0,2422,1,NA,NA,1,"ZERO_EVENTS",1,5
3016228,"CD19 cells/100 cells in Blood","Measurement",0,0,2422,1,NA,NA,1,"ZERO_EVENTS",1,5
3016523,"Insulin [Moles/volume] in Serum or Plasma","Measurement",0,0,2422,1,NA,NA,1,"ZERO_EVENTS",1,5
3016724,"Homocysteine [Moles/volume] in Serum or Plasma","Measurement",0,0,2422,1,NA,NA,1,"ZERO_EVENTS",1,5
3016771,"Amylase [Enzymatic activity/volume] in Serum or Plasma","Measurement",0,0,2422,NA,NA,NA,NA,"SUPPRESSED_MINCELL",NA,5
3016906,"Vancomycin [Mass/volume] in Body fluid","Measurement",0,0,2422,1,NA,NA,1,"ZERO_EVENTS",1,5
3017315,"Amylase [Enzymatic activity/volume] in Urine","Measurement",0,0,2422,1,NA,NA,1,"ZERO_EVENTS",1,5
3017572,"Hemoglobin A2 [Presence] in Blood","Measurement",0,0,2422,1,NA,NA,1,"ZERO_EVENTS",1,5
3018163,"Specimen specific gravity acceptable [Presence] in Urine","Measurement",0,0,2422,1,NA,NA,1,"ZERO_EVENTS",1,5
3018171,"Choriogonadotropin [Units/volume] in Serum or Plasma","Measurement",0,0,2422,1,NA,NA,1,"ZERO_EVENTS",1,5
3018387,"Mycoplasma pneumoniae IgG Ab [Units/volume] in Serum","Measurement",0,0,2422,1,NA,NA,1,"ZERO_EVENTS",1,5
3018913,"Phosphate [Moles/volume] in Blood","Measurement",0,0,2422,1,NA,NA,1,"ZERO_EVENTS",1,5
3019231,"Epstein Barr virus capsid IgG Ab [Presence] in Serum by Immunoassay","Measurement",0,0,2422,1,NA,NA,1,"ZERO_EVENTS",1,5
3019446,"Platelet mean diameter [Entitic length] in Blood","Measurement",0,0,2422,1,NA,NA,1,"ZERO_EVENTS",1,5
3019897,"Erythrocyte distribution width [Ratio] by Automated count","Measurement",0,0,2422,1,NA,NA,1,"ZERO_EVENTS",1,5
3019930,"Urea nitrogen [Mass/volume] in Body fluid","Measurement",0,0,2422,1,NA,NA,1,"ZERO_EVENTS",1,5
3019977,"pH of Arterial blood","Measurement",0,0,2422,1,NA,NA,1,"ZERO_EVENTS",1,5
3021082,"Mycoplasma pneumoniae IgM Ab [Presence] in Serum","Measurement",0,0,2422,1,NA,NA,1,"ZERO_EVENTS",1,5
3021200,"Thyroglobulin Ab [Units/volume] in Serum by Radioimmunoassay (RIA)","Measurement",0,0,2422,1,NA,NA,1,"ZERO_EVENTS",1,5
3021329,"Hemoglobin F [Presence] in Specimen","Measurement",0,0,2422,1,NA,NA,1,"ZERO_EVENTS",1,5
3021614,"Rheumatoid factor [Units/volume] in Serum or Plasma","Measurement",0,0,2422,1,NA,NA,1,"ZERO_EVENTS",1,5
3021797,"Glucose-6-Phosphate dehydrogenase [Enzymatic activity/volume] in Serum","Measurement",0,0,2422,1,NA,NA,1,"ZERO_EVENTS",1,5
3022466,"Insulin [Mass/volume] in Serum or Plasma","Measurement",0,0,2422,1,NA,NA,1,"ZERO_EVENTS",1,5
3022533,"CD3 cells/100 cells in Blood","Measurement",0,0,2422,1,NA,NA,1,"ZERO_EVENTS",1,5
3022976,"Prolactin [Units/volume] in Serum or Plasma by 3rd IS","Measurement",0,0,2422,1,NA,NA,1,"ZERO_EVENTS",1,5
3023314,"Hematocrit [Volume Fraction] of Blood by Automated count","Measurement",0,0,2422,1,NA,NA,1,"ZERO_EVENTS",1,5
3023520,"Reticulocytes [#/volume] in Blood","Measurement",0,0,2422,1,NA,NA,1,"ZERO_EVENTS",1,5
3023608,"Herpes simplex virus 2 IgM Ab [Titer] in Serum","Measurement",0,0,2422,1,NA,NA,1,"ZERO_EVENTS",1,5
3024731,"MCV [Entitic volume]","Measurement",0,0,2422,1,NA,NA,1,"ZERO_EVENTS",1,5
3025271,"CD3-CD16+CD56+ (Natural killer) cells [#/volume] in Blood","Measurement",0,0,2422,1,NA,NA,1,"ZERO_EVENTS",1,5
3025285,"Estradiol (E2) [Mass/volume] in Serum or Plasma","Measurement",0,0,2422,1,NA,NA,1,"ZERO_EVENTS",1,5
3025678,"Hemoglobin H [Presence] in Blood by Heat denaturation","Measurement",0,0,2422,1,NA,NA,1,"ZERO_EVENTS",1,5
3025887,"Neutrophils.hypersegmented/100 leukocytes in Blood by Manual count","Measurement",0,0,2422,1,NA,NA,1,"ZERO_EVENTS",1,5
3026692,"Albumin [Mass/volume] in Peritoneal fluid","Measurement",0,0,2422,1,NA,NA,1,"ZERO_EVENTS",1,5
3027206,"Corticotropin [Mass/volume] in Plasma by Radioimmunoassay (RIA)","Measurement",0,0,2422,1,NA,NA,1,"ZERO_EVENTS",1,5
3027215,"Base excess standard in Venous blood by calculation","Measurement",0,0,2422,1,NA,NA,1,"ZERO_EVENTS",1,5
3027801,"Oxygen [Partial pressure] in Arterial blood","Measurement",0,0,2422,1,NA,NA,1,"ZERO_EVENTS",1,5
3028167,"CD3+CD4+ (T4 helper) cells [#/volume] in Blood","Measurement",0,0,2422,1,NA,NA,1,"ZERO_EVENTS",1,5
3028531,"Enolase.neuron specific [Mass/volume] in Serum or Plasma","Measurement",0,0,2422,1,NA,NA,1,"ZERO_EVENTS",1,5
3029187,"Natriuretic peptide.B prohormone N-Terminal [Mass/volume] in Serum or Plasma","Measurement",0,0,2422,1,NA,NA,1,"ZERO_EVENTS",1,5
3029213,"Adenosine deaminase [Enzymatic activity/volume] in Pericardial fluid","Measurement",0,0,2422,1,NA,NA,1,"ZERO_EVENTS",1,5
3030306,"Epithelial cells.non-squamous [#/volume] in Urine by Automated count","Measurement",0,0,2422,1,NA,NA,1,"ZERO_EVENTS",1,5
3030511,"Albumin [Mass/volume] in 24 hour Urine by Electrophoresis","Measurement",0,0,2422,NA,NA,NA,NA,"SUPPRESSED_MINCELL",NA,5
3031987,"Alpha-1-Fetoprotein L3/Alpha-1-fetoprotein.total in Serum or Plasma","Measurement",0,0,2422,1,NA,NA,1,"ZERO_EVENTS",1,5
3032488,"Lactate dehydrogenase in pleural fluid/Lactate dehydrogenase in serum","Measurement",0,0,2422,1,NA,NA,1,"ZERO_EVENTS",1,5
3032893,"Mononuclear cells [#/volume] in Pleural fluid","Measurement",0,0,2422,1,NA,NA,1,"ZERO_EVENTS",1,5
3033252,"Adenosine deaminase [Enzymatic activity/volume] in Peritoneal fluid","Measurement",0,0,2422,1,NA,NA,1,"ZERO_EVENTS",1,5
3033888,"Pepsinogen I [Mass/volume] in Serum or Plasma","Measurement",0,0,2422,1,NA,NA,1,"ZERO_EVENTS",1,5
3034485,"Albumin/Creatinine [Mass Ratio] in Urine","Measurement",0,0,2422,1,NA,NA,1,"ZERO_EVENTS",1,5
3034780,"Angiotensin converting enzyme [Enzymatic activity/volume] in Serum or Plasma","Measurement",0,0,2422,1,NA,NA,1,"ZERO_EVENTS",1,5
3035529,"Creatinine renal clearance predicted by Cockcroft-Gault formula","Measurement",0,0,2422,1,NA,NA,1,"ZERO_EVENTS",1,5
3036078,"Lutropin [Moles/volume] in Serum or Plasma","Measurement",0,0,2422,1,NA,NA,1,"ZERO_EVENTS",1,5
3036428,"Adenosine deaminase [Enzymatic activity/volume] in Pleural fluid","Measurement",0,0,2422,1,NA,NA,1,"ZERO_EVENTS",1,5
3036677,"Immunoglobulin light chains [Mass/volume] in Urine","Measurement",0,0,2422,NA,NA,NA,NA,"SUPPRESSED_MINCELL",NA,5
3037121,"Protein [Mass/volume] in Urine","Measurement",0,0,2422,1,NA,NA,1,"ZERO_EVENTS",1,5
3037202,"Fibrin+Fibrinogen fragments [Mass/volume] in Serum","Measurement",0,0,2422,1,NA,NA,1,"ZERO_EVENTS",1,5
3037524,"Glucose-6-Phosphate dehydrogenase [Enzymatic activity/volume] in Red Blood Cells","Measurement",0,0,2422,1,NA,NA,1,"ZERO_EVENTS",1,5
3037850,"Specific gravity of Body fluid","Measurement",0,0,2422,NA,NA,NA,NA,"SUPPRESSED_MINCELL",NA,5
3038315,"Erythrocytes.dysmorphic/100 erythrocytes in Urine sediment by Light microscopy","Measurement",0,0,2422,1,NA,NA,1,"ZERO_EVENTS",1,5
3038334,"Lactate dehydrogenase in peritoneal fluid/Lactate dehydrogenase in serum","Measurement",0,0,2422,1,NA,NA,1,"ZERO_EVENTS",1,5
3038371,"Herpes simplex virus IgG Ab [Presence] in Serum by Immunoassay","Measurement",0,0,2422,1,NA,NA,1,"ZERO_EVENTS",1,5
3039426,"Oxygen saturation Calculated from oxygen partial pressure in Arterial blood","Measurement",0,0,2422,1,NA,NA,1,"ZERO_EVENTS",1,5
3039720,"Glucose mean value [Moles/volume] in Blood Estimated from glycated hemoglobin","Measurement",0,0,2422,1,NA,NA,1,"ZERO_EVENTS",1,5
3040139,"Yeast.hyphae [#/volume] in Urine by Computer assisted method","Measurement",0,0,2422,NA,NA,NA,NA,"SUPPRESSED_MINCELL",NA,5
3041522,"Reticulocytes.high light scatter/Reticulocytes.total in Blood","Measurement",0,0,2422,1,NA,NA,1,"ZERO_EVENTS",1,5
3042968,"Herpes simplex virus 1 and 2 IgM Ab [Interpretation] in Serum","Measurement",0,0,2422,1,NA,NA,1,"ZERO_EVENTS",1,5
3043387,"Monocytes/100 leukocytes in Pleural fluid","Measurement",0,0,2422,1,NA,NA,1,"ZERO_EVENTS",1,5
3044169,"IgA Ab [Presence] in Serum or Plasma","Measurement",0,0,2422,1,NA,NA,1,"ZERO_EVENTS",1,5
3045716,"Anion gap in Serum or Plasma","Measurement",0,0,2422,1,NA,NA,1,"ZERO_EVENTS",1,5
3046279,"Procalcitonin [Mass/volume] in Serum or Plasma","Measurement",0,0,2422,1,NA,NA,1,"ZERO_EVENTS",1,5
3046743,"Choriogonadotropin [Presence] in Control Serum","Measurement",0,0,2422,1,NA,NA,1,"ZERO_EVENTS",1,5
3048516,"Microalbumin/Protein.total in 24 hour Urine","Measurement",0,0,2422,1,NA,NA,1,"ZERO_EVENTS",1,5
3049408,"Hepatitis B virus surface Ag [Presence] in Serum from Donor by Immunoassay","Measurement",0,0,2422,1,NA,NA,1,"ZERO_EVENTS",1,5
3051714,"Fibrin D-dimer FEU [Mass/volume] in Platelet poor plasma","Measurement",0,0,2422,NA,NA,NA,NA,"SUPPRESSED_MINCELL",NA,5
3052007,"Protein Fractions [Interpretation] in Body fluid","Measurement",0,0,2422,1,NA,NA,1,"ZERO_EVENTS",1,5
4263457,"Aspartate aminotransferase measurement","Measurement",0,0,2422,1,NA,NA,1,"ZERO_EVENTS",1,5
21491346,"Pathologic casts [#/volume] in Urine by Automated count","Measurement",0,0,2422,1,NA,NA,1,"ZERO_EVENTS",1,5
21491865,"Prolactin.dimeric/Prolactin in Serum or Plasma","Measurement",0,0,2422,1,NA,NA,1,"ZERO_EVENTS",1,5
21493866,"Erythrocytes [#/volume] in Peritoneal dialysis fluid by Automated count","Measurement",0,0,2422,1,NA,NA,1,"ZERO_EVENTS",1,5
36031203,"Mononuclear cells [#] in Blood product unit","Measurement",0,0,2422,1,NA,NA,1,"ZERO_EVENTS",1,5
36032009,"pH of Prostatic fluid","Measurement",0,0,2422,1,NA,NA,1,"ZERO_EVENTS",1,5
36203209,"Erythrocytes.EMA mean fluorescence intensity actual/normal in Blood by Flow cytometry (FC)","Measurement",0,0,2422,1,NA,NA,1,"ZERO_EVENTS",1,5
36305091,"Oxyhemoglobin [Mass/volume] in Plasma","Measurement",0,0,2422,1,NA,NA,1,"ZERO_EVENTS",1,5
40758521,"Insulin [Moles/volume] in Serum or Plasma --1 minute post XXX challenge","Measurement",0,0,2422,1,NA,NA,1,"ZERO_EVENTS",1,5
40759253,"Cholesterol in HDL 2a [Moles/volume] in Serum or Plasma","Measurement",0,0,2422,NA,NA,NA,NA,"SUPPRESSED_MINCELL",NA,5
40759718,"Epstein Barr virus early IgM Ab [Units/volume] in Serum by Immunoassay","Measurement",0,0,2422,NA,NA,NA,NA,"SUPPRESSED_MINCELL",NA,5
40760007,"HIV 1+2 Ab+HIV1 p24 Ag [Presence] in Serum or Plasma by Immunoassay","Measurement",0,0,2422,1,NA,NA,1,"ZERO_EVENTS",1,5
40760213,"Phenol [Mass/volume] adjusted to specific gravity 1.024 in Urine","Measurement",0,0,2422,NA,NA,NA,NA,"SUPPRESSED_MINCELL",NA,5
40760528,"Thyrotropin receptor Ab [Units/volume] in Serum by Immunoassay","Measurement",0,0,2422,1,NA,NA,1,"ZERO_EVENTS",1,5
40760909,"Oxygen content in Blood by calculation","Measurement",0,0,2422,1,NA,NA,1,"ZERO_EVENTS",1,5
40763081,"Lactate dehydrogenase [Enzymatic activity/volume] in Pleural fluid by Pyruvate to lactate reaction","Measurement",0,0,2422,1,NA,NA,1,"ZERO_EVENTS",1,5
40765011,"Immature reticulocytes/Reticulocytes.total in Blood from Fetus by Automated count","Measurement",0,0,2422,1,NA,NA,1,"ZERO_EVENTS",1,5
40768035,"Tr sup(a) Ab [Presence] in Serum or Plasma","Measurement",0,0,2422,1,NA,NA,1,"ZERO_EVENTS",1,5
40768039,"Oxygen [Partial pressure] saturation adjusted to 0.5 in Blood","Measurement",0,0,2422,1,NA,NA,1,"ZERO_EVENTS",1,5
40769783,"Troponin T.cardiac [Mass/volume] in Serum or Plasma by High sensitivity method","Measurement",0,0,2422,NA,NA,NA,NA,"SUPPRESSED_MINCELL",NA,5
40770975,"Lactate dehydrogenase [Enzymatic activity/volume] in Peritoneal fluid by Lactate to pyruvate reaction","Measurement",0,0,2422,1,NA,NA,1,"ZERO_EVENTS",1,5
42529190,"Alpha-1-Fetoprotein [Mass/volume] in Serum or Plasma by Immunoassay","Measurement",0,0,2422,1,NA,NA,1,"ZERO_EVENTS",1,5
42529194,"Beta-2-Microglobulin [Mass/volume] in Urine by Immunoassay","Measurement",0,0,2422,1,NA,NA,1,"ZERO_EVENTS",1,5
42529205,"Cortisol [Mass/volume] in Serum or Plasma by Immunoassay","Measurement",0,0,2422,1,NA,NA,1,"ZERO_EVENTS",1,5
42529231,"Thyroxine (T4) [Moles/volume] in Serum or Plasma by Immunoassay","Measurement",0,0,2422,1,NA,NA,1,"ZERO_EVENTS",1,5
42529254,"Triiodothyronine (T3) [Moles/volume] in Serum or Plasma by Immunoassay","Measurement",0,0,2422,1,NA,NA,1,"ZERO_EVENTS",1,5
42529546,"Reticulocytes.low light scatter/Reticulocytes.total in Blood by Automated count","Measurement",0,0,2422,1,NA,NA,1,"ZERO_EVENTS",1,5
42868453,"Bicarbonate [Moles/volume] standard in Plasma","Measurement",0,0,2422,1,NA,NA,1,"ZERO_EVENTS",1,5
43055410,"Prostate Specific Ag Free/Prostate specific Ag.total [Pure mass fraction] in Serum or Plasma","Measurement",0,0,2422,1,NA,NA,1,"ZERO_EVENTS",1,5
43533605,"Anion gap 4 in Capillary blood","Measurement",0,0,2422,1,NA,NA,1,"ZERO_EVENTS",1,5
