"outcome_concept_id","or","ci95l","ci95u","p","p_adj"
4173584,NA,NA,NA,NA,NA
4281232,NA,NA,NA,NA,NA
194574,NA,NA,NA,NA,NA
4318541,NA,NA,NA,NA,NA
4064161,NA,NA,NA,NA,NA
4296301,NA,NA,NA,NA,NA
45772057,NA,NA,NA,NA,NA
3007242,NA,NA,NA,NA,NA
3013721,NA,NA,NA,NA,NA
3052649,NA,NA,NA,NA,NA
3020630,NA,NA,NA,NA,NA
443392,NA,NA,NA,NA,NA
4246127,NA,NA,NA,NA,NA
201519,NA,NA,NA,NA,NA
4001171,NA,NA,NA,NA,NA
3039417,NA,NA,NA,NA,NA
3024386,NA,NA,NA,NA,NA
3006923,NA,NA,NA,NA,NA
3964927,NA,NA,NA,NA,NA
3043688,NA,NA,NA,NA,NA
3001604,NA,NA,NA,NA,NA
3020416,NA,NA,NA,NA,NA
3010568,NA,NA,NA,NA,NA
3001127,NA,NA,NA,NA,NA
3017732,NA,NA,NA,NA,NA
3009744,NA,NA,NA,NA,NA
46235078,NA,NA,NA,NA,NA
3002590,NA,NA,NA,NA,NA
3002888,NA,NA,NA,NA,NA
3039312,NA,NA,NA,NA,NA
