concept_id,concept_name,domain,occurrence_count,patient_count,avg_days_to_onset
4173584,Chronic active type B viral hepatitis,Condition,175,79,31.7
194574,Chronic type B viral hepatitis,Condition,80,75,15.6
37116804,Improved dentition,Condition,132,67,22.2
4296301,Hepatic congestion,Condition,99,60,26.7
4318541,Cholestatic hepatitis,Condition,95,46,24.7
4064161,Cirrhosis of liver,Condition,59,38,28.3
443392,Malignant neoplastic disease,Condition,37,30,43.8
4281232,Type B viral hepatitis,Condition,52,28,25.5
196951,Chronic congestive splenomegaly,Condition,25,23,25.4
45772057,Cirrhosis of liver due to hepatitis B,Condition,35,22,34.7
4246127,Malignant neoplasm of liver,Condition,66,21,41.9
201519,Primary malignant neoplasm of liver,Condition,30,20,48.9
45771255,Compensated liver disease,Condition,26,18,21.7
4001171,Liver cell carcinoma,Condition,29,15,45.9
4225273,Chronic gastritis,Condition,15,15,16.5
3013721,Aspartate aminotransferase [Enzymatic activity/volume] in Serum or Plasma,Measurement,4034,1175,28.7
3024128,Bilirubin.total [Mass/volume] in Serum or Plasma,Measurement,3970,1171,28.7
3028638,Bilirubin.direct [Moles/volume] in Serum or Plasma,Measurement,3970,1171,28.7
3007242,Bilirubin.indirect [Moles/volume] in Serum or Plasma,Measurement,3970,1171,28.7
3032567,Hepatitis B virus DNA [Units/volume] (viral load) in Serum or Plasma by NAA with probe detection,Measurement,2578,1151,26.0
3035995,Alkaline phosphatase [Enzymatic activity/volume] in Serum or Plasma,Measurement,3775,1088,28.9
3010568,Globulin [Mass/volume] in Plasma,Measurement,3775,1088,28.9
3020509,Albumin/Globulin [Mass Ratio] in Serum or Plasma,Measurement,3775,1088,28.9
3028110,Bile acid [Moles/volume] in Serum or Plasma,Measurement,3443,1030,28.3
3003805,Alpha fucosidase [Enzymatic activity/volume] in Serum or Plasma,Measurement,3401,1028,28.3
3010866,Cholinesterase [Enzymatic activity/volume] in Serum or Plasma,Measurement,3401,1028,28.3
3052649,Adenosine deaminase [Enzymatic activity/volume] in Serum or Plasma,Measurement,3401,1028,28.3
3002590,Prealbumin [Mass/volume] in Serum or Plasma by Electrophoresis,Measurement,3401,1028,28.3
3001127,Alpha 1 antitrypsin [Mass/volume] in Serum or Plasma by Nephelometry,Measurement,3115,986,28.2
37172783,Alpha-fetoprotein mass concentration in plasma,Measurement,2043,935,24.0
3016723,Creatinine [Mass/volume] in Serum or Plasma,Measurement,2791,811,27.7
46235079,Carbon dioxide  total [Moles/volume] in Serum  Plasma or Blood,Measurement,2587,776,27.5
3030366,Cystatin C [Mass/volume] in Serum or Plasma,Measurement,2528,764,27.4
3006923,Alanine aminotransferase [Enzymatic activity/volume] in Serum or Plasma,Measurement,2337,742,28.2
43534077,Urea [Moles/volume] in Blood,Measurement,2223,730,26.9
3024561,Albumin [Mass/volume] in Serum or Plasma,Measurement,2218,687,28.4
3020630,Protein [Mass/volume] in Serum or Plasma,Measurement,2216,686,28.3
3026910,Gamma glutamyl transferase [Enzymatic activity/volume] in Serum or Plasma,Measurement,1911,636,28.2
3009596,Cholesterol in VLDL [Mass/volume] in Serum or Plasma by calculation,Measurement,1423,629,25.3
3025839,Triglyceride [Moles/volume] in Serum or Plasma,Measurement,1422,629,25.3
3028437,Cholesterol in LDL [Mass/volume] in Serum or Plasma,Measurement,1422,629,25.3
3007070,Cholesterol in HDL [Mass/volume] in Serum or Plasma,Measurement,1296,582,24.7
46236948,Glucose [Moles/volume] in Serum  Plasma or Blood,Measurement,1258,565,24.0
3020416,Erythrocytes [#/volume] in Blood by Automated count,Measurement,2579,501,31.1
3043688,Hemoglobin [Mass/volume] in Body fluid,Measurement,2585,500,31.2
3022096,Basophils/100 leukocytes in Blood,Measurement,2571,500,31.0
3964927,Monocytes/100 leukocytes in Blood by Flow cytometry (FC),Measurement,2571,500,31.0
3026710,Lymphocytes [#/volume] in Blood by Flow cytometry (FC),Measurement,2571,500,31.0
3001604,Monocytes [#/volume] in Blood,Measurement,2571,500,31.0
3027651,Basophils [#/volume] in Blood by Manual count,Measurement,2571,500,31.0
