"outcome_concept_id","outcome_name","outcome_domain","post_events","pre_events","n_exposures","irr","ci95l","ci95u","p","reason_code","p_adj","min_cell_count"
4281232,"Type B viral hepatitis","Condition",1590,953,2208,1.65008129331319,1.52180584413545,1.78991203501738,2.14885120159953e-35,"OK",3.56709299465523e-33,5
194574,"Chronic type B viral hepatitis","Condition",1398,841,2208,1.644039670199,1.50818152413698,1.79297669551589,7.03350684414388e-31,"OK",7.78374757418589e-29,5
4173584,"Chronic active type B viral hepatitis","Condition",1289,711,2208,1.79301710947281,1.63486264907568,1.96770305722884,2.61261224758934e-37,"OK",8.67387266199661e-35,5
4064161,"Cirrhosis of liver","Condition",598,399,2208,1.48227712137487,1.30369936905338,1.68673702519726,8.75035782794547e-10,"OK",5.81023759775579e-08,5
4318541,"Cholestatic hepatitis","Condition",255,121,2208,2.08427935700663,1.67230262140712,2.60968171446091,6.43333214118028e-12,"OK",5.33966567717963e-10,5
4296301,"Hepatic congestion","Condition",220,144,2208,1.51098901098901,1.21912637091251,1.87745789887207,0.000101872352085432,"OK",0.00563693681539392,5
443392,"Malignant neoplastic disease","Condition",185,177,2208,1.0337120506612,0.836628694127559,1.27754980265069,0.792749739694022,"OK",1,5
45772057,"Cirrhosis of liver due to hepatitis B","Condition",182,132,2208,1.36363636363636,1.08391308477693,1.71933356086499,0.006705366707232,"OK",0.318025963828718,5
4246127,"Malignant neoplasm of liver","Condition",181,169,2208,1.0592366213668,0.854126226179412,1.3141446125686,0.59350209055879,"OK",1,5
201519,"Primary malignant neoplasm of liver","Condition",141,129,2208,1.08101201124457,0.845305986651625,1.38341574363575,0.543059230682659,"OK",1,5
37116804,"Improved dentition","Condition",133,160,2208,0.822115384615385,0.648240074556665,1.0412244273005,0.101802416978042,"OK",1,5
4001171,"Liver cell carcinoma","Condition",84,75,2208,1.10769230769231,0.801606387448157,1.53306818145002,0.526929429185843,"OK",1,5
196951,"Chronic congestive splenomegaly","Condition",51,68,2208,0.741758241758242,0.505564359170881,1.08229276013589,0.118948047774976,"OK",1,5
3039417,"Platelet distribution width [Ratio] in Blood","Measurement",43,34,2208,1.2508080155139,0.779196293093604,2.02241208024048,0.362597147794946,"OK",1,5
45771255,"Compensated liver disease","Condition",43,48,2208,0.885989010989011,0.573158860889332,1.3657404571458,0.600903211158618,"OK",1,5
4225273,"Chronic gastritis","Condition",43,50,2208,0.850549450549451,0.552363591113589,1.30480602886257,0.468660981488383,"OK",1,5
3013721,"Aspartate aminotransferase [Enzymatic activity/volume] in Serum or Plasma","Measurement",42,23,2208,1.80602006688963,1.06156250836809,3.14607437007429,0.0249540504993105,"OK",0.920527196196787,5
3024386,"Platelet mean volume [Entitic volume] in Blood by Rees-Ecker","Measurement",41,31,2208,1.30804679191776,0.800522278534164,2.15729217588548,0.289315056205003,"OK",1,5
3006923,"Alanine aminotransferase [Enzymatic activity/volume] in Serum or Plasma","Measurement",40,23,2208,1.72001911132346,1.00515889127033,3.00952517617411,0.043155663293543,"OK",1,5
3964927,"Monocytes/100 leukocytes in Blood by Flow cytometry (FC)","Measurement",34,19,2208,1.76980913823019,0.981260822349695,3.28444942059008,0.0536308415804652,"OK",1,5
3052649,"Adenosine deaminase [Enzymatic activity/volume] in Serum or Plasma","Measurement",33,17,2208,1.91984486102133,1.03909511915602,3.67493150483207,0.0329713149869928,"OK",0.995134234152873,5
3020630,"Protein [Mass/volume] in Serum or Plasma","Measurement",33,17,2208,1.91984486102133,1.03909511915602,3.67493150483207,0.0329713149869928,"OK",0.995134234152873,5
3043688,"Hemoglobin [Mass/volume] in Body fluid","Measurement",32,27,2208,1.17216117216117,0.680329896578594,2.0336755777401,0.603251130247874,"OK",1,5
3001604,"Monocytes [#/volume] in Blood","Measurement",31,20,2208,1.53296703296703,0.846368896795832,2.83778469868754,0.161105378794076,"OK",1,5
3010866,"Cholinesterase [Enzymatic activity/volume] in Serum or Plasma","Measurement",30,37,2208,0.801900801900802,0.478456108527927,1.33396216074803,0.393986014375905,"OK",1,5
3020416,"Erythrocytes [#/volume] in Blood by Automated count","Measurement",30,22,2208,1.34865134865135,0.752350257878897,2.45369031868498,0.332134719657213,"OK",1,5
3010568,"Globulin [Mass/volume] in Plasma","Measurement",30,20,2208,1.48351648351648,0.815075504733869,2.75613063325968,0.202983677362657,"OK",1,5
3001127,"Alpha 1 antitrypsin [Mass/volume] in Serum or Plasma by Nephelometry","Measurement",29,19,2208,1.50954308849046,0.81804802982468,2.84884283743965,0.193739281933101,"OK",1,5
3007242,"Bilirubin.indirect [Moles/volume] in Serum or Plasma","Measurement",29,12,2208,2.39010989010989,1.18285439103608,5.14254362280439,0.0115586802169136,"OK",0.479685229001913,5
3017732,"Neutrophils [#/volume] in Blood","Measurement",28,20,2208,1.38461538461538,0.7526093986075,2.59270854890945,0.312682441294707,"OK",1,5
3009744,"MCHC [Mass/volume] by Automated count","Measurement",28,19,2208,1.45748987854251,0.78552126712114,2.76161211773033,0.243298931667103,"OK",1,5
46235078,"Potassium [Moles/volume] in Serum, Plasma or Blood","Measurement",25,17,2208,1.45442792501616,0.754725641674411,2.86992778201488,0.280265485577657,"OK",1,5
3002590,"Prealbumin [Mass/volume] in Serum or Plasma by Electrophoresis","Measurement",25,20,2208,1.23626373626374,0.659267850479015,2.34723883562201,0.551759251286315,"OK",1,5
3002888,"Erythrocyte distribution width [Entitic volume]","Measurement",25,17,2208,1.45442792501616,0.754725641674411,2.86992778201488,0.280265485577657,"OK",1,5
3039312,"Plateletcrit [Volume Fraction] in Blood","Measurement",24,13,2208,1.82586644125106,0.893425586956094,3.90466487912957,0.0990616336506027,"OK",1,5
46236949,"Alanine aminotransferase [Enzymatic activity/volume] in Serum, Plasma or Blood","Measurement",24,13,2208,1.82586644125106,0.893425586956094,3.90466487912957,0.0990616336506027,"OK",1,5
3003805,"Alpha fucosidase [Enzymatic activity/volume] in Serum or Plasma","Measurement",23,18,2208,1.26373626373626,0.652496768597945,2.48501740771269,0.532967292040812,"OK",1,5
3028638,"Bilirubin.direct [Moles/volume] in Serum or Plasma","Measurement",23,19,2208,1.19722382880278,0.623678154873599,2.32471588143812,0.644182849860248,"OK",1,5
37172783,"Alpha-fetoprotein mass concentration in plasma","Measurement",23,15,2208,1.51648351648352,0.757930892630328,3.12521861722496,0.256151639334401,"OK",1,5
3010457,"Eosinophils/100 leukocytes in Blood by Automated count","Measurement",22,12,2208,1.81318681318681,0.859215135705432,4.01968829799132,0.121642384656971,"OK",1,5
3020509,"Albumin/Globulin [Mass Ratio] in Serum or Plasma","Measurement",22,20,2208,1.08791208791209,0.566473004590345,2.10125715402252,0.877692754769477,"OK",1,5
3035995,"Alkaline phosphatase [Enzymatic activity/volume] in Serum or Plasma","Measurement",21,17,2208,1.22171945701357,0.613900135704308,2.46615184539315,0.627303868936154,"OK",1,5
3037511,"Lymphocytes/100 leukocytes in Blood by Automated count","Measurement",21,19,2208,1.09311740890688,0.559415862281431,2.149513730919,0.874705826735548,"OK",1,5
3009542,"Hematocrit [Volume Fraction] of Blood","Measurement",21,12,2208,1.73076923076923,0.81327168579482,3.85900903055282,0.16296746134814,"OK",1,5
3014576,"Chloride [Moles/volume] in Serum or Plasma","Measurement",21,9,2208,2.30769230769231,1.01320155493323,5.72319335385563,0.0428679063047313,"OK",1,5
3005029,"Protein [Mass/volume] in Body fluid","Measurement",20,11,2208,1.7982017982018,0.821355159499546,4.15492299005167,0.149805336319859,"OK",1,5
3028110,"Bile acid [Moles/volume] in Serum or Plasma","Measurement",20,16,2208,1.23626373626374,0.608685154796901,2.55133677540831,0.617914032902678,"OK",1,5
3028286,"Albumin [Mass/volume] in Serum or Plasma by Electrophoresis","Measurement",20,14,2208,1.41287284144427,0.678712470785598,3.02368036688653,0.391775577219486,"OK",1,5
3026710,"Lymphocytes [#/volume] in Blood by Flow cytometry (FC)","Measurement",19,18,2208,1.04395604395604,0.518620395453584,2.10925744251956,1,"OK",1,5
3016682,"Platelets [#/volume] in Plasma by Automated count","Measurement",19,13,2208,1.44547759932375,0.677250882120506,3.18431113136918,0.377320080805566,"OK",1,5
3025839,"Triglyceride [Moles/volume] in Serum or Plasma","Measurement",19,23,2208,0.817009077878643,0.420757970552253,1.56834535367482,0.540394472107683,"OK",1,5
3024561,"Albumin [Mass/volume] in Serum or Plasma","Measurement",19,18,2208,1.04395604395604,0.518620395453584,2.10925744251956,1,"OK",1,5
3018010,"Neutrophils/100 leukocytes in Blood","Measurement",19,19,2208,0.989010989010989,0.495520185175675,1.97397152658416,1,"OK",1,5
40766836,"Hemoglobins that can be presumptively identified based on available controls in DBS","Measurement",19,12,2208,1.56593406593407,0.721694710641774,3.53736341079124,0.281270154198092,"OK",1,5
3022096,"Basophils/100 leukocytes in Blood","Measurement",19,15,2208,1.25274725274725,0.60323429806236,2.64906248694734,0.607779280411966,"OK",1,5
3028437,"Cholesterol in LDL [Mass/volume] in Serum or Plasma","Measurement",19,22,2208,0.854145854145854,0.43722658038557,1.65364804222977,0.642329634358122,"OK",1,5
3032567,"Hepatitis B virus DNA [Units/volume] (viral load) in Serum or Plasma by NAA with probe detection","Measurement",18,18,2208,0.989010989010989,0.485412282662754,2.01507619671023,1,"OK",1,5
46235784,"Sodium [Moles/volume] in Serum, Plasma or Blood","Measurement",18,12,2208,1.48351648351648,0.676088591840242,3.37637236540069,0.361815867233678,"OK",1,5
3000905,"Leukocytes [#/volume] in Blood by Automated count","Measurement",18,11,2208,1.61838161838162,0.723872519697898,3.79185238696579,0.26514331283775,"OK",1,5
3028465,"Gamma glutamyl transferase [Enzymatic activity/volume] in Body fluid","Measurement",18,9,2208,1.97802197802198,0.843823767860505,4.99816673086634,0.122231603941192,"OK",1,5
46236948,"Glucose [Moles/volume] in Serum, Plasma or Blood","Measurement",18,17,2208,1.04718810601164,0.509244013378919,2.16242669103197,1,"OK",1,5
3009932,"Eosinophils [#/volume] in Blood by Manual count","Measurement",17,13,2208,1.29332206255283,0.591569202086722,2.89544172806971,0.584838308020567,"OK",1,5
3024128,"Bilirubin.total [Mass/volume] in Serum or Plasma","Measurement",17,10,2208,1.68131868131868,0.727067327540373,4.10879568761364,0.247984240556302,"OK",1,5
3009596,"Cholesterol in VLDL [Mass/volume] in Serum or Plasma by calculation","Measurement",17,19,2208,0.884904569115095,0.432085103572347,1.79800474234152,0.741581272313224,"OK",1,5
3010748,"Hematocrit/Hemoglobin [Ratio] of Blood by Automated count","Measurement",16,8,2208,1.97802197802198,0.798725672914333,5.33854196086366,0.151739492350154,"OK",1,5
43534077,"Urea [Moles/volume] in Blood","Measurement",16,16,2208,0.989010989010989,0.463014611397276,2.11255263291298,1,"OK",1,5
3052964,"Fibrinogen [Mass/volume] in Platelet poor plasma by Coagulation.derived","Measurement",16,9,2208,1.75824175824176,0.731625605083824,4.51415218625017,0.229701341374303,"OK",1,5
3023599,"MCV [Entitic volume] by Automated count","Measurement",15,7,2208,2.1193092621664,0.81337093406829,6.14431610731455,0.133930821898788,"OK",1,5
3007070,"Cholesterol in HDL [Mass/volume] in Serum or Plasma","Measurement",14,10,2208,1.38461538461538,0.572003574320567,3.48419042219929,0.541406034415988,"OK",1,5
46235079,"Carbon dioxide, total [Moles/volume] in Serum, Plasma or Blood","Measurement",13,12,2208,1.07142857142857,0.450716984077057,2.56899192717106,1,"OK",1,5
3002656,"Lipoproteins [Mass/volume] in Serum or Plasma","Measurement",12,14,2208,0.847723704866562,0.358179057862278,1.97468883693206,0.699628244905391,"OK",1,5
3005353,"Prothrombin activity actual/normal in Platelet poor plasma by Coagulation assay","Measurement",0,0,2208,NA,NA,NA,NA,"SUPPRESSED_MINCELL",NA,5
3034426,"Prothrombin time (PT)","Measurement",0,0,2208,NA,NA,NA,NA,"SUPPRESSED_MINCELL",NA,5
3031305,"aPTT panel - Platelet poor plasma","Measurement",0,0,2208,NA,NA,NA,NA,"SUPPRESSED_MINCELL",NA,5
3026910,"Gamma glutamyl transferase [Enzymatic activity/volume] in Serum or Plasma","Measurement",11,12,2208,0.906593406593407,0.362459132253293,2.24434016468053,0.837983652937967,"OK",1,5
3027114,"Cholesterol [Mass/volume] in Serum or Plasma","Measurement",11,16,2208,0.679945054945055,0.285319042296433,1.56009198117912,0.342438473227532,"OK",1,5
3006742,"Cancer Ag 15-3 [Presence] in Serum or Plasma","Measurement",10,12,2208,0.824175824175824,0.318965615314454,2.08145281206813,0.676035253486583,"OK",1,5
3016723,"Creatinine [Mass/volume] in Serum or Plasma","Measurement",9,9,2208,0.989010989010989,0.347834644667597,2.8120911800469,1,"OK",1,5
42869583,"Hematocrit [Pure volume fraction] of Body fluid","Measurement",9,5,2208,1.78021978021978,0.535781890760627,6.76195420783853,0.424050893074055,"OK",1,5
3032080,"INR in Blood by Coagulation assay","Measurement",0,0,2208,NA,NA,NA,NA,"SUPPRESSED_MINCELL",NA,5
3010156,"C reactive protein [Mass/volume] in Serum or Plasma by High sensitivity method","Measurement",0,0,2208,NA,NA,NA,NA,"SUPPRESSED_MINCELL",NA,5
42529199,"Cancer Ag 125 [Units/volume] in Serum or Plasma by Immunoassay","Measurement",8,9,2208,0.879120879120879,0.295139834658881,2.56706923955918,0.813550255540325,"OK",1,5
3016407,"Fibrinogen [Mass/volume] in Platelet poor plasma by Coagulation assay","Measurement",0,0,2208,NA,NA,NA,NA,"SUPPRESSED_MINCELL",NA,5
3010813,"Leukocytes [#/volume] in Blood","Measurement",7,7,2208,0.989010989010989,0.296020564428065,3.30430670678013,1,"OK",1,5
3005162,"Calcium [Moles/volume] in Blood","Measurement",0,0,2208,NA,NA,NA,NA,"SUPPRESSED_MINCELL",NA,5
3016436,"Lactate dehydrogenase [Enzymatic activity/volume] in Serum or Plasma","Measurement",7,6,2208,1.15384615384615,0.332040264389814,4.15585935515983,1,"OK",1,5
1002070,"Acarboxyprothrombin [Units/volume] in Serum or Plasma","Measurement",6,8,2208,0.741758241758242,0.212135852995311,2.43780389948438,0.605286578016371,"OK",1,5
3008364,"Apolipoprotein A-I [Mass/volume] in Serum or Plasma","Measurement",0,0,2208,NA,NA,NA,NA,"SUPPRESSED_MINCELL",NA,5
3008342,"Neutrophils/100 leukocytes in Blood by Automated count","Measurement",6,6,2208,0.989010989010989,0.264400415233326,3.69947503872606,1,"OK",1,5
3003785,"Carcinoembryonic Ag [Mass/volume] in Serum or Plasma","Measurement",0,0,2208,NA,NA,NA,NA,"SUPPRESSED_MINCELL",NA,5
3036887,"Ammonia [Mass/volume] in Plasma","Measurement",6,6,2208,0.989010989010989,0.264400415233326,3.69947503872606,1,"OK",1,5
3015377,"Calcium [Moles/volume] in Serum or Plasma","Measurement",0,0,2208,NA,NA,NA,NA,"SUPPRESSED_MINCELL",NA,5
3016070,"Creatine kinase.MB [Enzymatic activity/volume] in Serum or Plasma by Electrophoresis","Measurement",6,9,2208,0.659340659340659,0.193117645012162,2.07417761682183,0.452065019053072,"OK",1,5
3031767,"Vascular endothelial growth factor [Mass/volume] in Serum or Plasma","Measurement",0,0,2208,NA,NA,NA,NA,"SUPPRESSED_MINCELL",NA,5
3030366,"Cystatin C [Mass/volume] in Serum or Plasma","Measurement",6,7,2208,0.847723704866562,0.235364735134757,2.94585579306779,0.789408609052213,"OK",1,5
3019900,"Cholesterol [Moles/volume] in Serum or Plasma","Measurement",0,0,2208,NA,NA,NA,NA,"SUPPRESSED_MINCELL",NA,5
3018677,"aPTT in Platelet poor plasma by Coagulation assay","Measurement",0,0,2208,NA,NA,NA,NA,"SUPPRESSED_MINCELL",NA,5
3024552,"Cancer Ag 19-9 [Presence] in Serum or Plasma","Measurement",0,0,2208,NA,NA,NA,NA,"SUPPRESSED_MINCELL",NA,5
3027651,"Basophils [#/volume] in Blood by Manual count","Measurement",5,8,2208,0.618131868131868,0.159105179617663,2.14297487662414,0.421432937745003,"OK",1,5
3019284,"Hepatitis B virus surface Ag [Presence] in Serum","Measurement",0,0,2208,NA,NA,NA,NA,"SUPPRESSED_MINCELL",NA,5
3039902,"Granular casts [#/volume] in Urine by Computer assisted method","Measurement",0,0,2208,NA,NA,NA,NA,"SUPPRESSED_MINCELL",NA,5
3022893,"Aspartate aminotransferase/Alanine aminotransferase [Enzymatic activity ratio] in Serum or Plasma","Measurement",0,0,2208,NA,NA,NA,NA,"SUPPRESSED_MINCELL",NA,5
3014791,"Apolipoprotein B [Mass/volume] in Serum or Plasma","Measurement",0,0,2208,NA,NA,NA,NA,"SUPPRESSED_MINCELL",NA,5
3012095,"Magnesium [Moles/volume] in Serum or Plasma","Measurement",5,0,2208,Inf,0.906286012729576,Inf,0.0625190778528977,"OK",1,5
3009201,"Thyrotropin [Units/volume] in Serum or Plasma","Measurement",0,0,2208,NA,NA,NA,NA,"SUPPRESSED_MINCELL",NA,5
3022177,"Hepatitis B virus core Ab [Units/volume] in Serum by Radioimmunoassay (RIA)","Measurement",0,0,2208,NA,NA,NA,NA,"SUPPRESSED_MINCELL",NA,5
3012898,"Urea [Moles/volume] in Urine","Measurement",0,0,2208,NA,NA,NA,NA,"SUPPRESSED_MINCELL",NA,5
3046044,"N-acetyl-beta-glucosaminidase [Enzymatic activity/volume] in Urine","Measurement",0,0,2208,NA,NA,NA,NA,"SUPPRESSED_MINCELL",NA,5
3017250,"Creatinine [Mass/volume] in Urine","Measurement",0,0,2208,NA,NA,NA,NA,"SUPPRESSED_MINCELL",NA,5
3030981,"Hyaline casts [#/volume] in Urine by Automated count","Measurement",0,0,2208,NA,NA,NA,NA,"SUPPRESSED_MINCELL",NA,5
3018913,"Phosphate [Moles/volume] in Blood","Measurement",0,0,2208,NA,NA,NA,NA,"SUPPRESSED_MINCELL",NA,5
3015736,"pH of Urine","Measurement",0,0,2208,NA,NA,NA,NA,"SUPPRESSED_MINCELL",NA,5
3018095,"Leukocytes [#/volume] in Urine","Measurement",0,0,2208,NA,NA,NA,NA,"SUPPRESSED_MINCELL",NA,5
3001019,"Free T4 and TSH panel - Serum or Plasma","Measurement",0,0,2208,NA,NA,NA,NA,"SUPPRESSED_MINCELL",NA,5
46234929,"Hepatitis B virus e Ag [Presence] in Serum, Plasma or Blood by Rapid immunoassay","Measurement",0,0,2208,NA,NA,NA,NA,"SUPPRESSED_MINCELL",NA,5
3011724,"Hepatitis B virus e Ag [Presence] in Serum by Radioimmunoassay (RIA)","Measurement",0,0,2208,NA,NA,NA,NA,"SUPPRESSED_MINCELL",NA,5
3018853,"Superoxide dismutase [Enzymatic activity/volume] in Plasma","Measurement",0,0,2208,NA,NA,NA,NA,"SUPPRESSED_MINCELL",NA,5
3026076,"Alpha hydroxybutyrate dehydrogenase [Enzymatic activity/volume] in Serum or Plasma","Measurement",0,0,2208,NA,NA,NA,NA,"SUPPRESSED_MINCELL",NA,5
3015759,"IgM [Presence] in Serum","Measurement",0,0,2208,NA,NA,NA,NA,"SUPPRESSED_MINCELL",NA,5
3045975,"IgA [Presence] in Serum","Measurement",0,0,2208,NA,NA,NA,NA,"SUPPRESSED_MINCELL",NA,5
3966438,"CE Ab [Presence] in Serum or Plasma","Measurement",0,0,2208,NA,NA,NA,NA,"SUPPRESSED_MINCELL",NA,5
3007220,"Creatine kinase [Enzymatic activity/volume] in Serum or Plasma","Measurement",0,0,2208,NA,NA,NA,NA,"SUPPRESSED_MINCELL",NA,5
3052318,"Alpha-1-Microglobulin [Mass/volume] in Urine","Measurement",0,0,2208,NA,NA,NA,NA,"SUPPRESSED_MINCELL",NA,5
3029879,"Epithelial cells.squamous [#/volume] in Urine by Automated count","Measurement",0,0,2208,NA,NA,NA,NA,"SUPPRESSED_MINCELL",NA,5
3008143,"IgG [Presence] in Serum","Measurement",0,0,2208,NA,NA,NA,NA,"SUPPRESSED_MINCELL",NA,5
3004391,"Epithelial cells [#/volume] in Urine by Manual count","Measurement",0,0,2208,NA,NA,NA,NA,"SUPPRESSED_MINCELL",NA,5
42869547,"Procollagen type III.N-terminal propeptide [Mass/volume] in Serum","Measurement",0,0,2208,NA,NA,NA,NA,"SUPPRESSED_MINCELL",NA,5
3010340,"Triiodothyronine (T3) [Mass/volume] in Serum or Plasma","Measurement",0,0,2208,NA,NA,NA,NA,"SUPPRESSED_MINCELL",NA,5
3009214,"Lutropin [Units/volume] in Serum or Plasma","Measurement",0,0,2208,NA,NA,NA,NA,"SUPPRESSED_MINCELL",NA,5
3029794,"Leukocyte clumps [#/volume] in Urine by Automated count","Measurement",0,0,2208,NA,NA,NA,NA,"SUPPRESSED_MINCELL",NA,5
3029790,"Creatine kinase.MB [Enzymatic activity/volume] in Serum or Plasma","Measurement",0,0,2208,NA,NA,NA,NA,"SUPPRESSED_MINCELL",NA,5
40759253,"Cholesterol in HDL 2a [Moles/volume] in Serum or Plasma","Measurement",0,0,2208,NA,NA,NA,NA,"SUPPRESSED_MINCELL",NA,5
3019977,"pH of Arterial blood","Measurement",0,0,2208,NA,NA,NA,NA,"SUPPRESSED_MINCELL",NA,5
3022764,"Mononuclear cells/100 leukocytes in Peritoneal fluid","Measurement",0,0,2208,NA,NA,NA,NA,"SUPPRESSED_MINCELL",NA,5
3023202,"Hepatitis B virus e Ab [Units/volume] in Serum by Immunoassay","Measurement",0,0,2208,NA,NA,NA,NA,"SUPPRESSED_MINCELL",NA,5
3008304,"Triiodothyronine (T3) [Moles/volume] in Serum or Plasma","Measurement",0,0,2208,NA,NA,NA,NA,"SUPPRESSED_MINCELL",NA,5
42529230,"Thyroxine (T4) [Mass/volume] in Serum or Plasma by Immunoassay","Measurement",0,0,2208,NA,NA,NA,NA,"SUPPRESSED_MINCELL",NA,5
3044042,"Cancer Ag 50 [Units/volume] in Serum or Plasma","Measurement",0,0,2208,NA,NA,NA,NA,"SUPPRESSED_MINCELL",NA,5
3008486,"Thyroxine (T4) free [Moles/volume] in Serum or Plasma","Measurement",0,0,2208,NA,NA,NA,NA,"SUPPRESSED_MINCELL",NA,5
3037850,"Specific gravity of Body fluid","Measurement",0,0,2208,NA,NA,NA,NA,"SUPPRESSED_MINCELL",NA,5
3029707,"Crystals [#/volume] in Urine by Automated count","Measurement",0,0,2208,NA,NA,NA,NA,"SUPPRESSED_MINCELL",NA,5
3027828,"Triiodothyronine (T3).reverse [Moles/volume] in Serum or Plasma","Measurement",0,0,2208,NA,NA,NA,NA,"SUPPRESSED_MINCELL",NA,5
36304079,"Mucus [Presence] in Urine sediment","Measurement",0,0,2208,NA,NA,NA,NA,"SUPPRESSED_MINCELL",NA,5
46236951,"Amylase [Enzymatic activity/volume] in Serum, Plasma or Blood","Measurement",0,0,2208,NA,NA,NA,NA,"SUPPRESSED_MINCELL",NA,5
1617274,"Carbon dioxide, total [Moles/volume] in Central venous blood","Measurement",0,0,2208,NA,NA,NA,NA,"SUPPRESSED_MINCELL",NA,5
1988100,"Leukocytes [#/volume] in Peritoneal dialysis fluid by Automated count","Measurement",0,0,2208,NA,NA,NA,NA,"SUPPRESSED_MINCELL",NA,5
1988277,"Alpha-1-Fetoprotein L3 [Mass/volume] in Serum or Plasma by Immunoassay","Measurement",0,0,2208,NA,NA,NA,NA,"SUPPRESSED_MINCELL",NA,5
1988606,"C reactive protein [Units/volume] in Body fluid","Measurement",0,0,2208,NA,NA,NA,NA,"SUPPRESSED_MINCELL",NA,5
1989123,"Erythrocytes.ghost cells [#/volume] in Urine sediment by Computer assisted method","Measurement",0,0,2208,NA,NA,NA,NA,"SUPPRESSED_MINCELL",NA,5
3000034,"Microalbumin [Mass/volume] in Urine","Measurement",0,0,2208,NA,NA,NA,NA,"SUPPRESSED_MINCELL",NA,5
3001582,"Protein/Creatinine [Mass Ratio] in Urine","Measurement",0,0,2208,NA,NA,NA,NA,"SUPPRESSED_MINCELL",NA,5
3002532,"Iron binding capacity.unsaturated [Moles/volume] in Serum or Plasma","Measurement",0,0,2208,NA,NA,NA,NA,"SUPPRESSED_MINCELL",NA,5
3002827,"Microalbumin/Creatinine [Mass Ratio] in 24 hour Urine","Measurement",0,0,2208,NA,NA,NA,NA,"SUPPRESSED_MINCELL",NA,5
3003470,"Hepatitis C virus Ab [Units/volume] in Serum by Immunoassay","Measurement",0,0,2208,NA,NA,NA,NA,"SUPPRESSED_MINCELL",NA,5
3005673,"Hemoglobin A1c/Hemoglobin.total in Blood by HPLC","Measurement",0,0,2208,NA,NA,NA,NA,"SUPPRESSED_MINCELL",NA,5
3005996,"Glucose [Mass/volume] in Serum or Plasma --3 hours post 1.2 g/kg lactose PO","Measurement",0,0,2208,NA,NA,NA,NA,"SUPPRESSED_MINCELL",NA,5
3007835,"Cancer Ag 125 [Presence] in Serum or Plasma","Measurement",0,0,2208,NA,NA,NA,NA,"SUPPRESSED_MINCELL",NA,5
3008641,"Thyroperoxidase Ab [Titer] in Serum or Plasma by Latex agglutination","Measurement",0,0,2208,NA,NA,NA,NA,"SUPPRESSED_MINCELL",NA,5
3009931,"Hyaluronate [Mass/volume] in Serum or Plasma","Measurement",0,0,2208,NA,NA,NA,NA,"SUPPRESSED_MINCELL",NA,5
3010084,"C peptide [Mass/volume] in Serum or Plasma","Measurement",0,0,2208,NA,NA,NA,NA,"SUPPRESSED_MINCELL",NA,5
3011544,"Albumin [Mass/volume] in Pleural fluid","Measurement",0,0,2208,NA,NA,NA,NA,"SUPPRESSED_MINCELL",NA,5
3011958,"Ammonia [Moles/volume] in Plasma","Measurement",0,0,2208,NA,NA,NA,NA,"SUPPRESSED_MINCELL",NA,5
3012413,"Glucose [Moles/volume] in Serum or Plasma --2 hours post meal","Measurement",0,0,2208,NA,NA,NA,NA,"SUPPRESSED_MINCELL",NA,5
3014749,"Leukocytes [#/volume] in Urine by Test strip","Measurement",0,0,2208,NA,NA,NA,NA,"SUPPRESSED_MINCELL",NA,5
3015242,"Ferritin [Mass/volume] in Serum or Plasma by Immunoassay","Measurement",0,0,2208,NA,NA,NA,NA,"SUPPRESSED_MINCELL",NA,5
3016523,"Insulin [Moles/volume] in Serum or Plasma","Measurement",0,0,2208,NA,NA,NA,NA,"SUPPRESSED_MINCELL",NA,5
3018133,"Calcium [Moles/volume] in Urine","Measurement",0,0,2208,NA,NA,NA,NA,"SUPPRESSED_MINCELL",NA,5
3019209,"Epstein Barr virus capsid IgM Ab [Presence] in Serum by Immunoassay","Measurement",0,0,2208,NA,NA,NA,NA,"SUPPRESSED_MINCELL",NA,5
3022948,"Iron [Moles/volume] in Serum or Plasma","Measurement",0,0,2208,NA,NA,NA,NA,"SUPPRESSED_MINCELL",NA,5
3023323,"Follitropin [Units/volume] in Serum or Plasma","Measurement",0,0,2208,NA,NA,NA,NA,"SUPPRESSED_MINCELL",NA,5
3023520,"Reticulocytes [#/volume] in Blood","Measurement",0,0,2208,NA,NA,NA,NA,"SUPPRESSED_MINCELL",NA,5
3027144,"Progesterone [Mass/volume] in Serum or Plasma","Measurement",0,0,2208,NA,NA,NA,NA,"SUPPRESSED_MINCELL",NA,5
3029991,"Specific gravity of Urine by Refractometry automated","Measurement",0,0,2208,NA,NA,NA,NA,"SUPPRESSED_MINCELL",NA,5
3030511,"Albumin [Mass/volume] in 24 hour Urine by Electrophoresis","Measurement",0,0,2208,NA,NA,NA,NA,"SUPPRESSED_MINCELL",NA,5
3030929,"Transferrin.carbohydrate deficient.XXX/Transferrin.total in Serum or Plasma","Measurement",0,0,2208,NA,NA,NA,NA,"SUPPRESSED_MINCELL",NA,5
3034639,"Hemoglobin A1c [Mass/volume] in Blood","Measurement",0,0,2208,NA,NA,NA,NA,"SUPPRESSED_MINCELL",NA,5
3037121,"Protein [Mass/volume] in Urine","Measurement",0,0,2208,NA,NA,NA,NA,"SUPPRESSED_MINCELL",NA,5
3037524,"Glucose-6-Phosphate dehydrogenase [Enzymatic activity/volume] in Red Blood Cells","Measurement",0,0,2208,NA,NA,NA,NA,"SUPPRESSED_MINCELL",NA,5
3039426,"Oxygen saturation Calculated from oxygen partial pressure in Arterial blood","Measurement",0,0,2208,NA,NA,NA,NA,"SUPPRESSED_MINCELL",NA,5
3040659,"Glucose [Moles/volume] in Serum or Plasma --1 hour post meal","Measurement",0,0,2208,NA,NA,NA,NA,"SUPPRESSED_MINCELL",NA,5
3041522,"Reticulocytes.high light scatter/Reticulocytes.total in Blood","Measurement",0,0,2208,NA,NA,NA,NA,"SUPPRESSED_MINCELL",NA,5
3045716,"Anion gap in Serum or Plasma","Measurement",0,0,2208,NA,NA,NA,NA,"SUPPRESSED_MINCELL",NA,5
3046279,"Procalcitonin [Mass/volume] in Serum or Plasma","Measurement",0,0,2208,NA,NA,NA,NA,"SUPPRESSED_MINCELL",NA,5
3050146,"Prolactin [Mass/volume] in Serum or Plasma by 3rd IS","Measurement",0,0,2208,NA,NA,NA,NA,"SUPPRESSED_MINCELL",NA,5
3052007,"Protein Fractions [Interpretation] in Body fluid","Measurement",0,0,2208,NA,NA,NA,NA,"SUPPRESSED_MINCELL",NA,5
40760213,"Phenol [Mass/volume] adjusted to specific gravity 1.024 in Urine","Measurement",0,0,2208,NA,NA,NA,NA,"SUPPRESSED_MINCELL",NA,5
40762352,"Hemoglobin A1c/Hemoglobin.total in Blood by IFCC protocol","Measurement",0,0,2208,NA,NA,NA,NA,"SUPPRESSED_MINCELL",NA,5
40765011,"Immature reticulocytes/Reticulocytes.total in Blood from Fetus by Automated count","Measurement",0,0,2208,NA,NA,NA,NA,"SUPPRESSED_MINCELL",NA,5
40768039,"Oxygen [Partial pressure] saturation adjusted to 0.5 in Blood","Measurement",0,0,2208,NA,NA,NA,NA,"SUPPRESSED_MINCELL",NA,5
40770975,"Lactate dehydrogenase [Enzymatic activity/volume] in Peritoneal fluid by Lactate to pyruvate reaction","Measurement",0,0,2208,NA,NA,NA,NA,"SUPPRESSED_MINCELL",NA,5
42529546,"Reticulocytes.low light scatter/Reticulocytes.total in Blood by Automated count","Measurement",0,0,2208,NA,NA,NA,NA,"SUPPRESSED_MINCELL",NA,5
42868533,"Mononuclear cells [#/volume] in Peritoneal fluid by Automated count","Measurement",0,0,2208,NA,NA,NA,NA,"SUPPRESSED_MINCELL",NA,5
42869548,"Treponema pallidum Ab [Titer] in Serum or Plasma by Agglutination","Measurement",0,0,2208,NA,NA,NA,NA,"SUPPRESSED_MINCELL",NA,5
43055410,"Prostate Specific Ag Free/Prostate specific Ag.total [Pure mass fraction] in Serum or Plasma","Measurement",0,0,2208,NA,NA,NA,NA,"SUPPRESSED_MINCELL",NA,5
43055483,"Glucose in serum - glucose in peritoneal fluid [Molar concentration difference]","Measurement",0,0,2208,NA,NA,NA,NA,"SUPPRESSED_MINCELL",NA,5
43533605,"Anion gap 4 in Capillary blood","Measurement",0,0,2208,NA,NA,NA,NA,"SUPPRESSED_MINCELL",NA,5
43534062,"3-epi-25-Hydroxyvitamin D3/25-hydroxyvitamin D.total in Serum or Plasma","Measurement",0,0,2208,NA,NA,NA,NA,"SUPPRESSED_MINCELL",NA,5
3018171,"Choriogonadotropin [Units/volume] in Serum or Plasma","Measurement",0,0,2208,1,NA,NA,1,"ZERO_EVENTS",1,5
3029187,"Natriuretic peptide.B prohormone N-Terminal [Mass/volume] in Serum or Plasma","Measurement",0,0,2208,1,NA,NA,1,"ZERO_EVENTS",1,5
3029213,"Adenosine deaminase [Enzymatic activity/volume] in Pericardial fluid","Measurement",0,0,2208,1,NA,NA,1,"ZERO_EVENTS",1,5
3018163,"Specimen specific gravity acceptable [Presence] in Urine","Measurement",0,0,2208,1,NA,NA,1,"ZERO_EVENTS",1,5
3017572,"Hemoglobin A2 [Presence] in Blood","Measurement",0,0,2208,1,NA,NA,1,"ZERO_EVENTS",1,5
3017315,"Amylase [Enzymatic activity/volume] in Urine","Measurement",0,0,2208,1,NA,NA,1,"ZERO_EVENTS",1,5
3016906,"Vancomycin [Mass/volume] in Body fluid","Measurement",0,0,2208,1,NA,NA,1,"ZERO_EVENTS",1,5
3000060,"B lymphocytes [#/volume] in Blood","Measurement",0,0,2208,1,NA,NA,1,"ZERO_EVENTS",1,5
3030306,"Epithelial cells.non-squamous [#/volume] in Urine by Automated count","Measurement",0,0,2208,1,NA,NA,1,"ZERO_EVENTS",1,5
3016771,"Amylase [Enzymatic activity/volume] in Serum or Plasma","Measurement",0,0,2208,NA,NA,NA,NA,"SUPPRESSED_MINCELL",NA,5
42868453,"Bicarbonate [Moles/volume] standard in Plasma","Measurement",0,0,2208,1,NA,NA,1,"ZERO_EVENTS",1,5
1617538,"24 hour predicted protein [Mass/time] based on random Urine by calculation","Measurement",0,0,2208,NA,NA,NA,NA,"SUPPRESSED_MINCELL",NA,5
3016724,"Homocysteine [Moles/volume] in Serum or Plasma","Measurement",0,0,2208,1,NA,NA,1,"ZERO_EVENTS",1,5
3016228,"CD19 cells/100 cells in Blood","Measurement",0,0,2208,1,NA,NA,1,"ZERO_EVENTS",1,5
3016083,"Glucose [Mass/volume] in 24 hour Peritoneal dialysis fluid","Measurement",0,0,2208,NA,NA,NA,NA,"SUPPRESSED_MINCELL",NA,5
3031987,"Alpha-1-Fetoprotein L3/Alpha-1-fetoprotein.total in Serum or Plasma","Measurement",0,0,2208,1,NA,NA,1,"ZERO_EVENTS",1,5
3015774,"Calcium.ionized [Moles/volume] in Serum or Plasma by calculation","Measurement",0,0,2208,1,NA,NA,1,"ZERO_EVENTS",1,5
3032488,"Lactate dehydrogenase in pleural fluid/Lactate dehydrogenase in serum","Measurement",0,0,2208,1,NA,NA,1,"ZERO_EVENTS",1,5
3014323,"Glucose [Interpretation] in Serum or Plasma--1 hour post dose glucose","Measurement",0,0,2208,1,NA,NA,1,"ZERO_EVENTS",1,5
3032893,"Mononuclear cells [#/volume] in Pleural fluid","Measurement",0,0,2208,1,NA,NA,1,"ZERO_EVENTS",1,5
3033252,"Adenosine deaminase [Enzymatic activity/volume] in Peritoneal fluid","Measurement",0,0,2208,NA,NA,NA,NA,"SUPPRESSED_MINCELL",NA,5
3033888,"Pepsinogen I [Mass/volume] in Serum or Plasma","Measurement",0,0,2208,1,NA,NA,1,"ZERO_EVENTS",1,5
3013201,"Beta-2-Microglobulin [Mass/volume] in Serum or Plasma","Measurement",0,0,2208,1,NA,NA,1,"ZERO_EVENTS",1,5
3034485,"Albumin/Creatinine [Mass Ratio] in Urine","Measurement",0,0,2208,1,NA,NA,1,"ZERO_EVENTS",1,5
3002032,"Base excess in Venous blood by calculation","Measurement",0,0,2208,1,NA,NA,1,"ZERO_EVENTS",1,5
3034780,"Angiotensin converting enzyme [Enzymatic activity/volume] in Serum or Plasma","Measurement",0,0,2208,1,NA,NA,1,"ZERO_EVENTS",1,5
3035529,"Creatinine renal clearance predicted by Cockcroft-Gault formula","Measurement",0,0,2208,1,NA,NA,1,"ZERO_EVENTS",1,5
3012516,"Albumin [Mass/volume] in Urine","Measurement",0,0,2208,NA,NA,NA,NA,"SUPPRESSED_MINCELL",NA,5
3036078,"Lutropin [Moles/volume] in Serum or Plasma","Measurement",0,0,2208,1,NA,NA,1,"ZERO_EVENTS",1,5
3036428,"Adenosine deaminase [Enzymatic activity/volume] in Pleural fluid","Measurement",0,0,2208,1,NA,NA,1,"ZERO_EVENTS",1,5
3036677,"Immunoglobulin light chains [Mass/volume] in Urine","Measurement",0,0,2208,NA,NA,NA,NA,"SUPPRESSED_MINCELL",NA,5
3011904,"Phosphate [Mass/volume] in Serum or Plasma","Measurement",0,0,2208,1,NA,NA,1,"ZERO_EVENTS",1,5
1616684,"HBc+HBe+p22cr Ag [Units/volume] in Serum or Plasma by Immunoassay","Measurement",0,0,2208,1,NA,NA,1,"ZERO_EVENTS",1,5
3037202,"Fibrin+Fibrinogen fragments [Mass/volume] in Serum","Measurement",0,0,2208,1,NA,NA,1,"ZERO_EVENTS",1,5
3011705,"Protein [Mass/volume] in 24 hour Urine","Measurement",0,0,2208,NA,NA,NA,NA,"SUPPRESSED_MINCELL",NA,5
3001643,"Hemoglobin and Hematocrit panel - Blood","Measurement",0,0,2208,1,NA,NA,1,"ZERO_EVENTS",1,5
3011648,"Oxygen content in Venous blood","Measurement",0,0,2208,NA,NA,NA,NA,"SUPPRESSED_MINCELL",NA,5
3038315,"Erythrocytes.dysmorphic/100 erythrocytes in Urine sediment by Light microscopy","Measurement",0,0,2208,1,NA,NA,1,"ZERO_EVENTS",1,5
3038334,"Lactate dehydrogenase in peritoneal fluid/Lactate dehydrogenase in serum","Measurement",0,0,2208,NA,NA,NA,NA,"SUPPRESSED_MINCELL",NA,5
3038371,"Herpes simplex virus IgG Ab [Presence] in Serum by Immunoassay","Measurement",0,0,2208,1,NA,NA,1,"ZERO_EVENTS",1,5
3011516,"Hepatitis B virus e Ag [Units/volume] in Serum by Immunoassay","Measurement",0,0,2208,1,NA,NA,1,"ZERO_EVENTS",1,5
3011412,"CD3 cells [#/volume] in Blood","Measurement",0,0,2208,1,NA,NA,1,"ZERO_EVENTS",1,5
46236367,"Glucose [Moles/volume] in Serum, Plasma or Blood --2 hours post meal","Measurement",0,0,2208,1,NA,NA,1,"ZERO_EVENTS",1,5
3039720,"Glucose mean value [Moles/volume] in Blood Estimated from glycated hemoglobin","Measurement",0,0,2208,1,NA,NA,1,"ZERO_EVENTS",1,5
3011337,"Aldosterone [Mass/volume] in Serum or Plasma","Measurement",0,0,2208,1,NA,NA,1,"ZERO_EVENTS",1,5
3040139,"Yeast.hyphae [#/volume] in Urine by Computer assisted method","Measurement",0,0,2208,NA,NA,NA,NA,"SUPPRESSED_MINCELL",NA,5
3040208,"Hepatitis E virus IgM Ab [Units/volume] in Serum","Measurement",0,0,2208,1,NA,NA,1,"ZERO_EVENTS",1,5
1259742,"Aldosterone/Renin [Ratio] in Serum or Plasma","Measurement",0,0,2208,1,NA,NA,1,"ZERO_EVENTS",1,5
1175715,"Chlamydophila pneumoniae IgM Ab [Presence] in Serum by Immunoassay","Measurement",0,0,2208,1,NA,NA,1,"ZERO_EVENTS",1,5
3042968,"Herpes simplex virus 1 and 2 IgM Ab [Interpretation] in Serum","Measurement",0,0,2208,1,NA,NA,1,"ZERO_EVENTS",1,5
3043387,"Monocytes/100 leukocytes in Pleural fluid","Measurement",0,0,2208,1,NA,NA,1,"ZERO_EVENTS",1,5
3010963,"Hepatitis B virus e Ab [Units/volume] in Serum by Radioimmunoassay (RIA)","Measurement",0,0,2208,NA,NA,NA,NA,"SUPPRESSED_MINCELL",NA,5
3009759,"Haptoglobin [Mass/volume] in Serum or Plasma by Electrophoresis","Measurement",0,0,2208,1,NA,NA,1,"ZERO_EVENTS",1,5
3044169,"IgA Ab [Presence] in Serum or Plasma","Measurement",0,0,2208,1,NA,NA,1,"ZERO_EVENTS",1,5
1175686,"Chlamydophila pneumoniae IgG Ab [Presence] in Serum by Immunoassay","Measurement",0,0,2208,NA,NA,NA,NA,"SUPPRESSED_MINCELL",NA,5
3009609,"Carbon dioxide, total [Moles/volume] in Arterial blood","Measurement",0,0,2208,1,NA,NA,1,"ZERO_EVENTS",1,5
3009577,"Iron binding capacity [Moles/volume] in Serum or Plasma","Measurement",0,0,2208,NA,NA,NA,NA,"SUPPRESSED_MINCELL",NA,5
3001405,"CD3+CD8+ (T8 suppressor) cells [#/volume] in Blood","Measurement",0,0,2208,1,NA,NA,1,"ZERO_EVENTS",1,5
3046743,"Choriogonadotropin [Presence] in Control Serum","Measurement",0,0,2208,1,NA,NA,1,"ZERO_EVENTS",1,5
3048516,"Microalbumin/Protein.total in 24 hour Urine","Measurement",0,0,2208,1,NA,NA,1,"ZERO_EVENTS",1,5
3049408,"Hepatitis B virus surface Ag [Presence] in Serum from Donor by Immunoassay","Measurement",0,0,2208,1,NA,NA,1,"ZERO_EVENTS",1,5
44787068,"Myelocytes.neutrophilic/100 leukocytes in Blood by Manual count","Measurement",0,0,2208,1,NA,NA,1,"ZERO_EVENTS",1,5
3051714,"Fibrin D-dimer FEU [Mass/volume] in Platelet poor plasma","Measurement",0,0,2208,NA,NA,NA,NA,"SUPPRESSED_MINCELL",NA,5
44787071,"Metamyelocytes.neutrophilic/100 leukocytes in Blood by Manual count","Measurement",0,0,2208,1,NA,NA,1,"ZERO_EVENTS",1,5
3009105,"Erythrocytes [#/volume] in Urine by Test strip","Measurement",0,0,2208,NA,NA,NA,NA,"SUPPRESSED_MINCELL",NA,5
3008893,"Testosterone [Mass/volume] in Serum or Plasma","Measurement",0,0,2208,1,NA,NA,1,"ZERO_EVENTS",1,5
3008877,"Alpha-1-acid glycoprotein [Mass/volume] in Serum or Plasma","Measurement",0,0,2208,1,NA,NA,1,"ZERO_EVENTS",1,5
3007210,"Streptococcus pyogenes enzyme Ab [Presence] in Serum by Sheep Cell Agglutination","Measurement",0,0,2208,1,NA,NA,1,"ZERO_EVENTS",1,5
3006588,"Cancer Ag 15-3 [Units/volume] in Serum or Plasma","Measurement",0,0,2208,1,NA,NA,1,"ZERO_EVENTS",1,5
3006576,"Bicarbonate [Moles/volume] in Blood","Measurement",0,0,2208,NA,NA,NA,NA,"SUPPRESSED_MINCELL",NA,5
3006453,"Hepatitis B virus surface Ab [Presence] in Serum by Immunoassay","Measurement",0,0,2208,1,NA,NA,1,"ZERO_EVENTS",1,5
3006308,"Cancer Ag 50 [Presence] in Serum or Plasma","Measurement",0,0,2208,1,NA,NA,1,"ZERO_EVENTS",1,5
3006297,"Platelets [#/volume] in Plasma","Measurement",0,0,2208,1,NA,NA,1,"ZERO_EVENTS",1,5
3005895,"Myoglobin [Mass/volume] in Serum or Plasma","Measurement",0,0,2208,1,NA,NA,1,"ZERO_EVENTS",1,5
4263457,"Aspartate aminotransferase measurement","Measurement",0,0,2208,1,NA,NA,1,"ZERO_EVENTS",1,5
3005411,"Squamous cell carcinoma Ag [Mass/volume] in Serum or Plasma","Measurement",0,0,2208,1,NA,NA,1,"ZERO_EVENTS",1,5
3005044,"Rubella virus IgG Ab [Interpretation] in Serum","Measurement",0,0,2208,NA,NA,NA,NA,"SUPPRESSED_MINCELL",NA,5
3004905,"Lipase [Enzymatic activity/volume] in Serum or Plasma","Measurement",0,0,2208,1,NA,NA,1,"ZERO_EVENTS",1,5
21491346,"Pathologic casts [#/volume] in Urine by Automated count","Measurement",0,0,2208,1,NA,NA,1,"ZERO_EVENTS",1,5
21491865,"Prolactin.dimeric/Prolactin in Serum or Plasma","Measurement",0,0,2208,1,NA,NA,1,"ZERO_EVENTS",1,5
21493866,"Erythrocytes [#/volume] in Peritoneal dialysis fluid by Automated count","Measurement",0,0,2208,1,NA,NA,1,"ZERO_EVENTS",1,5
36031203,"Mononuclear cells [#] in Blood product unit","Measurement",0,0,2208,1,NA,NA,1,"ZERO_EVENTS",1,5
36032009,"pH of Prostatic fluid","Measurement",0,0,2208,1,NA,NA,1,"ZERO_EVENTS",1,5
36203209,"Erythrocytes.EMA mean fluorescence intensity actual/normal in Blood by Flow cytometry (FC)","Measurement",0,0,2208,1,NA,NA,1,"ZERO_EVENTS",1,5
3004789,"Transferrin [Mass/volume] in Serum or Plasma","Measurement",0,0,2208,1,NA,NA,1,"ZERO_EVENTS",1,5
36305091,"Oxyhemoglobin [Mass/volume] in Plasma","Measurement",0,0,2208,1,NA,NA,1,"ZERO_EVENTS",1,5
3004327,"Lymphocytes [#/volume] in Blood by Automated count","Measurement",0,0,2208,1,NA,NA,1,"ZERO_EVENTS",1,5
3003745,"Microscopic observation [Identifier] in Urine by Gram stain","Measurement",0,0,2208,1,NA,NA,1,"ZERO_EVENTS",1,5
40758521,"Insulin [Moles/volume] in Serum or Plasma --1 minute post XXX challenge","Measurement",0,0,2208,1,NA,NA,1,"ZERO_EVENTS",1,5
3003260,"Angiotensin II [Mass/volume] in Plasma","Measurement",0,0,2208,1,NA,NA,1,"ZERO_EVENTS",1,5
40759718,"Epstein Barr virus early IgM Ab [Units/volume] in Serum by Immunoassay","Measurement",0,0,2208,NA,NA,NA,NA,"SUPPRESSED_MINCELL",NA,5
40760007,"HIV 1+2 Ab+HIV1 p24 Ag [Presence] in Serum or Plasma by Immunoassay","Measurement",0,0,2208,1,NA,NA,1,"ZERO_EVENTS",1,5
3001186,"Copper [Moles/volume] in Serum or Plasma","Measurement",0,0,2208,1,NA,NA,1,"ZERO_EVENTS",1,5
40760528,"Thyrotropin receptor Ab [Units/volume] in Serum by Immunoassay","Measurement",0,0,2208,1,NA,NA,1,"ZERO_EVENTS",1,5
40760909,"Oxygen content in Blood by calculation","Measurement",0,0,2208,1,NA,NA,1,"ZERO_EVENTS",1,5
3000659,"Cytokeratin 19 [Mass/volume] in Serum or Plasma","Measurement",0,0,2208,1,NA,NA,1,"ZERO_EVENTS",1,5
40763081,"Lactate dehydrogenase [Enzymatic activity/volume] in Pleural fluid by Pyruvate to lactate reaction","Measurement",0,0,2208,1,NA,NA,1,"ZERO_EVENTS",1,5
46234928,"Hepatitis B virus e Ab [Presence] in Serum, Plasma or Blood by Rapid immunoassay","Measurement",0,0,2208,1,NA,NA,1,"ZERO_EVENTS",1,5
3003185,"Cytomegalovirus IgG Ab [Units/volume] in Serum or Plasma by Immunofluorescence","Measurement",0,0,2208,1,NA,NA,1,"ZERO_EVENTS",1,5
40768035,"Tr sup(a) Ab [Presence] in Serum or Plasma","Measurement",0,0,2208,1,NA,NA,1,"ZERO_EVENTS",1,5
3000067,"Parathyrin.intact [Mass/volume] in Serum or Plasma","Measurement",0,0,2208,1,NA,NA,1,"ZERO_EVENTS",1,5
40769783,"Troponin T.cardiac [Mass/volume] in Serum or Plasma by High sensitivity method","Measurement",0,0,2208,NA,NA,NA,NA,"SUPPRESSED_MINCELL",NA,5
46234930,"Hepatitis B virus surface Ab [Presence] in Serum, Plasma or Blood by Rapid immunoassay","Measurement",0,0,2208,NA,NA,NA,NA,"SUPPRESSED_MINCELL",NA,5
42529190,"Alpha-1-Fetoprotein [Mass/volume] in Serum or Plasma by Immunoassay","Measurement",0,0,2208,1,NA,NA,1,"ZERO_EVENTS",1,5
42529194,"Beta-2-Microglobulin [Mass/volume] in Urine by Immunoassay","Measurement",0,0,2208,NA,NA,NA,NA,"SUPPRESSED_MINCELL",NA,5
3002971,"Nuclear Ab [Titer] in Serum by Immunofluorescence","Measurement",0,0,2208,NA,NA,NA,NA,"SUPPRESSED_MINCELL",NA,5
42529205,"Cortisol [Mass/volume] in Serum or Plasma by Immunoassay","Measurement",0,0,2208,1,NA,NA,1,"ZERO_EVENTS",1,5
3002736,"Platelet distribution width [Entitic volume] in Blood by Automated count","Measurement",0,0,2208,1,NA,NA,1,"ZERO_EVENTS",1,5
42529231,"Thyroxine (T4) [Moles/volume] in Serum or Plasma by Immunoassay","Measurement",0,0,2208,1,NA,NA,1,"ZERO_EVENTS",1,5
3023608,"Herpes simplex virus 2 IgM Ab [Titer] in Serum","Measurement",0,0,2208,1,NA,NA,1,"ZERO_EVENTS",1,5
3023314,"Hematocrit [Volume Fraction] of Blood by Automated count","Measurement",0,0,2208,1,NA,NA,1,"ZERO_EVENTS",1,5
3022976,"Prolactin [Units/volume] in Serum or Plasma by 3rd IS","Measurement",0,0,2208,1,NA,NA,1,"ZERO_EVENTS",1,5
3024731,"MCV [Entitic volume]","Measurement",0,0,2208,1,NA,NA,1,"ZERO_EVENTS",1,5
3025271,"CD3-CD16+CD56+ (Natural killer) cells [#/volume] in Blood","Measurement",0,0,2208,1,NA,NA,1,"ZERO_EVENTS",1,5
3025285,"Estradiol (E2) [Mass/volume] in Serum or Plasma","Measurement",0,0,2208,1,NA,NA,1,"ZERO_EVENTS",1,5
3025678,"Hemoglobin H [Presence] in Blood by Heat denaturation","Measurement",0,0,2208,1,NA,NA,1,"ZERO_EVENTS",1,5
3022533,"CD3 cells/100 cells in Blood","Measurement",0,0,2208,1,NA,NA,1,"ZERO_EVENTS",1,5
3025887,"Neutrophils.hypersegmented/100 leukocytes in Blood by Manual count","Measurement",0,0,2208,1,NA,NA,1,"ZERO_EVENTS",1,5
3022466,"Insulin [Mass/volume] in Serum or Plasma","Measurement",0,0,2208,1,NA,NA,1,"ZERO_EVENTS",1,5
3026692,"Albumin [Mass/volume] in Peritoneal fluid","Measurement",0,0,2208,1,NA,NA,1,"ZERO_EVENTS",1,5
3021797,"Glucose-6-Phosphate dehydrogenase [Enzymatic activity/volume] in Serum","Measurement",0,0,2208,NA,NA,NA,NA,"SUPPRESSED_MINCELL",NA,5
3021329,"Hemoglobin F [Presence] in Specimen","Measurement",0,0,2208,1,NA,NA,1,"ZERO_EVENTS",1,5
3021200,"Thyroglobulin Ab [Units/volume] in Serum by Radioimmunoassay (RIA)","Measurement",0,0,2208,1,NA,NA,1,"ZERO_EVENTS",1,5
42529254,"Triiodothyronine (T3) [Moles/volume] in Serum or Plasma by Immunoassay","Measurement",0,0,2208,1,NA,NA,1,"ZERO_EVENTS",1,5
3027206,"Corticotropin [Mass/volume] in Plasma by Radioimmunoassay (RIA)","Measurement",0,0,2208,1,NA,NA,1,"ZERO_EVENTS",1,5
3027215,"Base excess standard in Venous blood by calculation","Measurement",0,0,2208,1,NA,NA,1,"ZERO_EVENTS",1,5
3021082,"Mycoplasma pneumoniae IgM Ab [Presence] in Serum","Measurement",0,0,2208,1,NA,NA,1,"ZERO_EVENTS",1,5
3027801,"Oxygen [Partial pressure] in Arterial blood","Measurement",0,0,2208,1,NA,NA,1,"ZERO_EVENTS",1,5
3019930,"Urea nitrogen [Mass/volume] in Body fluid","Measurement",0,0,2208,1,NA,NA,1,"ZERO_EVENTS",1,5
3019897,"Erythrocyte distribution width [Ratio] by Automated count","Measurement",0,0,2208,1,NA,NA,1,"ZERO_EVENTS",1,5
3028167,"CD3+CD4+ (T4 helper) cells [#/volume] in Blood","Measurement",0,0,2208,1,NA,NA,1,"ZERO_EVENTS",1,5
3019446,"Platelet mean diameter [Entitic length] in Blood","Measurement",0,0,2208,1,NA,NA,1,"ZERO_EVENTS",1,5
3019231,"Epstein Barr virus capsid IgG Ab [Presence] in Serum by Immunoassay","Measurement",0,0,2208,1,NA,NA,1,"ZERO_EVENTS",1,5
3018387,"Mycoplasma pneumoniae IgG Ab [Units/volume] in Serum","Measurement",0,0,2208,1,NA,NA,1,"ZERO_EVENTS",1,5
3028531,"Enolase.neuron specific [Mass/volume] in Serum or Plasma","Measurement",0,0,2208,1,NA,NA,1,"ZERO_EVENTS",1,5
