concept_id,concept_name,domain,occurrence_count,patient_count,avg_days_to_onset
37116804,Improved dentition,Condition,541,260,0.1
4225273,Chronic gastritis,Condition,118,117,0.1
194574,Chronic type B viral hepatitis,Condition,97,97,0.1
4291649,Upper gastrointestinal bleeding,Condition,99,93,0.0
443530,Hematochezia,Condition,70,69,0.0
196951,Chronic congestive splenomegaly,Condition,66,66,0.0
26727,Hematemesis,Condition,57,54,0.1
439777,Anemia,Condition,55,52,0.0
24966,Esophageal varices,Condition,73,50,0.1
28779,Bleeding esophageal varices,Condition,59,45,0.0
4064161,Cirrhosis of liver,Condition,46,42,0.0
42536651,Primary peritonitis,Condition,41,41,0.0
4094864,Primary carcinoma of liver,Condition,42,38,0.2
45766052,Type II diabetes mellitus in remission,Condition,38,38,0.0
4228222,Hypoproteinemia,Condition,37,37,0.0
3013721,Aspartate aminotransferase [Enzymatic activity/volume] in Serum or Plasma,Measurement,5428,1247,2.3
3024128,Bilirubin.total [Mass/volume] in Serum or Plasma,Measurement,5262,1241,2.4
3007242,Bilirubin.indirect [Moles/volume] in Serum or Plasma,Measurement,5259,1241,2.4
3028638,Bilirubin.direct [Moles/volume] in Serum or Plasma,Measurement,5259,1241,2.4
3043688,Hemoglobin [Mass/volume] in Body fluid,Measurement,7649,1240,2.3
3020416,Erythrocytes [#/volume] in Blood by Automated count,Measurement,7441,1240,2.3
3009744,MCHC [Mass/volume] by Automated count,Measurement,7438,1240,2.3
3039417,Platelet distribution width [Ratio] in Blood,Measurement,7438,1240,2.3
3002888,Erythrocyte distribution width [Entitic volume],Measurement,7438,1240,2.3
3024386,Platelet mean volume [Entitic volume] in Blood by Rees-Ecker,Measurement,7438,1240,2.3
3039312,Plateletcrit [Volume Fraction] in Blood,Measurement,7438,1240,2.3
3026710,Lymphocytes [#/volume] in Blood by Flow cytometry (FC),Measurement,7436,1240,2.3
3009932,Eosinophils [#/volume] in Blood by Manual count,Measurement,7436,1240,2.3
3022096,Basophils/100 leukocytes in Blood,Measurement,7436,1240,2.3
3017732,Neutrophils [#/volume] in Blood,Measurement,7436,1240,2.3
3027651,Basophils [#/volume] in Blood by Manual count,Measurement,7436,1240,2.3
3964927,Monocytes/100 leukocytes in Blood by Flow cytometry (FC),Measurement,7436,1240,2.3
3016682,Platelets [#/volume] in Plasma by Automated count,Measurement,7436,1240,2.3
3010457,Eosinophils/100 leukocytes in Blood by Automated count,Measurement,7436,1240,2.3
3001604,Monocytes [#/volume] in Blood,Measurement,7436,1240,2.3
3037511,Lymphocytes/100 leukocytes in Blood by Automated count,Measurement,7434,1240,2.3
46235078,Potassium [Moles/volume] in Serum  Plasma or Blood,Measurement,6284,1229,2.4
46235784,Sodium [Moles/volume] in Serum  Plasma or Blood,Measurement,6284,1229,2.4
3014576,Chloride [Moles/volume] in Serum or Plasma,Measurement,6282,1229,2.4
3010568,Globulin [Mass/volume] in Plasma,Measurement,4965,1211,2.3
3035995,Alkaline phosphatase [Enzymatic activity/volume] in Serum or Plasma,Measurement,4961,1211,2.3
3020509,Albumin/Globulin [Mass Ratio] in Serum or Plasma,Measurement,4961,1211,2.3
40766836,Hemoglobins that can be presumptively identified based on available controls in DBS,Measurement,6992,1204,2.3
3034426,Prothrombin time (PT),Measurement,4657,1154,2.1
3032080,INR in Blood by Coagulation assay,Measurement,4657,1154,2.1
3028110,Bile acid [Moles/volume] in Serum or Plasma,Measurement,4587,1148,2.2
3003805,Alpha fucosidase [Enzymatic activity/volume] in Serum or Plasma,Measurement,4536,1145,2.2
3010866,Cholinesterase [Enzymatic activity/volume] in Serum or Plasma,Measurement,4536,1145,2.2
3052649,Adenosine deaminase [Enzymatic activity/volume] in Serum or Plasma,Measurement,4536,1145,2.2
3002590,Prealbumin [Mass/volume] in Serum or Plasma by Electrophoresis,Measurement,4533,1145,2.2
