concept_id,concept_name,domain,occurrence_count,patient_count,avg_days_to_onset
194574,Chronic type B viral hepatitis,Condition,179,178,0.1
37116804,Improved dentition,Condition,305,173,0.2
45771255,Compensated liver disease,Condition,75,75,0.0
4064161,Cirrhosis of liver,Condition,76,71,0.3
196951,Chronic congestive splenomegaly,Condition,71,71,0.1
4225273,Chronic gastritis,Condition,60,60,0.0
4094864,Primary carcinoma of liver,Condition,59,56,0.4
24966,Esophageal varices,Condition,74,48,0.0
443392,Malignant neoplastic disease,Condition,47,47,0.0
43530637,Postprocedural fever,Condition,41,41,0.4
196456,Gallstone,Condition,41,41,0.4
4246127,Malignant neoplasm of liver,Condition,40,35,0.7
4296301,Hepatic congestion,Condition,36,30,1.2
45766052,Type II diabetes mellitus in remission,Condition,29,29,0.0
36716270,Cyst of kidney,Condition,29,28,0.0
3013721,Aspartate aminotransferase [Enzymatic activity/volume] in Serum or Plasma,Measurement,3325,883,3.7
3024128,Bilirubin.total [Mass/volume] in Serum or Plasma,Measurement,3277,876,3.7
3028638,Bilirubin.direct [Moles/volume] in Serum or Plasma,Measurement,3277,876,3.7
3007242,Bilirubin.indirect [Moles/volume] in Serum or Plasma,Measurement,3277,876,3.7
3043688,Hemoglobin [Mass/volume] in Body fluid,Measurement,3438,873,3.8
3020416,Erythrocytes [#/volume] in Blood by Automated count,Measurement,3408,873,3.8
3026710,Lymphocytes [#/volume] in Blood by Flow cytometry (FC),Measurement,3400,873,3.8
3009744,MCHC [Mass/volume] by Automated count,Measurement,3400,873,3.8
3009932,Eosinophils [#/volume] in Blood by Manual count,Measurement,3400,873,3.8
3022096,Basophils/100 leukocytes in Blood,Measurement,3400,873,3.8
3027651,Basophils [#/volume] in Blood by Manual count,Measurement,3400,873,3.8
3039312,Plateletcrit [Volume Fraction] in Blood,Measurement,3400,873,3.8
3016682,Platelets [#/volume] in Plasma by Automated count,Measurement,3400,873,3.8
3010457,Eosinophils/100 leukocytes in Blood by Automated count,Measurement,3400,873,3.8
3002888,Erythrocyte distribution width [Entitic volume],Measurement,3400,873,3.8
3017732,Neutrophils [#/volume] in Blood,Measurement,3400,873,3.8
3024386,Platelet mean volume [Entitic volume] in Blood by Rees-Ecker,Measurement,3400,873,3.8
3964927,Monocytes/100 leukocytes in Blood by Flow cytometry (FC),Measurement,3400,873,3.8
3039417,Platelet distribution width [Ratio] in Blood,Measurement,3400,873,3.8
3037511,Lymphocytes/100 leukocytes in Blood by Automated count,Measurement,3400,873,3.8
3001604,Monocytes [#/volume] in Blood,Measurement,3400,873,3.8
3014576,Chloride [Moles/volume] in Serum or Plasma,Measurement,3248,864,3.6
46235078,Potassium [Moles/volume] in Serum  Plasma or Blood,Measurement,3248,864,3.6
46235784,Sodium [Moles/volume] in Serum  Plasma or Blood,Measurement,3248,864,3.6
3035995,Alkaline phosphatase [Enzymatic activity/volume] in Serum or Plasma,Measurement,3214,863,3.7
3010568,Globulin [Mass/volume] in Plasma,Measurement,3214,863,3.7
3020509,Albumin/Globulin [Mass Ratio] in Serum or Plasma,Measurement,3214,863,3.7
3028110,Bile acid [Moles/volume] in Serum or Plasma,Measurement,3153,860,3.7
3003805,Alpha fucosidase [Enzymatic activity/volume] in Serum or Plasma,Measurement,3146,859,3.7
3010866,Cholinesterase [Enzymatic activity/volume] in Serum or Plasma,Measurement,3146,859,3.7
3052649,Adenosine deaminase [Enzymatic activity/volume] in Serum or Plasma,Measurement,3146,859,3.7
3002590,Prealbumin [Mass/volume] in Serum or Plasma by Electrophoresis,Measurement,3146,859,3.7
3032080,INR in Blood by Coagulation assay,Measurement,2845,848,3.2
3034426,Prothrombin time (PT),Measurement,2845,848,3.2
3016723,Creatinine [Mass/volume] in Serum or Plasma,Measurement,2763,845,3.1
