"outcome_concept_id","irr","ci95l","ci95u","p","p_adj"
3039312,NA,NA,NA,NA,NA
3964927,NA,NA,NA,NA,NA
3001604,NA,NA,NA,NA,NA
46235078,NA,NA,NA,NA,NA
3016682,NA,NA,NA,NA,NA
3013721,NA,NA,NA,NA,NA
3010866,NA,NA,NA,NA,NA
3022096,NA,NA,NA,NA,NA
3017732,NA,NA,NA,NA,NA
3039417,NA,NA,NA,NA,NA
3024386,NA,NA,NA,NA,NA
3026710,NA,NA,NA,NA,NA
3037511,NA,NA,NA,NA,NA
3018010,NA,NA,NA,NA,NA
3020509,NA,NA,NA,NA,NA
46236948,NA,NA,NA,NA,NA
3002590,NA,NA,NA,NA,NA
3024561,NA,NA,NA,NA,NA
3025839,NA,NA,NA,NA,NA
3006923,NA,NA,NA,NA,NA
3012095,NA,NA,NA,NA,NA
3000905,NA,NA,NA,NA,NA
3010457,NA,NA,NA,NA,NA
43534077,NA,NA,NA,NA,NA
3009932,NA,NA,NA,NA,NA
3001127,NA,NA,NA,NA,NA
3028437,NA,NA,NA,NA,NA
3003805,NA,NA,NA,NA,NA
3043688,NA,NA,NA,NA,NA
3009596,NA,NA,NA,NA,NA
