concept_id,concept_name,domain,occurrence_count,patient_count,avg_days_to_onset
37116804,Improved dentition,Condition,65,26,1.2
4225273,Chronic gastritis,Condition,17,16,1.2
194574,Chronic type B viral hepatitis,Condition,12,12,1.2
4064161,Cirrhosis of liver,Condition,11,11,3.7
201340,Gastritis,Condition,12,10,3.8
4001171,Liver cell carcinoma,Condition,9,8,2.9
201519,Primary malignant neoplasm of liver,Condition,9,8,0.7
36716270,Cyst of kidney,Condition,8,8,0.0
201322,Internal hemorrhoids without complication,Condition,8,8,0.0
4177611,Finding of wound healing,Condition,11,7,2.5
37396401,Decompensated cirrhosis of liver,Condition,7,7,5.0
432867,Hyperlipidemia,Condition,7,6,1.0
4094864,Primary carcinoma of liver,Condition,7,6,2.1
24966,Esophageal varices,Condition,7,6,3.4
196951,Chronic congestive splenomegaly,Condition,6,6,2.2
3013721,Aspartate aminotransferase [Enzymatic activity/volume] in Serum or Plasma,Measurement,1785,403,4.9
3007242,Bilirubin.indirect [Moles/volume] in Serum or Plasma,Measurement,1747,401,4.9
3024128,Bilirubin.total [Mass/volume] in Serum or Plasma,Measurement,1747,401,4.9
3028638,Bilirubin.direct [Moles/volume] in Serum or Plasma,Measurement,1747,401,4.9
3043688,Hemoglobin [Mass/volume] in Body fluid,Measurement,1857,387,5.0
3020416,Erythrocytes [#/volume] in Blood by Automated count,Measurement,1834,385,5.0
3009932,Eosinophils [#/volume] in Blood by Manual count,Measurement,1832,385,4.9
3039312,Plateletcrit [Volume Fraction] in Blood,Measurement,1832,385,4.9
3017732,Neutrophils [#/volume] in Blood,Measurement,1832,385,4.9
3024386,Platelet mean volume [Entitic volume] in Blood by Rees-Ecker,Measurement,1832,385,4.9
3009744,MCHC [Mass/volume] by Automated count,Measurement,1832,385,4.9
3039417,Platelet distribution width [Ratio] in Blood,Measurement,1832,385,4.9
3001604,Monocytes [#/volume] in Blood,Measurement,1832,385,4.9
3002888,Erythrocyte distribution width [Entitic volume],Measurement,1832,385,4.9
3016682,Platelets [#/volume] in Plasma by Automated count,Measurement,1832,385,4.9
3026710,Lymphocytes [#/volume] in Blood by Flow cytometry (FC),Measurement,1832,385,4.9
3022096,Basophils/100 leukocytes in Blood,Measurement,1832,385,4.9
3964927,Monocytes/100 leukocytes in Blood by Flow cytometry (FC),Measurement,1832,385,4.9
3010457,Eosinophils/100 leukocytes in Blood by Automated count,Measurement,1832,385,4.9
3027651,Basophils [#/volume] in Blood by Manual count,Measurement,1832,385,4.9
3037511,Lymphocytes/100 leukocytes in Blood by Automated count,Measurement,1832,385,4.9
3010568,Globulin [Mass/volume] in Plasma,Measurement,1644,381,4.9
3035995,Alkaline phosphatase [Enzymatic activity/volume] in Serum or Plasma,Measurement,1644,381,4.9
3020509,Albumin/Globulin [Mass Ratio] in Serum or Plasma,Measurement,1644,381,4.9
40766836,Hemoglobins that can be presumptively identified based on available controls in DBS,Measurement,1675,360,4.9
3014576,Chloride [Moles/volume] in Serum or Plasma,Measurement,1716,357,5.1
46235784,Sodium [Moles/volume] in Serum  Plasma or Blood,Measurement,1716,357,5.1
46235078,Potassium [Moles/volume] in Serum  Plasma or Blood,Measurement,1716,357,5.1
3028110,Bile acid [Moles/volume] in Serum or Plasma,Measurement,1415,353,4.7
3002590,Prealbumin [Mass/volume] in Serum or Plasma by Electrophoresis,Measurement,1390,351,4.7
3052649,Adenosine deaminase [Enzymatic activity/volume] in Serum or Plasma,Measurement,1390,351,4.7
3003805,Alpha fucosidase [Enzymatic activity/volume] in Serum or Plasma,Measurement,1390,351,4.7
3010866,Cholinesterase [Enzymatic activity/volume] in Serum or Plasma,Measurement,1390,351,4.7
3018010,Neutrophils/100 leukocytes in Blood,Measurement,1510,327,4.9
3016723,Creatinine [Mass/volume] in Serum or Plasma,Measurement,1232,313,4.8
